  正在确定要还原的项目…
D:\fluentapps\repos\ReactorUWP.core\ReactorUWP.core\ReactorUWP.core.csproj : warning NU1603: ReactorUWP.core 依赖于 Microsoft.Web.WebView2 (>= 1.0.2839)，但没有找到 Microsoft.Web.WebView2 1.0.2839。已改为解析 Microsoft.Web.WebView2 1.0.2849.39。
  所有项目均是最新的，无法还原。
D:\fluentapps\repos\ReactorUWP.core\ReactorUWP.core\ReactorUWP.core.csproj : warning NU1603: ReactorUWP.core 依赖于 Microsoft.Web.WebView2 (>= 1.0.2839)，但没有找到 Microsoft.Web.WebView2 1.0.2839。已改为解析 Microsoft.Web.WebView2 1.0.2849.39。
C:\Program Files\dotnet\sdk\10.0.301\Microsoft.Common.CurrentVersion.targets(2453,5): warning MSB3277: 发现无法解析的“WindowsBase”的不同版本之间存在冲突。 [D:\fluentapps\repos\ReactorUWP.core\ReactorUWP.core\ReactorUWP.core.csproj]
C:\Program Files\dotnet\sdk\10.0.301\Microsoft.Common.CurrentVersion.targets(2453,5): warning MSB3277: “WindowsBase, Version=4.0.0.0, Culture=neutral, PublicKeyToken=31bf3856ad364e35”与“WindowsBase, Version=5.0.0.0, Culture=neutral, PublicKeyToken=31bf3856ad364e35”之间存在冲突。 [D:\fluentapps\repos\ReactorUWP.core\ReactorUWP.core\ReactorUWP.core.csproj]
C:\Program Files\dotnet\sdk\10.0.301\Microsoft.Common.CurrentVersion.targets(2453,5): warning MSB3277:     已选择“WindowsBase, Version=4.0.0.0, Culture=neutral, PublicKeyToken=31bf3856ad364e35”，因为它是主版本而“WindowsBase, Version=5.0.0.0, Culture=neutral, PublicKeyToken=31bf3856ad364e35”不是。 [D:\fluentapps\repos\ReactorUWP.core\ReactorUWP.core\ReactorUWP.core.csproj]
C:\Program Files\dotnet\sdk\10.0.301\Microsoft.Common.CurrentVersion.targets(2453,5): warning MSB3277:     依赖于“WindowsBase, Version=4.0.0.0, Culture=neutral, PublicKeyToken=31bf3856ad364e35”[C:\Program Files\dotnet\packs\Microsoft.NETCore.App.Ref\10.0.9\ref\net10.0\WindowsBase.dll]的引用。 [D:\fluentapps\repos\ReactorUWP.core\ReactorUWP.core\ReactorUWP.core.csproj]
C:\Program Files\dotnet\sdk\10.0.301\Microsoft.Common.CurrentVersion.targets(2453,5): warning MSB3277:         C:\Program Files\dotnet\packs\Microsoft.NETCore.App.Ref\10.0.9\ref\net10.0\WindowsBase.dll [D:\fluentapps\repos\ReactorUWP.core\ReactorUWP.core\ReactorUWP.core.csproj]
C:\Program Files\dotnet\sdk\10.0.301\Microsoft.Common.CurrentVersion.targets(2453,5): warning MSB3277:           导致引用“C:\Program Files\dotnet\packs\Microsoft.NETCore.App.Ref\10.0.9\ref\net10.0\WindowsBase.dll”的项目文件项 Include 特性。 [D:\fluentapps\repos\ReactorUWP.core\ReactorUWP.core\ReactorUWP.core.csproj]
C:\Program Files\dotnet\sdk\10.0.301\Microsoft.Common.CurrentVersion.targets(2453,5): warning MSB3277:             C:\Program Files\dotnet\packs\Microsoft.NETCore.App.Ref\10.0.9\ref/net10.0/WindowsBase.dll [D:\fluentapps\repos\ReactorUWP.core\ReactorUWP.core\ReactorUWP.core.csproj]
C:\Program Files\dotnet\sdk\10.0.301\Microsoft.Common.CurrentVersion.targets(2453,5): warning MSB3277:     依赖于或已统一到“WindowsBase, Version=5.0.0.0, Culture=neutral, PublicKeyToken=31bf3856ad364e35”[] 的引用。 [D:\fluentapps\repos\ReactorUWP.core\ReactorUWP.core\ReactorUWP.core.csproj]
C:\Program Files\dotnet\sdk\10.0.301\Microsoft.Common.CurrentVersion.targets(2453,5): warning MSB3277:         C:\Users\gold\.nuget\packages\microsoft.web.webview2\1.0.2849.39\lib_manual\net5.0-windows10.0.17763.0\Microsoft.Web.WebView2.Wpf.dll [D:\fluentapps\repos\ReactorUWP.core\ReactorUWP.core\ReactorUWP.core.csproj]
C:\Program Files\dotnet\sdk\10.0.301\Microsoft.Common.CurrentVersion.targets(2453,5): warning MSB3277:           导致引用“C:\Users\gold\.nuget\packages\microsoft.web.webview2\1.0.2849.39\lib_manual\net5.0-windows10.0.17763.0\Microsoft.Web.WebView2.Wpf.dll”的项目文件项 Include 特性。 [D:\fluentapps\repos\ReactorUWP.core\ReactorUWP.core\ReactorUWP.core.csproj]
C:\Program Files\dotnet\sdk\10.0.301\Microsoft.Common.CurrentVersion.targets(2453,5): warning MSB3277:             C:\Users\gold\.nuget\packages\microsoft.web.webview2\1.0.2849.39\buildTransitive\..\\lib_manual\net5.0-windows10.0.17763.0\Microsoft.Web.WebView2.Wpf.dll [D:\fluentapps\repos\ReactorUWP.core\ReactorUWP.core\ReactorUWP.core.csproj]
D:\fluentapps\repos\ReactorUWP.core\ReactorUWP.core\Core\Element.cs(12,7): warning CS0105: “Windows.UI.Text”的 using 指令以前在此命名空间中出现过 [D:\fluentapps\repos\ReactorUWP.core\ReactorUWP.core\ReactorUWP.core.csproj]
D:\fluentapps\repos\ReactorUWP.core\ReactorUWP.core\Core\V1Protocol\CompositeLifecycle.cs(6,7): warning CS0105: “System.Linq”的 using 指令以前在此命名空间中出现过 [D:\fluentapps\repos\ReactorUWP.core\ReactorUWP.core\ReactorUWP.core.csproj]
D:\fluentapps\repos\ReactorUWP.core\ReactorUWP.core\Core\V1Protocol\Descriptor\Descriptors\BreadcrumbBarDescriptor.cs(7,7): warning CS0105: “System.Linq”的 using 指令以前在此命名空间中出现过 [D:\fluentapps\repos\ReactorUWP.core\ReactorUWP.core\ReactorUWP.core.csproj]
D:\fluentapps\repos\ReactorUWP.core\ReactorUWP.core\Core\V1Protocol\Handlers\OverlayDecoratorHandlers.cs(7,7): warning CS0105: “System.Linq”的 using 指令以前在此命名空间中出现过 [D:\fluentapps\repos\ReactorUWP.core\ReactorUWP.core\ReactorUWP.core.csproj]
D:\fluentapps\repos\ReactorUWP.core\ReactorUWP.core\Docking\Native\DockLayoutMutator.cs(6,7): warning CS0105: “System.Linq”的 using 指令以前在此命名空间中出现过 [D:\fluentapps\repos\ReactorUWP.core\ReactorUWP.core\ReactorUWP.core.csproj]
D:\fluentapps\repos\ReactorUWP.core\ReactorUWP.core\Elements\Dsl.cs(13,7): warning CS0105: “Windows.UI.Text”的 using 指令以前在此命名空间中出现过 [D:\fluentapps\repos\ReactorUWP.core\ReactorUWP.core\ReactorUWP.core.csproj]
D:\fluentapps\repos\ReactorUWP.core\ReactorUWP.core\Elements\ElementExtensions.cs(13,7): warning CS0105: “Windows.UI.Text”的 using 指令以前在此命名空间中出现过 [D:\fluentapps\repos\ReactorUWP.core\ReactorUWP.core\ReactorUWP.core.csproj]
D:\fluentapps\repos\ReactorUWP.core\ReactorUWP.core\Elements\ElementExtensions.cs(924,71): error CS0246: 未能找到类型或命名空间名“PipsPagerWrapMode”(是否缺少 using 指令或程序集引用?) [D:\fluentapps\repos\ReactorUWP.core\ReactorUWP.core\ReactorUWP.core.csproj]
D:\fluentapps\repos\ReactorUWP.core\ReactorUWP.core\Elements\BackdropExtensions.cs(42,64): error CS0246: 未能找到类型或命名空间名“SystemBackdrop”(是否缺少 using 指令或程序集引用?) [D:\fluentapps\repos\ReactorUWP.core\ReactorUWP.core\ReactorUWP.core.csproj]
D:\fluentapps\repos\ReactorUWP.core\ReactorUWP.core\Elements\ElementExtensions.cs(932,87): error CS0246: 未能找到类型或命名空间名“PipsPagerButtonVisibility”(是否缺少 using 指令或程序集引用?) [D:\fluentapps\repos\ReactorUWP.core\ReactorUWP.core\ReactorUWP.core.csproj]
D:\fluentapps\repos\ReactorUWP.core\ReactorUWP.core\Elements\ElementExtensions.cs(936,83): error CS0246: 未能找到类型或命名空间名“PipsPagerButtonVisibility”(是否缺少 using 指令或程序集引用?) [D:\fluentapps\repos\ReactorUWP.core\ReactorUWP.core\ReactorUWP.core.csproj]
D:\fluentapps\repos\ReactorUWP.core\ReactorUWP.core\Core\BackdropKind.cs(68,32): error CS0246: 未能找到类型或命名空间名“SystemBackdrop”(是否缺少 using 指令或程序集引用?) [D:\fluentapps\repos\ReactorUWP.core\ReactorUWP.core\ReactorUWP.core.csproj]
D:\fluentapps\repos\ReactorUWP.core\ReactorUWP.core\Core\BackdropKind.cs(80,57): error CS0246: 未能找到类型或命名空间名“SystemBackdrop”(是否缺少 using 指令或程序集引用?) [D:\fluentapps\repos\ReactorUWP.core\ReactorUWP.core\ReactorUWP.core.csproj]
D:\fluentapps\repos\ReactorUWP.core\ReactorUWP.core\Core\BackdropKind.cs(70,68): error CS0246: 未能找到类型或命名空间名“SystemBackdrop”(是否缺少 using 指令或程序集引用?) [D:\fluentapps\repos\ReactorUWP.core\ReactorUWP.core\ReactorUWP.core.csproj]
D:\fluentapps\repos\ReactorUWP.core\ReactorUWP.core\Elements\ElementExtensions.cs(1165,74): error CS0246: 未能找到类型或命名空间名“NumberBoxSpinButtonPlacementMode”(是否缺少 using 指令或程序集引用?) [D:\fluentapps\repos\ReactorUWP.core\ReactorUWP.core\ReactorUWP.core.csproj]
D:\fluentapps\repos\ReactorUWP.core\ReactorUWP.core\Elements\ElementExtensions.cs(1177,77): error CS0246: 未能找到类型或命名空间名“NumberBoxValidationMode”(是否缺少 using 指令或程序集引用?) [D:\fluentapps\repos\ReactorUWP.core\ReactorUWP.core\ReactorUWP.core.csproj]
D:\fluentapps\repos\ReactorUWP.core\ReactorUWP.core\Elements\ElementExtensions.cs(1398,67): error CS0246: 未能找到类型或命名空间名“InfoBarSeverity”(是否缺少 using 指令或程序集引用?) [D:\fluentapps\repos\ReactorUWP.core\ReactorUWP.core\ReactorUWP.core.csproj]
D:\fluentapps\repos\ReactorUWP.core\ReactorUWP.core\Core\Component.cs(100,36): error CS0234: 命名空间“Microsoft.UI.Reactor”中不存在类型或命名空间名“ReactorWindow”(是否缺少程序集引用?) [D:\fluentapps\repos\ReactorUWP.core\ReactorUWP.core\ReactorUWP.core.csproj]
D:\fluentapps\repos\ReactorUWP.core\ReactorUWP.core\Core\Component.cs(104,36): error CS0234: 命名空间“Microsoft.UI.Reactor”中不存在类型或命名空间名“WindowState”(是否缺少程序集引用?) [D:\fluentapps\repos\ReactorUWP.core\ReactorUWP.core\ReactorUWP.core.csproj]
D:\fluentapps\repos\ReactorUWP.core\ReactorUWP.core\Elements\ElementExtensions.cs(1507,85): error CS0246: 未能找到类型或命名空间名“TeachingTipPlacementMode”(是否缺少 using 指令或程序集引用?) [D:\fluentapps\repos\ReactorUWP.core\ReactorUWP.core\ReactorUWP.core.csproj]
D:\fluentapps\repos\ReactorUWP.core\ReactorUWP.core\Core\Component.cs(129,50): error CS0234: 命名空间“Microsoft.UI.Reactor”中不存在类型或命名空间名“DisplayInfo”(是否缺少程序集引用?) [D:\fluentapps\repos\ReactorUWP.core\ReactorUWP.core\ReactorUWP.core.csproj]
D:\fluentapps\repos\ReactorUWP.core\ReactorUWP.core\Core\Component.cs(149,30): error CS0234: 命名空间“Microsoft.UI.Reactor”中不存在类型或命名空间名“WindowKey”(是否缺少程序集引用?) [D:\fluentapps\repos\ReactorUWP.core\ReactorUWP.core\ReactorUWP.core.csproj]
D:\fluentapps\repos\ReactorUWP.core\ReactorUWP.core\Core\Component.cs(150,30): error CS0234: 命名空间“Microsoft.UI.Reactor”中不存在类型或命名空间名“WindowSpec”(是否缺少程序集引用?) [D:\fluentapps\repos\ReactorUWP.core\ReactorUWP.core\ReactorUWP.core.csproj]
D:\fluentapps\repos\ReactorUWP.core\ReactorUWP.core\Core\Component.cs(148,36): error CS0234: 命名空间“Microsoft.UI.Reactor”中不存在类型或命名空间名“ReactorWindow”(是否缺少程序集引用?) [D:\fluentapps\repos\ReactorUWP.core\ReactorUWP.core\ReactorUWP.core.csproj]
D:\fluentapps\repos\ReactorUWP.core\ReactorUWP.core\Core\Component.cs(159,86): error CS0234: 命名空间“Microsoft.UI.Reactor”中不存在类型或命名空间名“TrayIconSpec”(是否缺少程序集引用?) [D:\fluentapps\repos\ReactorUWP.core\ReactorUWP.core\ReactorUWP.core.csproj]
D:\fluentapps\repos\ReactorUWP.core\ReactorUWP.core\Core\Component.cs(159,36): error CS0234: 命名空间“Microsoft.UI.Reactor”中不存在类型或命名空间名“ReactorTrayIcon”(是否缺少程序集引用?) [D:\fluentapps\repos\ReactorUWP.core\ReactorUWP.core\ReactorUWP.core.csproj]
D:\fluentapps\repos\ReactorUWP.core\ReactorUWP.core\Elements\ElementExtensions.cs(1650,77): error CS0234: 命名空间“Windows.UI.Xaml.Controls”中不存在类型或命名空间名“TitleBar”(是否缺少程序集引用?) [D:\fluentapps\repos\ReactorUWP.core\ReactorUWP.core\ReactorUWP.core.csproj]
D:\fluentapps\repos\ReactorUWP.core\ReactorUWP.core\Elements\ElementExtensions.cs(1813,79): error CS0234: 命名空间“Windows.UI.Xaml.Controls”中不存在类型或命名空间名“NumberBox”(是否缺少程序集引用?) [D:\fluentapps\repos\ReactorUWP.core\ReactorUWP.core\ReactorUWP.core.csproj]
D:\fluentapps\repos\ReactorUWP.core\ReactorUWP.core\Elements\ElementExtensions.cs(1825,85): error CS0234: 命名空间“Windows.UI.Xaml.Controls”中不存在类型或命名空间名“RadioButtons”(是否缺少程序集引用?) [D:\fluentapps\repos\ReactorUWP.core\ReactorUWP.core\ReactorUWP.core.csproj]
D:\fluentapps\repos\ReactorUWP.core\ReactorUWP.core\Elements\ElementExtensions.cs(1867,77): error CS0234: 命名空间“Windows.UI.Xaml.Controls”中不存在类型或命名空间名“WebView2”(是否缺少程序集引用?) [D:\fluentapps\repos\ReactorUWP.core\ReactorUWP.core\ReactorUWP.core.csproj]
D:\fluentapps\repos\ReactorUWP.core\ReactorUWP.core\Elements\ElementExtensions.cs(1886,81): error CS0234: 命名空间“Windows.UI.Xaml.Controls”中不存在类型或命名空间名“ScrollView”(是否缺少程序集引用?) [D:\fluentapps\repos\ReactorUWP.core\ReactorUWP.core\ReactorUWP.core.csproj]
D:\fluentapps\repos\ReactorUWP.core\ReactorUWP.core\Elements\ElementExtensions.cs(1892,77): error CS0234: 命名空间“Windows.UI.Xaml.Controls”中不存在类型或命名空间名“Expander”(是否缺少程序集引用?) [D:\fluentapps\repos\ReactorUWP.core\ReactorUWP.core\ReactorUWP.core.csproj]
D:\fluentapps\repos\ReactorUWP.core\ReactorUWP.core\Elements\ElementExtensions.cs(1914,75): error CS0234: 命名空间“Windows.UI.Xaml.Controls”中不存在类型或命名空间名“TabView”(是否缺少程序集引用?) [D:\fluentapps\repos\ReactorUWP.core\ReactorUWP.core\ReactorUWP.core.csproj]
D:\fluentapps\repos\ReactorUWP.core\ReactorUWP.core\Elements\ElementExtensions.cs(1917,87): error CS0234: 命名空间“Windows.UI.Xaml.Controls”中不存在类型或命名空间名“BreadcrumbBar”(是否缺少程序集引用?) [D:\fluentapps\repos\ReactorUWP.core\ReactorUWP.core\ReactorUWP.core.csproj]
D:\fluentapps\repos\ReactorUWP.core\ReactorUWP.core\Elements\ElementExtensions.cs(1943,83): error CS0234: 命名空间“Windows.UI.Xaml.Controls”中不存在类型或命名空间名“TeachingTip”(是否缺少程序集引用?) [D:\fluentapps\repos\ReactorUWP.core\ReactorUWP.core\ReactorUWP.core.csproj]
D:\fluentapps\repos\ReactorUWP.core\ReactorUWP.core\Elements\ElementExtensions.cs(1946,75): error CS0234: 命名空间“Windows.UI.Xaml.Controls”中不存在类型或命名空间名“InfoBar”(是否缺少程序集引用?) [D:\fluentapps\repos\ReactorUWP.core\ReactorUWP.core\ReactorUWP.core.csproj]
D:\fluentapps\repos\ReactorUWP.core\ReactorUWP.core\Elements\ElementExtensions.cs(1949,79): error CS0234: 命名空间“Windows.UI.Xaml.Controls”中不存在类型或命名空间名“InfoBadge”(是否缺少程序集引用?) [D:\fluentapps\repos\ReactorUWP.core\ReactorUWP.core\ReactorUWP.core.csproj]
D:\fluentapps\repos\ReactorUWP.core\ReactorUWP.core\Elements\ElementExtensions.cs(1983,101): error CS0234: 命名空间“Windows.UI.Xaml.Controls”中不存在类型或命名空间名“AnimatedVisualPlayer”(是否缺少程序集引用?) [D:\fluentapps\repos\ReactorUWP.core\ReactorUWP.core\ReactorUWP.core.csproj]
D:\fluentapps\repos\ReactorUWP.core\ReactorUWP.core\Elements\ElementExtensions.cs(1994,83): error CS0234: 命名空间“Windows.UI.Xaml.Controls”中不存在类型或命名空间名“SelectorBar”(是否缺少程序集引用?) [D:\fluentapps\repos\ReactorUWP.core\ReactorUWP.core\ReactorUWP.core.csproj]
D:\fluentapps\repos\ReactorUWP.core\ReactorUWP.core\Elements\ElementExtensions.cs(1997,79): error CS0234: 命名空间“Windows.UI.Xaml.Controls”中不存在类型或命名空间名“PipsPager”(是否缺少程序集引用?) [D:\fluentapps\repos\ReactorUWP.core\ReactorUWP.core\ReactorUWP.core.csproj]
D:\fluentapps\repos\ReactorUWP.core\ReactorUWP.core\Elements\ElementExtensions.cs(2000,97): error CS0234: 命名空间“Windows.UI.Xaml.Controls”中不存在类型或命名空间名“AnnotatedScrollBar”(是否缺少程序集引用?) [D:\fluentapps\repos\ReactorUWP.core\ReactorUWP.core\ReactorUWP.core.csproj]
D:\fluentapps\repos\ReactorUWP.core\ReactorUWP.core\Elements\ElementExtensions.cs(2022,85): error CS0234: 命名空间“Windows.UI.Xaml.Controls”中不存在类型或命名空间名“AnimatedIcon”(是否缺少程序集引用?) [D:\fluentapps\repos\ReactorUWP.core\ReactorUWP.core\ReactorUWP.core.csproj]
D:\fluentapps\repos\ReactorUWP.core\ReactorUWP.core\Elements\ElementExtensions.cs(2034,81): error CS0234: 命名空间“Windows.UI.Xaml.Controls”中不存在类型或命名空间名“MapControl”(是否缺少程序集引用?) [D:\fluentapps\repos\ReactorUWP.core\ReactorUWP.core\ReactorUWP.core.csproj]
D:\fluentapps\repos\ReactorUWP.core\ReactorUWP.core\Elements\ElementExtensions.cs(2042,88): error CS0234: 命名空间“Windows.UI.Xaml.Controls”中不存在类型或命名空间名“ItemsView”(是否缺少程序集引用?) [D:\fluentapps\repos\ReactorUWP.core\ReactorUWP.core\ReactorUWP.core.csproj]
D:\fluentapps\repos\ReactorUWP.core\ReactorUWP.core\Elements\ElementExtensions.cs(2046,87): error CS0234: 命名空间“Windows.UI.Xaml.Controls”中不存在类型或命名空间名“ItemContainer”(是否缺少程序集引用?) [D:\fluentapps\repos\ReactorUWP.core\ReactorUWP.core\ReactorUWP.core.csproj]
D:\fluentapps\repos\ReactorUWP.core\ReactorUWP.core\Elements\ElementExtensions.cs(1655,70): error CS0246: 未能找到类型或命名空间名“ExpandDirection”(是否缺少 using 指令或程序集引用?) [D:\fluentapps\repos\ReactorUWP.core\ReactorUWP.core\ReactorUWP.core.csproj]
D:\fluentapps\repos\ReactorUWP.core\ReactorUWP.core\Elements\ElementExtensions.cs(1704,71): error CS0246: 未能找到类型或命名空间名“TabViewWidthMode”(是否缺少 using 指令或程序集引用?) [D:\fluentapps\repos\ReactorUWP.core\ReactorUWP.core\ReactorUWP.core.csproj]
D:\fluentapps\repos\ReactorUWP.core\ReactorUWP.core\Elements\ElementExtensions.cs(1708,81): error CS0246: 未能找到类型或命名空间名“TabViewCloseButtonOverlayMode”(是否缺少 using 指令或程序集引用?) [D:\fluentapps\repos\ReactorUWP.core\ReactorUWP.core\ReactorUWP.core.csproj]
D:\fluentapps\repos\ReactorUWP.core\ReactorUWP.core\Elements\ElementExtensions.cs(2101,98): error CS0234: 命名空间“Windows.UI.Xaml.Controls”中不存在类型或命名空间名“ItemsRepeater”(是否缺少程序集引用?) [D:\fluentapps\repos\ReactorUWP.core\ReactorUWP.core\ReactorUWP.core.csproj]
D:\fluentapps\repos\ReactorUWP.core\ReactorUWP.core\Elements\ElementExtensions.cs(2107,98): error CS0234: 命名空间“Windows.UI.Xaml.Controls”中不存在类型或命名空间名“ItemsRepeater”(是否缺少程序集引用?) [D:\fluentapps\repos\ReactorUWP.core\ReactorUWP.core\ReactorUWP.core.csproj]
D:\fluentapps\repos\ReactorUWP.core\ReactorUWP.core\Hooks\UseResource.cs(50,37): error CS0234: 命名空间“Windows.System”中不存在类型或命名空间名“CoreDispatcher”(是否缺少程序集引用?) [D:\fluentapps\repos\ReactorUWP.core\ReactorUWP.core\ReactorUWP.core.csproj]
D:\fluentapps\repos\ReactorUWP.core\ReactorUWP.core\Elements\ElementExtensions.cs(2259,79): error CS0234: 命名空间“Windows.UI.Xaml.Controls”中不存在类型或命名空间名“ScrollingZoomMode”(是否缺少程序集引用?) [D:\fluentapps\repos\ReactorUWP.core\ReactorUWP.core\ReactorUWP.core.csproj]
D:\fluentapps\repos\ReactorUWP.core\ReactorUWP.core\Elements\ElementExtensions.cs(2262,91): error CS0234: 命名空间“Windows.UI.Xaml.Controls”中不存在类型或命名空间名“ScrollingScrollMode”(是否缺少程序集引用?) [D:\fluentapps\repos\ReactorUWP.core\ReactorUWP.core\ReactorUWP.core.csproj]
D:\fluentapps\repos\ReactorUWP.core\ReactorUWP.core\Elements\ElementExtensions.cs(2265,89): error CS0234: 命名空间“Windows.UI.Xaml.Controls”中不存在类型或命名空间名“ScrollingScrollMode”(是否缺少程序集引用?) [D:\fluentapps\repos\ReactorUWP.core\ReactorUWP.core\ReactorUWP.core.csproj]
D:\fluentapps\repos\ReactorUWP.core\ReactorUWP.core\Elements\ElementExtensions.cs(2256,89): error CS0234: 命名空间“Windows.UI.Xaml.Controls”中不存在类型或命名空间名“ScrollingContentOrientation”(是否缺少程序集引用?) [D:\fluentapps\repos\ReactorUWP.core\ReactorUWP.core\ReactorUWP.core.csproj]
D:\fluentapps\repos\ReactorUWP.core\ReactorUWP.core\Hosting\ReactorHostControl.cs(104,25): error CS0246: 未能找到类型或命名空间名“RenderStats”(是否缺少 using 指令或程序集引用?) [D:\fluentapps\repos\ReactorUWP.core\ReactorUWP.core\ReactorUWP.core.csproj]
D:\fluentapps\repos\ReactorUWP.core\ReactorUWP.core\Hosting\ReactorHostControl.cs(53,22): error CS0246: 未能找到类型或命名空间名“CoreDispatcher”(是否缺少 using 指令或程序集引用?) [D:\fluentapps\repos\ReactorUWP.core\ReactorUWP.core\ReactorUWP.core.csproj]
D:\fluentapps\repos\ReactorUWP.core\ReactorUWP.core\Docking\Native\DockFloatingPaneRouter.cs(49,33): error CS0246: 未能找到类型或命名空间名“ReactorWindow”(是否缺少 using 指令或程序集引用?) [D:\fluentapps\repos\ReactorUWP.core\ReactorUWP.core\ReactorUWP.core.csproj]
D:\fluentapps\repos\ReactorUWP.core\ReactorUWP.core\Docking\Native\DockFloatingPaneRouter.cs(58,35): error CS0246: 未能找到类型或命名空间名“ReactorWindow”(是否缺少 using 指令或程序集引用?) [D:\fluentapps\repos\ReactorUWP.core\ReactorUWP.core\ReactorUWP.core.csproj]
D:\fluentapps\repos\ReactorUWP.core\ReactorUWP.core\Hosting\ReactorHostControl.cs(76,13): error CS0246: 未能找到类型或命名空间名“BackdropApplier”(是否缺少 using 指令或程序集引用?) [D:\fluentapps\repos\ReactorUWP.core\ReactorUWP.core\ReactorUWP.core.csproj]
D:\fluentapps\repos\ReactorUWP.core\ReactorUWP.core\Docking\Native\DockFloatingPaneRouter.cs(42,40): error CS0246: 未能找到类型或命名空间名“ReactorWindow”(是否缺少 using 指令或程序集引用?) [D:\fluentapps\repos\ReactorUWP.core\ReactorUWP.core\ReactorUWP.core.csproj]
D:\fluentapps\repos\ReactorUWP.core\ReactorUWP.core\Hosting\ReactorHostControl.cs(79,13): error CS0246: 未能找到类型或命名空间名“OverlayHostWiring”(是否缺少 using 指令或程序集引用?) [D:\fluentapps\repos\ReactorUWP.core\ReactorUWP.core\ReactorUWP.core.csproj]
D:\fluentapps\repos\ReactorUWP.core\ReactorUWP.core\Hosting\ReactorHostControl.cs(98,13): error CS0246: 未能找到类型或命名空间名“RenderStats”(是否缺少 using 指令或程序集引用?) [D:\fluentapps\repos\ReactorUWP.core\ReactorUWP.core\ReactorUWP.core.csproj]
D:\fluentapps\repos\ReactorUWP.core\ReactorUWP.core\Docking\Native\DockFloatingWindow.cs(79,9): error CS0246: 未能找到类型或命名空间名“ReactorWindow”(是否缺少 using 指令或程序集引用?) [D:\fluentapps\repos\ReactorUWP.core\ReactorUWP.core\ReactorUWP.core.csproj]
D:\fluentapps\repos\ReactorUWP.core\ReactorUWP.core\Docking\Native\DockFloatingWindow.cs(74,19): error CS0246: 未能找到类型或命名空间名“ReactorWindow”(是否缺少 using 指令或程序集引用?) [D:\fluentapps\repos\ReactorUWP.core\ReactorUWP.core\ReactorUWP.core.csproj]
D:\fluentapps\repos\ReactorUWP.core\ReactorUWP.core\Docking\Native\DockFloatingWindow.cs(184,69): error CS0246: 未能找到类型或命名空间名“ReactorWindow”(是否缺少 using 指令或程序集引用?) [D:\fluentapps\repos\ReactorUWP.core\ReactorUWP.core\ReactorUWP.core.csproj]
D:\fluentapps\repos\ReactorUWP.core\ReactorUWP.core\Docking\Native\DockFloatingWindow.cs(245,9): error CS0246: 未能找到类型或命名空间名“ReactorWindow”(是否缺少 using 指令或程序集引用?) [D:\fluentapps\repos\ReactorUWP.core\ReactorUWP.core\ReactorUWP.core.csproj]
D:\fluentapps\repos\ReactorUWP.core\ReactorUWP.core\Docking\Native\DockFloatingWindow.cs(384,5): error CS0246: 未能找到类型或命名空间名“ReactorWindow”(是否缺少 using 指令或程序集引用?) [D:\fluentapps\repos\ReactorUWP.core\ReactorUWP.core\ReactorUWP.core.csproj]
D:\fluentapps\repos\ReactorUWP.core\ReactorUWP.core\Docking\Native\DockFloatingWindow.cs(856,33): error CS0246: 未能找到类型或命名空间名“ReactorWindow”(是否缺少 using 指令或程序集引用?) [D:\fluentapps\repos\ReactorUWP.core\ReactorUWP.core\ReactorUWP.core.csproj]
D:\fluentapps\repos\ReactorUWP.core\ReactorUWP.core\Docking\Native\DockFloatingWindow.cs(868,38): error CS0246: 未能找到类型或命名空间名“ReactorWindow”(是否缺少 using 指令或程序集引用?) [D:\fluentapps\repos\ReactorUWP.core\ReactorUWP.core\ReactorUWP.core.csproj]
D:\fluentapps\repos\ReactorUWP.core\ReactorUWP.core\Docking\Native\DockFloatingWindow.cs(878,35): error CS0246: 未能找到类型或命名空间名“ReactorWindow”(是否缺少 using 指令或程序集引用?) [D:\fluentapps\repos\ReactorUWP.core\ReactorUWP.core\ReactorUWP.core.csproj]
D:\fluentapps\repos\ReactorUWP.core\ReactorUWP.core\Docking\Native\DockFloatingWindow.cs(888,57): error CS0246: 未能找到类型或命名空间名“ReactorWindow”(是否缺少 using 指令或程序集引用?) [D:\fluentapps\repos\ReactorUWP.core\ReactorUWP.core\ReactorUWP.core.csproj]
D:\fluentapps\repos\ReactorUWP.core\ReactorUWP.core\Docking\Native\DockFloatingWindow.cs(903,59): error CS0246: 未能找到类型或命名空间名“ReactorWindow”(是否缺少 using 指令或程序集引用?) [D:\fluentapps\repos\ReactorUWP.core\ReactorUWP.core\ReactorUWP.core.csproj]
D:\fluentapps\repos\ReactorUWP.core\ReactorUWP.core\Docking\Native\DockFloatingWindow.cs(913,33): error CS0246: 未能找到类型或命名空间名“ReactorWindow”(是否缺少 using 指令或程序集引用?) [D:\fluentapps\repos\ReactorUWP.core\ReactorUWP.core\ReactorUWP.core.csproj]
D:\fluentapps\repos\ReactorUWP.core\ReactorUWP.core\Docking\Native\DockFloatingWindow.cs(959,33): error CS0246: 未能找到类型或命名空间名“ReactorWindow”(是否缺少 using 指令或程序集引用?) [D:\fluentapps\repos\ReactorUWP.core\ReactorUWP.core\ReactorUWP.core.csproj]
D:\fluentapps\repos\ReactorUWP.core\ReactorUWP.core\Docking\Native\DockFloatingWindow.cs(852,37): error CS0246: 未能找到类型或命名空间名“ReactorWindow”(是否缺少 using 指令或程序集引用?) [D:\fluentapps\repos\ReactorUWP.core\ReactorUWP.core\ReactorUWP.core.csproj]
D:\fluentapps\repos\ReactorUWP.core\ReactorUWP.core\Docking\Native\DockFloatingWindow.cs(853,40): error CS0246: 未能找到类型或命名空间名“ReactorWindow”(是否缺少 using 指令或程序集引用?) [D:\fluentapps\repos\ReactorUWP.core\ReactorUWP.core\ReactorUWP.core.csproj]
D:\fluentapps\repos\ReactorUWP.core\ReactorUWP.core\Docking\Native\DockFloatingWindow.cs(854,71): error CS0246: 未能找到类型或命名空间名“ReactorWindow”(是否缺少 using 指令或程序集引用?) [D:\fluentapps\repos\ReactorUWP.core\ReactorUWP.core\ReactorUWP.core.csproj]
D:\fluentapps\repos\ReactorUWP.core\ReactorUWP.core\Docking\Native\DockFloatingWindow.cs(849,34): error CS0246: 未能找到类型或命名空间名“ReactorWindow”(是否缺少 using 指令或程序集引用?) [D:\fluentapps\repos\ReactorUWP.core\ReactorUWP.core\ReactorUWP.core.csproj]
D:\fluentapps\repos\ReactorUWP.core\ReactorUWP.core\Controls\Virtualization\VirtualListElement.cs(82,12): error CS0246: 未能找到类型或命名空间名“ItemsRepeater”(是否缺少 using 指令或程序集引用?) [D:\fluentapps\repos\ReactorUWP.core\ReactorUWP.core\ReactorUWP.core.csproj]
D:\fluentapps\repos\ReactorUWP.core\ReactorUWP.core\Controls\Virtualization\VirtualListElement.cs(71,22): error CS0246: 未能找到类型或命名空间名“ItemsRepeater”(是否缺少 using 指令或程序集引用?) [D:\fluentapps\repos\ReactorUWP.core\ReactorUWP.core\ReactorUWP.core.csproj]
D:\fluentapps\repos\ReactorUWP.core\ReactorUWP.core\Controls\Virtualization\VirtualListElement.cs(74,57): error CS0246: 未能找到类型或命名空间名“ItemsRepeater”(是否缺少 using 指令或程序集引用?) [D:\fluentapps\repos\ReactorUWP.core\ReactorUWP.core\ReactorUWP.core.csproj]
D:\fluentapps\repos\ReactorUWP.core\ReactorUWP.core\Markdown\MarkdownEnums.cs(110,2): error CS0246: 未能找到类型或命名空间名“FlagsAttribute”(是否缺少 using 指令或程序集引用?) [D:\fluentapps\repos\ReactorUWP.core\ReactorUWP.core\ReactorUWP.core.csproj]
D:\fluentapps\repos\ReactorUWP.core\ReactorUWP.core\Markdown\MarkdownEnums.cs(110,2): error CS0246: 未能找到类型或命名空间名“Flags”(是否缺少 using 指令或程序集引用?) [D:\fluentapps\repos\ReactorUWP.core\ReactorUWP.core\ReactorUWP.core.csproj]
D:\fluentapps\repos\ReactorUWP.core\ReactorUWP.core\Markdown\MarkdownHtml.cs(35,29): error CS0246: 未能找到类型或命名空间名“HashSet<>”(是否缺少 using 指令或程序集引用?) [D:\fluentapps\repos\ReactorUWP.core\ReactorUWP.core\ReactorUWP.core.csproj]
D:\fluentapps\repos\ReactorUWP.core\ReactorUWP.core\Markdown\MarkdownHtml.cs(135,31): error CS0246: 未能找到类型或命名空间名“ReadOnlySpan<>”(是否缺少 using 指令或程序集引用?) [D:\fluentapps\repos\ReactorUWP.core\ReactorUWP.core\ReactorUWP.core.csproj]
D:\fluentapps\repos\ReactorUWP.core\ReactorUWP.core\Markdown\MarkdownHtml.cs(137,34): error CS0246: 未能找到类型或命名空间名“ReadOnlySpan<>”(是否缺少 using 指令或程序集引用?) [D:\fluentapps\repos\ReactorUWP.core\ReactorUWP.core\ReactorUWP.core.csproj]
D:\fluentapps\repos\ReactorUWP.core\ReactorUWP.core\Markdown\MarkdownHtml.cs(161,33): error CS0246: 未能找到类型或命名空间名“ReadOnlySpan<>”(是否缺少 using 指令或程序集引用?) [D:\fluentapps\repos\ReactorUWP.core\ReactorUWP.core\ReactorUWP.core.csproj]
D:\fluentapps\repos\ReactorUWP.core\ReactorUWP.core\Markdown\MarkdownHtml.cs(248,35): error CS0246: 未能找到类型或命名空间名“ReadOnlySpan<>”(是否缺少 using 指令或程序集引用?) [D:\fluentapps\repos\ReactorUWP.core\ReactorUWP.core\ReactorUWP.core.csproj]
D:\fluentapps\repos\ReactorUWP.core\ReactorUWP.core\Markdown\MarkdownHtml.cs(533,56): error CS0246: 未能找到类型或命名空间名“ReadOnlySpan<>”(是否缺少 using 指令或程序集引用?) [D:\fluentapps\repos\ReactorUWP.core\ReactorUWP.core\ReactorUWP.core.csproj]
D:\fluentapps\repos\ReactorUWP.core\ReactorUWP.core\Markdown\MarkdownHtml.cs(14,6): error CS0246: 未能找到类型或命名空间名“FlagsAttribute”(是否缺少 using 指令或程序集引用?) [D:\fluentapps\repos\ReactorUWP.core\ReactorUWP.core\ReactorUWP.core.csproj]
D:\fluentapps\repos\ReactorUWP.core\ReactorUWP.core\Markdown\MarkdownHtml.cs(14,6): error CS0246: 未能找到类型或命名空间名“Flags”(是否缺少 using 指令或程序集引用?) [D:\fluentapps\repos\ReactorUWP.core\ReactorUWP.core\ReactorUWP.core.csproj]
D:\fluentapps\repos\ReactorUWP.core\ReactorUWP.core\Elements\ElementExtensions.cs(1165,119): error CS0103: 当前上下文中不存在名称“NumberBoxSpinButtonPlacementMode” [D:\fluentapps\repos\ReactorUWP.core\ReactorUWP.core\ReactorUWP.core.csproj]
D:\fluentapps\repos\ReactorUWP.core\ReactorUWP.core\Markdown\MarkdownTypes.cs(128,65): error CS0246: 未能找到类型或命名空间名“ReadOnlySpan<>”(是否缺少 using 指令或程序集引用?) [D:\fluentapps\repos\ReactorUWP.core\ReactorUWP.core\ReactorUWP.core.csproj]
D:\fluentapps\repos\ReactorUWP.core\ReactorUWP.core\Elements\Dsl.cs(1422,27): error CS0111: 类型“Factories”已定义了一个名为“Empty”的具有相同参数类型的成员 [D:\fluentapps\repos\ReactorUWP.core\ReactorUWP.core\ReactorUWP.core.csproj]
D:\fluentapps\repos\ReactorUWP.core\ReactorUWP.core\Elements\Dsl.cs(699,33): error CS0111: 类型“Factories”已定义了一个名为“Border”的具有相同参数类型的成员 [D:\fluentapps\repos\ReactorUWP.core\ReactorUWP.core\ReactorUWP.core.csproj]
D:\fluentapps\repos\ReactorUWP.core\ReactorUWP.core\Elements\Dsl.cs(59,36): error CS0111: 类型“Factories”已定义了一个名为“TextBlock”的具有相同参数类型的成员 [D:\fluentapps\repos\ReactorUWP.core\ReactorUWP.core\ReactorUWP.core.csproj]
D:\fluentapps\repos\ReactorUWP.core\ReactorUWP.core\Markdown\Md4cParser.cs(344,48): error CS0246: 未能找到类型或命名空间名“ReadOnlySpan<>”(是否缺少 using 指令或程序集引用?) [D:\fluentapps\repos\ReactorUWP.core\ReactorUWP.core\ReactorUWP.core.csproj]
D:\fluentapps\repos\ReactorUWP.core\ReactorUWP.core\Markdown\Md4cParser.cs(586,37): error CS0246: 未能找到类型或命名空间名“ReadOnlySpan<>”(是否缺少 using 指令或程序集引用?) [D:\fluentapps\repos\ReactorUWP.core\ReactorUWP.core\ReactorUWP.core.csproj]
D:\fluentapps\repos\ReactorUWP.core\ReactorUWP.core\Markdown\Md4cParser.cs(586,60): error CS0246: 未能找到类型或命名空间名“ReadOnlySpan<>”(是否缺少 using 指令或程序集引用?) [D:\fluentapps\repos\ReactorUWP.core\ReactorUWP.core\ReactorUWP.core.csproj]
D:\fluentapps\repos\ReactorUWP.core\ReactorUWP.core\Markdown\Md4cParser.cs(167,13): error CS0246: 未能找到类型或命名空间名“List<>”(是否缺少 using 指令或程序集引用?) [D:\fluentapps\repos\ReactorUWP.core\ReactorUWP.core\ReactorUWP.core.csproj]
D:\fluentapps\repos\ReactorUWP.core\ReactorUWP.core\Markdown\Md4cParser.cs(168,13): error CS0246: 未能找到类型或命名空间名“Dictionary<,>”(是否缺少 using 指令或程序集引用?) [D:\fluentapps\repos\ReactorUWP.core\ReactorUWP.core\ReactorUWP.core.csproj]
D:\fluentapps\repos\ReactorUWP.core\ReactorUWP.core\Markdown\Md4cParser.cs(168,30): error CS0246: 未能找到类型或命名空间名“List<>”(是否缺少 using 指令或程序集引用?) [D:\fluentapps\repos\ReactorUWP.core\ReactorUWP.core\ReactorUWP.core.csproj]
D:\fluentapps\repos\ReactorUWP.core\ReactorUWP.core\Docking\Native\DockTabGroupRenderer.cs(248,28): error CS0246: 未能找到类型或命名空间名“TabView”(是否缺少 using 指令或程序集引用?) [D:\fluentapps\repos\ReactorUWP.core\ReactorUWP.core\ReactorUWP.core.csproj]
D:\fluentapps\repos\ReactorUWP.core\ReactorUWP.core\Markdown\Md4cParser.cs(470,22): error CS0246: 未能找到类型或命名空间名“Dictionary<,>”(是否缺少 using 指令或程序集引用?) [D:\fluentapps\repos\ReactorUWP.core\ReactorUWP.core\ReactorUWP.core.csproj]
D:\fluentapps\repos\ReactorUWP.core\ReactorUWP.core\Markdown\Md4cParser.cs(694,22): error CS0246: 未能找到类型或命名空间名“List<>”(是否缺少 using 指令或程序集引用?) [D:\fluentapps\repos\ReactorUWP.core\ReactorUWP.core\ReactorUWP.core.csproj]
D:\fluentapps\repos\ReactorUWP.core\ReactorUWP.core\Docking\Native\DockTabGroupRenderer.cs(260,28): error CS0246: 未能找到类型或命名空间名“TabView”(是否缺少 using 指令或程序集引用?) [D:\fluentapps\repos\ReactorUWP.core\ReactorUWP.core\ReactorUWP.core.csproj]
D:\fluentapps\repos\ReactorUWP.core\ReactorUWP.core\Markdown\Md4cParser.cs(695,22): error CS0246: 未能找到类型或命名空间名“List<>”(是否缺少 using 指令或程序集引用?) [D:\fluentapps\repos\ReactorUWP.core\ReactorUWP.core\ReactorUWP.core.csproj]
D:\fluentapps\repos\ReactorUWP.core\ReactorUWP.core\Markdown\Md4cParser.cs(696,22): error CS0246: 未能找到类型或命名空间名“List<>”(是否缺少 using 指令或程序集引用?) [D:\fluentapps\repos\ReactorUWP.core\ReactorUWP.core\ReactorUWP.core.csproj]
D:\fluentapps\repos\ReactorUWP.core\ReactorUWP.core\Docking\Native\DockTabGroupRenderer.cs(312,42): error CS0246: 未能找到类型或命名空间名“TabView”(是否缺少 using 指令或程序集引用?) [D:\fluentapps\repos\ReactorUWP.core\ReactorUWP.core\ReactorUWP.core.csproj]
D:\fluentapps\repos\ReactorUWP.core\ReactorUWP.core\Docking\Native\DockTabGroupRenderer.cs(322,41): error CS0246: 未能找到类型或命名空间名“TabView”(是否缺少 using 指令或程序集引用?) [D:\fluentapps\repos\ReactorUWP.core\ReactorUWP.core\ReactorUWP.core.csproj]
D:\fluentapps\repos\ReactorUWP.core\ReactorUWP.core\Docking\Native\DockTabGroupRenderer.cs(336,45): error CS0246: 未能找到类型或命名空间名“TabView”(是否缺少 using 指令或程序集引用?) [D:\fluentapps\repos\ReactorUWP.core\ReactorUWP.core\ReactorUWP.core.csproj]
D:\fluentapps\repos\ReactorUWP.core\ReactorUWP.core\Core\Element.cs(2644,27): error CS0234: 命名空间“Windows.UI.Xaml.Controls”中不存在类型或命名空间名“RadioButtons”(是否缺少程序集引用?) [D:\fluentapps\repos\ReactorUWP.core\ReactorUWP.core\ReactorUWP.core.csproj]
D:\fluentapps\repos\ReactorUWP.core\ReactorUWP.core\Docking\Native\DockTabTearOff.cs(127,9): error CS0246: 未能找到类型或命名空间名“TabView”(是否缺少 using 指令或程序集引用?) [D:\fluentapps\repos\ReactorUWP.core\ReactorUWP.core\ReactorUWP.core.csproj]
D:\fluentapps\repos\ReactorUWP.core\ReactorUWP.core\Docking\Native\DockTabTearOff.cs(128,14): error CS0246: 未能找到类型或命名空间名“TabViewItem”(是否缺少 using 指令或程序集引用?) [D:\fluentapps\repos\ReactorUWP.core\ReactorUWP.core\ReactorUWP.core.csproj]
D:\fluentapps\repos\ReactorUWP.core\ReactorUWP.core\Docking\Native\DockTabTearOff.cs(362,47): error CS0246: 未能找到类型或命名空间名“TabView”(是否缺少 using 指令或程序集引用?) [D:\fluentapps\repos\ReactorUWP.core\ReactorUWP.core\ReactorUWP.core.csproj]
D:\fluentapps\repos\ReactorUWP.core\ReactorUWP.core\Docking\Native\DockTabTearOff.cs(362,64): error CS0246: 未能找到类型或命名空间名“TabViewItem”(是否缺少 using 指令或程序集引用?) [D:\fluentapps\repos\ReactorUWP.core\ReactorUWP.core\ReactorUWP.core.csproj]
D:\fluentapps\repos\ReactorUWP.core\ReactorUWP.core\Docking\Native\DockTabTearOff.cs(373,46): error CS0246: 未能找到类型或命名空间名“TabView”(是否缺少 using 指令或程序集引用?) [D:\fluentapps\repos\ReactorUWP.core\ReactorUWP.core\ReactorUWP.core.csproj]
D:\fluentapps\repos\ReactorUWP.core\ReactorUWP.core\Docking\Native\DockTabTearOff.cs(383,33): error CS0246: 未能找到类型或命名空间名“TabView”(是否缺少 using 指令或程序集引用?) [D:\fluentapps\repos\ReactorUWP.core\ReactorUWP.core\ReactorUWP.core.csproj]
D:\fluentapps\repos\ReactorUWP.core\ReactorUWP.core\Docking\Native\DockTabTearOff.cs(392,48): error CS0246: 未能找到类型或命名空间名“TabView”(是否缺少 using 指令或程序集引用?) [D:\fluentapps\repos\ReactorUWP.core\ReactorUWP.core\ReactorUWP.core.csproj]
D:\fluentapps\repos\ReactorUWP.core\ReactorUWP.core\Docking\Native\DockTabTearOff.cs(121,50): error CS0246: 未能找到类型或命名空间名“TabView”(是否缺少 using 指令或程序集引用?) [D:\fluentapps\repos\ReactorUWP.core\ReactorUWP.core\ReactorUWP.core.csproj]
D:\fluentapps\repos\ReactorUWP.core\ReactorUWP.core\Core\Element.cs(2575,12): error CS0246: 未能找到类型或命名空间名“NumberBoxSpinButtonPlacementMode”(是否缺少 using 指令或程序集引用?) [D:\fluentapps\repos\ReactorUWP.core\ReactorUWP.core\ReactorUWP.core.csproj]
D:\fluentapps\repos\ReactorUWP.core\ReactorUWP.core\Core\Element.cs(2583,12): error CS0246: 未能找到类型或命名空间名“NumberBoxValidationMode”(是否缺少 using 指令或程序集引用?) [D:\fluentapps\repos\ReactorUWP.core\ReactorUWP.core\ReactorUWP.core.csproj]
D:\fluentapps\repos\ReactorUWP.core\ReactorUWP.core\Core\Element.cs(2586,27): error CS0234: 命名空间“Windows.UI.Xaml.Controls”中不存在类型或命名空间名“NumberBox”(是否缺少程序集引用?) [D:\fluentapps\repos\ReactorUWP.core\ReactorUWP.core\ReactorUWP.core.csproj]
D:\fluentapps\repos\ReactorUWP.core\ReactorUWP.core\Docking\Native\DockTabTearOff.cs(109,25): error CS0246: 未能找到类型或命名空间名“ReactorWindow”(是否缺少 using 指令或程序集引用?) [D:\fluentapps\repos\ReactorUWP.core\ReactorUWP.core\ReactorUWP.core.csproj]
D:\fluentapps\repos\ReactorUWP.core\ReactorUWP.core\Yoga\AlgorithmUtils.cs(373,12): error CS0246: 未能找到类型或命名空间名“List<>”(是否缺少 using 指令或程序集引用?) [D:\fluentapps\repos\ReactorUWP.core\ReactorUWP.core\ReactorUWP.core.csproj]
D:\fluentapps\repos\ReactorUWP.core\ReactorUWP.core\Yoga\AlgorithmUtils.cs(384,21): error CS0246: 未能找到类型或命名空间名“List<>”(是否缺少 using 指令或程序集引用?) [D:\fluentapps\repos\ReactorUWP.core\ReactorUWP.core\ReactorUWP.core.csproj]
D:\fluentapps\repos\ReactorUWP.core\ReactorUWP.core\Yoga\AlgorithmUtils.cs(390,37): error CS0246: 未能找到类型或命名空间名“List<>”(是否缺少 using 指令或程序集引用?) [D:\fluentapps\repos\ReactorUWP.core\ReactorUWP.core\ReactorUWP.core.csproj]
D:\fluentapps\repos\ReactorUWP.core\ReactorUWP.core\Yoga\AlgorithmUtils.cs(405,9): error CS0246: 未能找到类型或命名空间名“List<>”(是否缺少 using 指令或程序集引用?) [D:\fluentapps\repos\ReactorUWP.core\ReactorUWP.core\ReactorUWP.core.csproj]
D:\fluentapps\repos\ReactorUWP.core\ReactorUWP.core\Docking\Native\DockTabTearOff.cs(158,21): error CS0246: 未能找到类型或命名空间名“TabView”(是否缺少 using 指令或程序集引用?) [D:\fluentapps\repos\ReactorUWP.core\ReactorUWP.core\ReactorUWP.core.csproj]
D:\fluentapps\repos\ReactorUWP.core\ReactorUWP.core\Yoga\AlgorithmUtils.cs(382,20): error CS0246: 未能找到类型或命名空间名“Stack<>”(是否缺少 using 指令或程序集引用?) [D:\fluentapps\repos\ReactorUWP.core\ReactorUWP.core\ReactorUWP.core.csproj]
D:\fluentapps\repos\ReactorUWP.core\ReactorUWP.core\Yoga\AlgorithmUtils.cs(382,26): error CS0246: 未能找到类型或命名空间名“List<>”(是否缺少 using 指令或程序集引用?) [D:\fluentapps\repos\ReactorUWP.core\ReactorUWP.core\ReactorUWP.core.csproj]
D:\fluentapps\repos\ReactorUWP.core\ReactorUWP.core\Docking\Native\DockTabTearOff.cs(160,16): error CS0246: 未能找到类型或命名空间名“TabView”(是否缺少 using 指令或程序集引用?) [D:\fluentapps\repos\ReactorUWP.core\ReactorUWP.core\ReactorUWP.core.csproj]
D:\fluentapps\repos\ReactorUWP.core\ReactorUWP.core\Yoga\AlgorithmUtils.cs(381,6): error CS0246: 未能找到类型或命名空间名“ThreadStaticAttribute”(是否缺少 using 指令或程序集引用?) [D:\fluentapps\repos\ReactorUWP.core\ReactorUWP.core\ReactorUWP.core.csproj]
D:\fluentapps\repos\ReactorUWP.core\ReactorUWP.core\Yoga\AlgorithmUtils.cs(381,6): error CS0246: 未能找到类型或命名空间名“ThreadStatic”(是否缺少 using 指令或程序集引用?) [D:\fluentapps\repos\ReactorUWP.core\ReactorUWP.core\ReactorUWP.core.csproj]
D:\fluentapps\repos\ReactorUWP.core\ReactorUWP.core\Docking\Native\DockTabTearOff.cs(161,21): error CS0246: 未能找到类型或命名空间名“TabViewItem”(是否缺少 using 指令或程序集引用?) [D:\fluentapps\repos\ReactorUWP.core\ReactorUWP.core\ReactorUWP.core.csproj]
D:\fluentapps\repos\ReactorUWP.core\ReactorUWP.core\Yoga\YogaEnums.cs(53,2): error CS0246: 未能找到类型或命名空间名“FlagsAttribute”(是否缺少 using 指令或程序集引用?) [D:\fluentapps\repos\ReactorUWP.core\ReactorUWP.core\ReactorUWP.core.csproj]
D:\fluentapps\repos\ReactorUWP.core\ReactorUWP.core\Yoga\YogaEnums.cs(53,2): error CS0246: 未能找到类型或命名空间名“Flags”(是否缺少 using 指令或程序集引用?) [D:\fluentapps\repos\ReactorUWP.core\ReactorUWP.core\ReactorUWP.core.csproj]
D:\fluentapps\repos\ReactorUWP.core\ReactorUWP.core\Docking\Native\DockTabTearOff.cs(169,18): error CS0246: 未能找到类型或命名空间名“TabViewItem”(是否缺少 using 指令或程序集引用?) [D:\fluentapps\repos\ReactorUWP.core\ReactorUWP.core\ReactorUWP.core.csproj]
D:\fluentapps\repos\ReactorUWP.core\ReactorUWP.core\Docking\Native\DockTabTearOff.cs(201,33): error CS0246: 未能找到类型或命名空间名“TabViewItem”(是否缺少 using 指令或程序集引用?) [D:\fluentapps\repos\ReactorUWP.core\ReactorUWP.core\ReactorUWP.core.csproj]
D:\fluentapps\repos\ReactorUWP.core\ReactorUWP.core\Yoga\FlexPanel.cs(30,22): error CS0246: 未能找到类型或命名空间名“Dictionary<,>”(是否缺少 using 指令或程序集引用?) [D:\fluentapps\repos\ReactorUWP.core\ReactorUWP.core\ReactorUWP.core.csproj]
D:\fluentapps\repos\ReactorUWP.core\ReactorUWP.core\Yoga\FlexPanel.cs(32,22): error CS0246: 未能找到类型或命名空间名“HashSet<>”(是否缺少 using 指令或程序集引用?) [D:\fluentapps\repos\ReactorUWP.core\ReactorUWP.core\ReactorUWP.core.csproj]
D:\fluentapps\repos\ReactorUWP.core\ReactorUWP.core\Yoga\FlexPanel.cs(33,22): error CS0246: 未能找到类型或命名空间名“List<>”(是否缺少 using 指令或程序集引用?) [D:\fluentapps\repos\ReactorUWP.core\ReactorUWP.core\ReactorUWP.core.csproj]
D:\fluentapps\repos\ReactorUWP.core\ReactorUWP.core\Yoga\FlexPanel.cs(291,22): error CS0246: 未能找到类型或命名空间名“List<>”(是否缺少 using 指令或程序集引用?) [D:\fluentapps\repos\ReactorUWP.core\ReactorUWP.core\ReactorUWP.core.csproj]
D:\fluentapps\repos\ReactorUWP.core\ReactorUWP.core\Yoga\FlexPanel.cs(305,22): error CS0246: 未能找到类型或命名空间名“HashSet<>”(是否缺少 using 指令或程序集引用?) [D:\fluentapps\repos\ReactorUWP.core\ReactorUWP.core\ReactorUWP.core.csproj]
D:\fluentapps\repos\ReactorUWP.core\ReactorUWP.core\Core\Element.cs(2896,27): error CS0234: 命名空间“Windows.UI.Xaml.Controls”中不存在类型或命名空间名“WebView2”(是否缺少程序集引用?) [D:\fluentapps\repos\ReactorUWP.core\ReactorUWP.core\ReactorUWP.core.csproj]
D:\fluentapps\repos\ReactorUWP.core\ReactorUWP.core\Yoga\YogaNode.cs(91,12): error CS0246: 未能找到类型或命名空间名“IReadOnlyList<>”(是否缺少 using 指令或程序集引用?) [D:\fluentapps\repos\ReactorUWP.core\ReactorUWP.core\ReactorUWP.core.csproj]
D:\fluentapps\repos\ReactorUWP.core\ReactorUWP.core\Yoga\YogaNode.cs(141,31): error CS0246: 未能找到类型或命名空间名“List<>”(是否缺少 using 指令或程序集引用?) [D:\fluentapps\repos\ReactorUWP.core\ReactorUWP.core\ReactorUWP.core.csproj]
D:\fluentapps\repos\ReactorUWP.core\ReactorUWP.core\Yoga\YogaNode.cs(160,14): error CS0246: 未能找到类型或命名空间名“IEnumerable<>”(是否缺少 using 指令或程序集引用?) [D:\fluentapps\repos\ReactorUWP.core\ReactorUWP.core\ReactorUWP.core.csproj]
D:\fluentapps\repos\ReactorUWP.core\ReactorUWP.core\Yoga\YogaNode.cs(181,41): error CS0246: 未能找到类型或命名空间名“List<>”(是否缺少 using 指令或程序集引用?) [D:\fluentapps\repos\ReactorUWP.core\ReactorUWP.core\ReactorUWP.core.csproj]
D:\fluentapps\repos\ReactorUWP.core\ReactorUWP.core\Yoga\YogaNode.cs(55,22): error CS0246: 未能找到类型或命名空间名“List<>”(是否缺少 using 指令或程序集引用?) [D:\fluentapps\repos\ReactorUWP.core\ReactorUWP.core\ReactorUWP.core.csproj]
D:\fluentapps\repos\ReactorUWP.core\ReactorUWP.core\Core\Element.cs(3024,18): error CS0234: 命名空间“Windows.UI.Xaml.Controls”中不存在类型或命名空间名“ScrollingContentOrientation”(是否缺少程序集引用?) [D:\fluentapps\repos\ReactorUWP.core\ReactorUWP.core\ReactorUWP.core.csproj]
D:\fluentapps\repos\ReactorUWP.core\ReactorUWP.core\Core\Element.cs(3025,18): error CS0234: 命名空间“Windows.UI.Xaml.Controls”中不存在类型或命名空间名“ScrollingScrollBarVisibility”(是否缺少程序集引用?) [D:\fluentapps\repos\ReactorUWP.core\ReactorUWP.core\ReactorUWP.core.csproj]
D:\fluentapps\repos\ReactorUWP.core\ReactorUWP.core\Core\Element.cs(3026,18): error CS0234: 命名空间“Windows.UI.Xaml.Controls”中不存在类型或命名空间名“ScrollingScrollBarVisibility”(是否缺少程序集引用?) [D:\fluentapps\repos\ReactorUWP.core\ReactorUWP.core\ReactorUWP.core.csproj]
D:\fluentapps\repos\ReactorUWP.core\ReactorUWP.core\Core\Element.cs(3027,18): error CS0234: 命名空间“Windows.UI.Xaml.Controls”中不存在类型或命名空间名“ScrollingScrollMode”(是否缺少程序集引用?) [D:\fluentapps\repos\ReactorUWP.core\ReactorUWP.core\ReactorUWP.core.csproj]
D:\fluentapps\repos\ReactorUWP.core\ReactorUWP.core\Core\Element.cs(3028,18): error CS0234: 命名空间“Windows.UI.Xaml.Controls”中不存在类型或命名空间名“ScrollingScrollMode”(是否缺少程序集引用?) [D:\fluentapps\repos\ReactorUWP.core\ReactorUWP.core\ReactorUWP.core.csproj]
D:\fluentapps\repos\ReactorUWP.core\ReactorUWP.core\Core\Element.cs(3029,18): error CS0234: 命名空间“Windows.UI.Xaml.Controls”中不存在类型或命名空间名“ScrollingZoomMode”(是否缺少程序集引用?) [D:\fluentapps\repos\ReactorUWP.core\ReactorUWP.core\ReactorUWP.core.csproj]
D:\fluentapps\repos\ReactorUWP.core\ReactorUWP.core\Core\Element.cs(3042,27): error CS0234: 命名空间“Windows.UI.Xaml.Controls”中不存在类型或命名空间名“ScrollView”(是否缺少程序集引用?) [D:\fluentapps\repos\ReactorUWP.core\ReactorUWP.core\ReactorUWP.core.csproj]
D:\fluentapps\repos\ReactorUWP.core\ReactorUWP.core\Core\Element.cs(3064,12): error CS0246: 未能找到类型或命名空间名“ExpandDirection”(是否缺少 using 指令或程序集引用?) [D:\fluentapps\repos\ReactorUWP.core\ReactorUWP.core\ReactorUWP.core.csproj]
D:\fluentapps\repos\ReactorUWP.core\ReactorUWP.core\Core\Element.cs(3069,27): error CS0234: 命名空间“Windows.UI.Xaml.Controls”中不存在类型或命名空间名“Expander”(是否缺少程序集引用?) [D:\fluentapps\repos\ReactorUWP.core\ReactorUWP.core\ReactorUWP.core.csproj]
D:\fluentapps\repos\ReactorUWP.core\ReactorUWP.core\Core\Element.cs(3232,12): error CS0246: 未能找到类型或命名空间名“TabViewWidthMode”(是否缺少 using 指令或程序集引用?) [D:\fluentapps\repos\ReactorUWP.core\ReactorUWP.core\ReactorUWP.core.csproj]
D:\fluentapps\repos\ReactorUWP.core\ReactorUWP.core\Core\Element.cs(3234,12): error CS0246: 未能找到类型或命名空间名“TabViewCloseButtonOverlayMode”(是否缺少 using 指令或程序集引用?) [D:\fluentapps\repos\ReactorUWP.core\ReactorUWP.core\ReactorUWP.core.csproj]
D:\fluentapps\repos\ReactorUWP.core\ReactorUWP.core\Core\Element.cs(3257,27): error CS0234: 命名空间“Windows.UI.Xaml.Controls”中不存在类型或命名空间名“TabView”(是否缺少程序集引用?) [D:\fluentapps\repos\ReactorUWP.core\ReactorUWP.core\ReactorUWP.core.csproj]
D:\fluentapps\repos\ReactorUWP.core\ReactorUWP.core\Core\Element.cs(3217,27): error CS0234: 命名空间“Windows.UI.Xaml.Controls”中不存在类型或命名空间名“TitleBar”(是否缺少程序集引用?) [D:\fluentapps\repos\ReactorUWP.core\ReactorUWP.core\ReactorUWP.core.csproj]
D:\fluentapps\repos\ReactorUWP.core\ReactorUWP.core\Charting\D3\Color\D3Color.cs(157,28): error CS0246: 未能找到类型或命名空间名“IReadOnlyList<>”(是否缺少 using 指令或程序集引用?) [D:\fluentapps\repos\ReactorUWP.core\ReactorUWP.core\ReactorUWP.core.csproj]
D:\fluentapps\repos\ReactorUWP.core\ReactorUWP.core\Charting\D3\Color\D3Color.cs(164,28): error CS0246: 未能找到类型或命名空间名“IReadOnlyList<>”(是否缺少 using 指令或程序集引用?) [D:\fluentapps\repos\ReactorUWP.core\ReactorUWP.core\ReactorUWP.core.csproj]
D:\fluentapps\repos\ReactorUWP.core\ReactorUWP.core\Charting\D3\Color\D3Color.cs(170,29): error CS0246: 未能找到类型或命名空间名“Dictionary<,>”(是否缺少 using 指令或程序集引用?) [D:\fluentapps\repos\ReactorUWP.core\ReactorUWP.core\ReactorUWP.core.csproj]
D:\fluentapps\repos\ReactorUWP.core\ReactorUWP.core\Core\Element.cs(3270,27): error CS0234: 命名空间“Windows.UI.Xaml.Controls”中不存在类型或命名空间名“BreadcrumbBar”(是否缺少程序集引用?) [D:\fluentapps\repos\ReactorUWP.core\ReactorUWP.core\ReactorUWP.core.csproj]
D:\fluentapps\repos\ReactorUWP.core\ReactorUWP.core\Core\Element.cs(3474,12): error CS0246: 未能找到类型或命名空间名“InfoBarSeverity”(是否缺少 using 指令或程序集引用?) [D:\fluentapps\repos\ReactorUWP.core\ReactorUWP.core\ReactorUWP.core.csproj]
D:\fluentapps\repos\ReactorUWP.core\ReactorUWP.core\Core\Element.cs(3485,27): error CS0234: 命名空间“Windows.UI.Xaml.Controls”中不存在类型或命名空间名“InfoBar”(是否缺少程序集引用?) [D:\fluentapps\repos\ReactorUWP.core\ReactorUWP.core\ReactorUWP.core.csproj]
D:\fluentapps\repos\ReactorUWP.core\ReactorUWP.core\Core\Element.cs(3492,27): error CS0234: 命名空间“Windows.UI.Xaml.Controls”中不存在类型或命名空间名“InfoBadge”(是否缺少程序集引用?) [D:\fluentapps\repos\ReactorUWP.core\ReactorUWP.core\ReactorUWP.core.csproj]
D:\fluentapps\repos\ReactorUWP.core\ReactorUWP.core\Charting\D3\Array\Bin.cs(21,30): error CS0246: 未能找到类型或命名空间名“IReadOnlyList<>”(是否缺少 using 指令或程序集引用?) [D:\fluentapps\repos\ReactorUWP.core\ReactorUWP.core\ReactorUWP.core.csproj]
D:\fluentapps\repos\ReactorUWP.core\ReactorUWP.core\Charting\D3\Array\Bin.cs(69,37): error CS0246: 未能找到类型或命名空间名“Func<,>”(是否缺少 using 指令或程序集引用?) [D:\fluentapps\repos\ReactorUWP.core\ReactorUWP.core\ReactorUWP.core.csproj]
D:\fluentapps\repos\ReactorUWP.core\ReactorUWP.core\Charting\D3\Array\Bin.cs(71,42): error CS0246: 未能找到类型或命名空间名“Func<,,>”(是否缺少 using 指令或程序集引用?) [D:\fluentapps\repos\ReactorUWP.core\ReactorUWP.core\ReactorUWP.core.csproj]
D:\fluentapps\repos\ReactorUWP.core\ReactorUWP.core\Charting\D3\Array\Bin.cs(11,13): error CS0246: 未能找到类型或命名空间名“Func<,>”(是否缺少 using 指令或程序集引用?) [D:\fluentapps\repos\ReactorUWP.core\ReactorUWP.core\ReactorUWP.core.csproj]
D:\fluentapps\repos\ReactorUWP.core\ReactorUWP.core\Charting\D3\Array\Bin.cs(12,13): error CS0246: 未能找到类型或命名空间名“Func<,,>”(是否缺少 using 指令或程序集引用?) [D:\fluentapps\repos\ReactorUWP.core\ReactorUWP.core\ReactorUWP.core.csproj]
D:\fluentapps\repos\ReactorUWP.core\ReactorUWP.core\Charting\D3\Array\Bin.cs(15,25): error CS0246: 未能找到类型或命名空间名“Func<,>”(是否缺少 using 指令或程序集引用?) [D:\fluentapps\repos\ReactorUWP.core\ReactorUWP.core\ReactorUWP.core.csproj]
D:\fluentapps\repos\ReactorUWP.core\ReactorUWP.core\Charting\D3\Array\Bin.cs(105,21): error CS0246: 未能找到类型或命名空间名“List<>”(是否缺少 using 指令或程序集引用?) [D:\fluentapps\repos\ReactorUWP.core\ReactorUWP.core\ReactorUWP.core.csproj]
D:\fluentapps\repos\ReactorUWP.core\ReactorUWP.core\Charting\D3\Array\Bin.cs(115,45): error CS0246: 未能找到类型或命名空间名“Func<,>”(是否缺少 using 指令或程序集引用?) [D:\fluentapps\repos\ReactorUWP.core\ReactorUWP.core\ReactorUWP.core.csproj]
D:\fluentapps\repos\ReactorUWP.core\ReactorUWP.core\Charting\D3\Array\Extent.cs(13,51): error CS0246: 未能找到类型或命名空间名“IEnumerable<>”(是否缺少 using 指令或程序集引用?) [D:\fluentapps\repos\ReactorUWP.core\ReactorUWP.core\ReactorUWP.core.csproj]
D:\fluentapps\repos\ReactorUWP.core\ReactorUWP.core\Charting\D3\Array\Extent.cs(40,54): error CS0246: 未能找到类型或命名空间名“IEnumerable<>”(是否缺少 using 指令或程序集引用?) [D:\fluentapps\repos\ReactorUWP.core\ReactorUWP.core\ReactorUWP.core.csproj]
D:\fluentapps\repos\ReactorUWP.core\ReactorUWP.core\Charting\D3\Array\Extent.cs(40,77): error CS0246: 未能找到类型或命名空间名“Func<,>”(是否缺少 using 指令或程序集引用?) [D:\fluentapps\repos\ReactorUWP.core\ReactorUWP.core\ReactorUWP.core.csproj]
D:\fluentapps\repos\ReactorUWP.core\ReactorUWP.core\Charting\D3\Array\Group.cs(15,9): error CS0246: 未能找到类型或命名空间名“IEnumerable<>”(是否缺少 using 指令或程序集引用?) [D:\fluentapps\repos\ReactorUWP.core\ReactorUWP.core\ReactorUWP.core.csproj]
D:\fluentapps\repos\ReactorUWP.core\ReactorUWP.core\Charting\D3\Array\Group.cs(16,9): error CS0246: 未能找到类型或命名空间名“Func<,>”(是否缺少 using 指令或程序集引用?) [D:\fluentapps\repos\ReactorUWP.core\ReactorUWP.core\ReactorUWP.core.csproj]
D:\fluentapps\repos\ReactorUWP.core\ReactorUWP.core\Charting\D3\Array\Group.cs(14,19): error CS0246: 未能找到类型或命名空间名“Dictionary<,>”(是否缺少 using 指令或程序集引用?) [D:\fluentapps\repos\ReactorUWP.core\ReactorUWP.core\ReactorUWP.core.csproj]
D:\fluentapps\repos\ReactorUWP.core\ReactorUWP.core\Charting\D3\Array\Group.cs(14,36): error CS0246: 未能找到类型或命名空间名“List<>”(是否缺少 using 指令或程序集引用?) [D:\fluentapps\repos\ReactorUWP.core\ReactorUWP.core\ReactorUWP.core.csproj]
D:\fluentapps\repos\ReactorUWP.core\ReactorUWP.core\Charting\D3\Array\Group.cs(36,9): error CS0246: 未能找到类型或命名空间名“IEnumerable<>”(是否缺少 using 指令或程序集引用?) [D:\fluentapps\repos\ReactorUWP.core\ReactorUWP.core\ReactorUWP.core.csproj]
D:\fluentapps\repos\ReactorUWP.core\ReactorUWP.core\Charting\D3\Array\Group.cs(37,9): error CS0246: 未能找到类型或命名空间名“Func<,>”(是否缺少 using 指令或程序集引用?) [D:\fluentapps\repos\ReactorUWP.core\ReactorUWP.core\ReactorUWP.core.csproj]
D:\fluentapps\repos\ReactorUWP.core\ReactorUWP.core\Charting\D3\Array\Group.cs(38,9): error CS0246: 未能找到类型或命名空间名“Func<,>”(是否缺少 using 指令或程序集引用?) [D:\fluentapps\repos\ReactorUWP.core\ReactorUWP.core\ReactorUWP.core.csproj]
D:\fluentapps\repos\ReactorUWP.core\ReactorUWP.core\Charting\D3\Array\Group.cs(38,14): error CS0246: 未能找到类型或命名空间名“IEnumerable<>”(是否缺少 using 指令或程序集引用?) [D:\fluentapps\repos\ReactorUWP.core\ReactorUWP.core\ReactorUWP.core.csproj]
D:\fluentapps\repos\ReactorUWP.core\ReactorUWP.core\Charting\D3\Array\Group.cs(35,19): error CS0246: 未能找到类型或命名空间名“Dictionary<,>”(是否缺少 using 指令或程序集引用?) [D:\fluentapps\repos\ReactorUWP.core\ReactorUWP.core\ReactorUWP.core.csproj]
D:\fluentapps\repos\ReactorUWP.core\ReactorUWP.core\Charting\D3\Array\Group.cs(53,9): error CS0246: 未能找到类型或命名空间名“IEnumerable<>”(是否缺少 using 指令或程序集引用?) [D:\fluentapps\repos\ReactorUWP.core\ReactorUWP.core\ReactorUWP.core.csproj]
D:\fluentapps\repos\ReactorUWP.core\ReactorUWP.core\Charting\D3\Array\Group.cs(54,9): error CS0246: 未能找到类型或命名空间名“Func<,>”(是否缺少 using 指令或程序集引用?) [D:\fluentapps\repos\ReactorUWP.core\ReactorUWP.core\ReactorUWP.core.csproj]
D:\fluentapps\repos\ReactorUWP.core\ReactorUWP.core\Charting\D3\Array\Group.cs(52,19): error CS0246: 未能找到类型或命名空间名“Dictionary<,>”(是否缺少 using 指令或程序集引用?) [D:\fluentapps\repos\ReactorUWP.core\ReactorUWP.core\ReactorUWP.core.csproj]
D:\fluentapps\repos\ReactorUWP.core\ReactorUWP.core\Charting\D3\Array\Statistics.cs(12,30): error CS0246: 未能找到类型或命名空间名“IEnumerable<>”(是否缺少 using 指令或程序集引用?) [D:\fluentapps\repos\ReactorUWP.core\ReactorUWP.core\ReactorUWP.core.csproj]
D:\fluentapps\repos\ReactorUWP.core\ReactorUWP.core\Charting\D3\Array\Statistics.cs(28,33): error CS0246: 未能找到类型或命名空间名“IEnumerable<>”(是否缺少 using 指令或程序集引用?) [D:\fluentapps\repos\ReactorUWP.core\ReactorUWP.core\ReactorUWP.core.csproj]
D:\fluentapps\repos\ReactorUWP.core\ReactorUWP.core\Charting\D3\Array\Statistics.cs(28,56): error CS0246: 未能找到类型或命名空间名“Func<,>”(是否缺少 using 指令或程序集引用?) [D:\fluentapps\repos\ReactorUWP.core\ReactorUWP.core\ReactorUWP.core.csproj]
D:\fluentapps\repos\ReactorUWP.core\ReactorUWP.core\Charting\D3\Array\Statistics.cs(45,30): error CS0246: 未能找到类型或命名空间名“IEnumerable<>”(是否缺少 using 指令或程序集引用?) [D:\fluentapps\repos\ReactorUWP.core\ReactorUWP.core\ReactorUWP.core.csproj]
D:\fluentapps\repos\ReactorUWP.core\ReactorUWP.core\Core\Element.cs(4245,27): error CS0234: 命名空间“Windows.UI.Xaml.Controls”中不存在类型或命名空间名“AnimatedVisualPlayer”(是否缺少程序集引用?) [D:\fluentapps\repos\ReactorUWP.core\ReactorUWP.core\ReactorUWP.core.csproj]
D:\fluentapps\repos\ReactorUWP.core\ReactorUWP.core\Charting\D3\Array\Statistics.cs(61,33): error CS0246: 未能找到类型或命名空间名“IEnumerable<>”(是否缺少 using 指令或程序集引用?) [D:\fluentapps\repos\ReactorUWP.core\ReactorUWP.core\ReactorUWP.core.csproj]
D:\fluentapps\repos\ReactorUWP.core\ReactorUWP.core\Charting\D3\Array\Statistics.cs(61,56): error CS0246: 未能找到类型或命名空间名“Func<,>”(是否缺少 using 指令或程序集引用?) [D:\fluentapps\repos\ReactorUWP.core\ReactorUWP.core\ReactorUWP.core.csproj]
D:\fluentapps\repos\ReactorUWP.core\ReactorUWP.core\Charting\D3\Array\Statistics.cs(78,30): error CS0246: 未能找到类型或命名空间名“IEnumerable<>”(是否缺少 using 指令或程序集引用?) [D:\fluentapps\repos\ReactorUWP.core\ReactorUWP.core\ReactorUWP.core.csproj]
D:\fluentapps\repos\ReactorUWP.core\ReactorUWP.core\Charting\D3\Array\Statistics.cs(89,33): error CS0246: 未能找到类型或命名空间名“IEnumerable<>”(是否缺少 using 指令或程序集引用?) [D:\fluentapps\repos\ReactorUWP.core\ReactorUWP.core\ReactorUWP.core.csproj]
D:\fluentapps\repos\ReactorUWP.core\ReactorUWP.core\Charting\D3\Array\Statistics.cs(89,56): error CS0246: 未能找到类型或命名空间名“Func<,>”(是否缺少 using 指令或程序集引用?) [D:\fluentapps\repos\ReactorUWP.core\ReactorUWP.core\ReactorUWP.core.csproj]
D:\fluentapps\repos\ReactorUWP.core\ReactorUWP.core\Charting\D3\Array\Statistics.cs(101,31): error CS0246: 未能找到类型或命名空间名“IEnumerable<>”(是否缺少 using 指令或程序集引用?) [D:\fluentapps\repos\ReactorUWP.core\ReactorUWP.core\ReactorUWP.core.csproj]
D:\fluentapps\repos\ReactorUWP.core\ReactorUWP.core\Charting\D3\Array\Statistics.cs(117,34): error CS0246: 未能找到类型或命名空间名“IEnumerable<>”(是否缺少 using 指令或程序集引用?) [D:\fluentapps\repos\ReactorUWP.core\ReactorUWP.core\ReactorUWP.core.csproj]
D:\fluentapps\repos\ReactorUWP.core\ReactorUWP.core\Charting\D3\Array\Statistics.cs(117,57): error CS0246: 未能找到类型或命名空间名“Func<,>”(是否缺少 using 指令或程序集引用?) [D:\fluentapps\repos\ReactorUWP.core\ReactorUWP.core\ReactorUWP.core.csproj]
D:\fluentapps\repos\ReactorUWP.core\ReactorUWP.core\Charting\D3\Array\Statistics.cs(134,33): error CS0246: 未能找到类型或命名空间名“IEnumerable<>”(是否缺少 using 指令或程序集引用?) [D:\fluentapps\repos\ReactorUWP.core\ReactorUWP.core\ReactorUWP.core.csproj]
D:\fluentapps\repos\ReactorUWP.core\ReactorUWP.core\Charting\D3\Array\Statistics.cs(140,36): error CS0246: 未能找到类型或命名空间名“IEnumerable<>”(是否缺少 using 指令或程序集引用?) [D:\fluentapps\repos\ReactorUWP.core\ReactorUWP.core\ReactorUWP.core.csproj]
D:\fluentapps\repos\ReactorUWP.core\ReactorUWP.core\Charting\D3\Array\Statistics.cs(140,59): error CS0246: 未能找到类型或命名空间名“Func<,>”(是否缺少 using 指令或程序集引用?) [D:\fluentapps\repos\ReactorUWP.core\ReactorUWP.core\ReactorUWP.core.csproj]
D:\fluentapps\repos\ReactorUWP.core\ReactorUWP.core\Charting\D3\Array\Statistics.cs(149,35): error CS0246: 未能找到类型或命名空间名“IEnumerable<>”(是否缺少 using 指令或程序集引用?) [D:\fluentapps\repos\ReactorUWP.core\ReactorUWP.core\ReactorUWP.core.csproj]
D:\fluentapps\repos\ReactorUWP.core\ReactorUWP.core\Charting\D3\Array\Statistics.cs(174,35): error CS0246: 未能找到类型或命名空间名“IEnumerable<>”(是否缺少 using 指令或程序集引用?) [D:\fluentapps\repos\ReactorUWP.core\ReactorUWP.core\ReactorUWP.core.csproj]
D:\fluentapps\repos\ReactorUWP.core\ReactorUWP.core\Charting\D3\Array\Statistics.cs(191,36): error CS0246: 未能找到类型或命名空间名“IEnumerable<>”(是否缺少 using 指令或程序集引用?) [D:\fluentapps\repos\ReactorUWP.core\ReactorUWP.core\ReactorUWP.core.csproj]
D:\fluentapps\repos\ReactorUWP.core\ReactorUWP.core\Charting\D3\Array\Statistics.cs(198,35): error CS0246: 未能找到类型或命名空间名“IEnumerable<>”(是否缺少 using 指令或程序集引用?) [D:\fluentapps\repos\ReactorUWP.core\ReactorUWP.core\ReactorUWP.core.csproj]
D:\fluentapps\repos\ReactorUWP.core\ReactorUWP.core\Core\Element.cs(4280,27): error CS0234: 命名空间“Windows.UI.Xaml.Controls”中不存在类型或命名空间名“SelectorBar”(是否缺少程序集引用?) [D:\fluentapps\repos\ReactorUWP.core\ReactorUWP.core\ReactorUWP.core.csproj]
D:\fluentapps\repos\ReactorUWP.core\ReactorUWP.core\Charting\D3\Contour\Contour.cs(56,13): error CS0246: 未能找到类型或命名空间名“List<>”(是否缺少 using 指令或程序集引用?) [D:\fluentapps\repos\ReactorUWP.core\ReactorUWP.core\ReactorUWP.core.csproj]
D:\fluentapps\repos\ReactorUWP.core\ReactorUWP.core\Charting\D3\Contour\Contour.cs(56,18): error CS0246: 未能找到类型或命名空间名“List<>”(是否缺少 using 指令或程序集引用?) [D:\fluentapps\repos\ReactorUWP.core\ReactorUWP.core\ReactorUWP.core.csproj]
D:\fluentapps\repos\ReactorUWP.core\ReactorUWP.core\Charting\D3\Contour\Contour.cs(116,9): error CS0246: 未能找到类型或命名空间名“List<>”(是否缺少 using 指令或程序集引用?) [D:\fluentapps\repos\ReactorUWP.core\ReactorUWP.core\ReactorUWP.core.csproj]
D:\fluentapps\repos\ReactorUWP.core\ReactorUWP.core\Charting\D3\Contour\Contour.cs(115,20): error CS0246: 未能找到类型或命名空间名“List<>”(是否缺少 using 指令或程序集引用?) [D:\fluentapps\repos\ReactorUWP.core\ReactorUWP.core\ReactorUWP.core.csproj]
D:\fluentapps\repos\ReactorUWP.core\ReactorUWP.core\Charting\D3\Contour\Contour.cs(115,25): error CS0246: 未能找到类型或命名空间名“List<>”(是否缺少 using 指令或程序集引用?) [D:\fluentapps\repos\ReactorUWP.core\ReactorUWP.core\ReactorUWP.core.csproj]
D:\fluentapps\repos\ReactorUWP.core\ReactorUWP.core\Charting\D3\Contour\Contour.cs(188,43): error CS0246: 未能找到类型或命名空间名“IReadOnlyList<>”(是否缺少 using 指令或程序集引用?) [D:\fluentapps\repos\ReactorUWP.core\ReactorUWP.core\ReactorUWP.core.csproj]
D:\fluentapps\repos\ReactorUWP.core\ReactorUWP.core\Core\Element.cs(4292,12): error CS0246: 未能找到类型或命名空间名“PipsPagerWrapMode”(是否缺少 using 指令或程序集引用?) [D:\fluentapps\repos\ReactorUWP.core\ReactorUWP.core\ReactorUWP.core.csproj]
D:\fluentapps\repos\ReactorUWP.core\ReactorUWP.core\Charting\D3\Contour\Contour.cs(254,21): error CS0246: 未能找到类型或命名空间名“List<>”(是否缺少 using 指令或程序集引用?) [D:\fluentapps\repos\ReactorUWP.core\ReactorUWP.core\ReactorUWP.core.csproj]
D:\fluentapps\repos\ReactorUWP.core\ReactorUWP.core\Charting\D3\Contour\Contour.cs(254,26): error CS0246: 未能找到类型或命名空间名“List<>”(是否缺少 using 指令或程序集引用?) [D:\fluentapps\repos\ReactorUWP.core\ReactorUWP.core\ReactorUWP.core.csproj]
D:\fluentapps\repos\ReactorUWP.core\ReactorUWP.core\Core\Element.cs(4296,12): error CS0246: 未能找到类型或命名空间名“PipsPagerButtonVisibility”(是否缺少 using 指令或程序集引用?) [D:\fluentapps\repos\ReactorUWP.core\ReactorUWP.core\ReactorUWP.core.csproj]
D:\fluentapps\repos\ReactorUWP.core\ReactorUWP.core\Charting\D3\Format\Format.cs(21,19): error CS0246: 未能找到类型或命名空间名“Func<,>”(是否缺少 using 指令或程序集引用?) [D:\fluentapps\repos\ReactorUWP.core\ReactorUWP.core\ReactorUWP.core.csproj]
D:\fluentapps\repos\ReactorUWP.core\ReactorUWP.core\Charting\D3\Format\Format.cs(37,19): error CS0246: 未能找到类型或命名空间名“Func<,>”(是否缺少 using 指令或程序集引用?) [D:\fluentapps\repos\ReactorUWP.core\ReactorUWP.core\ReactorUWP.core.csproj]
D:\fluentapps\repos\ReactorUWP.core\ReactorUWP.core\Core\Element.cs(4298,12): error CS0246: 未能找到类型或命名空间名“PipsPagerButtonVisibility”(是否缺少 using 指令或程序集引用?) [D:\fluentapps\repos\ReactorUWP.core\ReactorUWP.core\ReactorUWP.core.csproj]
D:\fluentapps\repos\ReactorUWP.core\ReactorUWP.core\Charting\D3\Ease\Ease.cs(44,19): error CS0246: 未能找到类型或命名空间名“Func<,>”(是否缺少 using 指令或程序集引用?) [D:\fluentapps\repos\ReactorUWP.core\ReactorUWP.core\ReactorUWP.core.csproj]
D:\fluentapps\repos\ReactorUWP.core\ReactorUWP.core\Charting\D3\Ease\Ease.cs(48,19): error CS0246: 未能找到类型或命名空间名“Func<,>”(是否缺少 using 指令或程序集引用?) [D:\fluentapps\repos\ReactorUWP.core\ReactorUWP.core\ReactorUWP.core.csproj]
D:\fluentapps\repos\ReactorUWP.core\ReactorUWP.core\Core\Element.cs(4299,27): error CS0234: 命名空间“Windows.UI.Xaml.Controls”中不存在类型或命名空间名“PipsPager”(是否缺少程序集引用?) [D:\fluentapps\repos\ReactorUWP.core\ReactorUWP.core\ReactorUWP.core.csproj]
D:\fluentapps\repos\ReactorUWP.core\ReactorUWP.core\Charting\D3\Ease\Ease.cs(52,19): error CS0246: 未能找到类型或命名空间名“Func<,>”(是否缺少 using 指令或程序集引用?) [D:\fluentapps\repos\ReactorUWP.core\ReactorUWP.core\ReactorUWP.core.csproj]
D:\fluentapps\repos\ReactorUWP.core\ReactorUWP.core\Charting\D3\Ease\Ease.cs(97,19): error CS0246: 未能找到类型或命名空间名“Func<,>”(是否缺少 using 指令或程序集引用?) [D:\fluentapps\repos\ReactorUWP.core\ReactorUWP.core\ReactorUWP.core.csproj]
D:\fluentapps\repos\ReactorUWP.core\ReactorUWP.core\Charting\D3\Ease\Ease.cs(104,19): error CS0246: 未能找到类型或命名空间名“Func<,>”(是否缺少 using 指令或程序集引用?) [D:\fluentapps\repos\ReactorUWP.core\ReactorUWP.core\ReactorUWP.core.csproj]
D:\fluentapps\repos\ReactorUWP.core\ReactorUWP.core\Charting\D3\Ease\Ease.cs(111,19): error CS0246: 未能找到类型或命名空间名“Func<,>”(是否缺少 using 指令或程序集引用?) [D:\fluentapps\repos\ReactorUWP.core\ReactorUWP.core\ReactorUWP.core.csproj]
D:\fluentapps\repos\ReactorUWP.core\ReactorUWP.core\Charting\D3\Interpolate\Interpolate.cs(14,19): error CS0246: 未能找到类型或命名空间名“Func<,>”(是否缺少 using 指令或程序集引用?) [D:\fluentapps\repos\ReactorUWP.core\ReactorUWP.core\ReactorUWP.core.csproj]
D:\fluentapps\repos\ReactorUWP.core\ReactorUWP.core\Charting\D3\Ease\Ease.cs(124,19): error CS0246: 未能找到类型或命名空间名“Func<,>”(是否缺少 using 指令或程序集引用?) [D:\fluentapps\repos\ReactorUWP.core\ReactorUWP.core\ReactorUWP.core.csproj]
D:\fluentapps\repos\ReactorUWP.core\ReactorUWP.core\Charting\D3\Interpolate\Interpolate.cs(22,19): error CS0246: 未能找到类型或命名空间名“Func<,>”(是否缺少 using 指令或程序集引用?) [D:\fluentapps\repos\ReactorUWP.core\ReactorUWP.core\ReactorUWP.core.csproj]
D:\fluentapps\repos\ReactorUWP.core\ReactorUWP.core\Charting\D3\Ease\Ease.cs(132,19): error CS0246: 未能找到类型或命名空间名“Func<,>”(是否缺少 using 指令或程序集引用?) [D:\fluentapps\repos\ReactorUWP.core\ReactorUWP.core\ReactorUWP.core.csproj]
D:\fluentapps\repos\ReactorUWP.core\ReactorUWP.core\Charting\D3\Ease\Ease.cs(140,19): error CS0246: 未能找到类型或命名空间名“Func<,>”(是否缺少 using 指令或程序集引用?) [D:\fluentapps\repos\ReactorUWP.core\ReactorUWP.core\ReactorUWP.core.csproj]
D:\fluentapps\repos\ReactorUWP.core\ReactorUWP.core\Charting\D3\Interpolate\InterpolateColor.cs(15,19): error CS0246: 未能找到类型或命名空间名“Func<,>”(是否缺少 using 指令或程序集引用?) [D:\fluentapps\repos\ReactorUWP.core\ReactorUWP.core\ReactorUWP.core.csproj]
D:\fluentapps\repos\ReactorUWP.core\ReactorUWP.core\Charting\D3\Interpolate\InterpolateColor.cs(28,19): error CS0246: 未能找到类型或命名空间名“Func<,>”(是否缺少 using 指令或程序集引用?) [D:\fluentapps\repos\ReactorUWP.core\ReactorUWP.core\ReactorUWP.core.csproj]
D:\fluentapps\repos\ReactorUWP.core\ReactorUWP.core\Charting\D3\Interpolate\InterpolateColor.cs(37,19): error CS0246: 未能找到类型或命名空间名“Func<,>”(是否缺少 using 指令或程序集引用?) [D:\fluentapps\repos\ReactorUWP.core\ReactorUWP.core\ReactorUWP.core.csproj]
D:\fluentapps\repos\ReactorUWP.core\ReactorUWP.core\Charting\D3\Interpolate\InterpolateColor.cs(61,47): error CS0246: 未能找到类型或命名空间名“DateTime”(是否缺少 using 指令或程序集引用?) [D:\fluentapps\repos\ReactorUWP.core\ReactorUWP.core\ReactorUWP.core.csproj]
D:\fluentapps\repos\ReactorUWP.core\ReactorUWP.core\Charting\D3\Interpolate\InterpolateColor.cs(61,59): error CS0246: 未能找到类型或命名空间名“DateTime”(是否缺少 using 指令或程序集引用?) [D:\fluentapps\repos\ReactorUWP.core\ReactorUWP.core\ReactorUWP.core.csproj]
D:\fluentapps\repos\ReactorUWP.core\ReactorUWP.core\Charting\D3\Interpolate\InterpolateColor.cs(61,19): error CS0246: 未能找到类型或命名空间名“Func<,>”(是否缺少 using 指令或程序集引用?) [D:\fluentapps\repos\ReactorUWP.core\ReactorUWP.core\ReactorUWP.core.csproj]
D:\fluentapps\repos\ReactorUWP.core\ReactorUWP.core\Charting\D3\Interpolate\InterpolateColor.cs(61,32): error CS0246: 未能找到类型或命名空间名“DateTime”(是否缺少 using 指令或程序集引用?) [D:\fluentapps\repos\ReactorUWP.core\ReactorUWP.core\ReactorUWP.core.csproj]
D:\fluentapps\repos\ReactorUWP.core\ReactorUWP.core\Charting\D3\Interpolate\InterpolateColor.cs(72,19): error CS0246: 未能找到类型或命名空间名“Func<,>”(是否缺少 using 指令或程序集引用?) [D:\fluentapps\repos\ReactorUWP.core\ReactorUWP.core\ReactorUWP.core.csproj]
D:\fluentapps\repos\ReactorUWP.core\ReactorUWP.core\Core\Element.cs(3460,12): error CS0246: 未能找到类型或命名空间名“TeachingTipPlacementMode”(是否缺少 using 指令或程序集引用?) [D:\fluentapps\repos\ReactorUWP.core\ReactorUWP.core\ReactorUWP.core.csproj]
D:\fluentapps\repos\ReactorUWP.core\ReactorUWP.core\Core\Element.cs(3461,27): error CS0234: 命名空间“Windows.UI.Xaml.Controls”中不存在类型或命名空间名“TeachingTip”(是否缺少程序集引用?) [D:\fluentapps\repos\ReactorUWP.core\ReactorUWP.core\ReactorUWP.core.csproj]
D:\fluentapps\repos\ReactorUWP.core\ReactorUWP.core\Core\Element.cs(4305,27): error CS0234: 命名空间“Windows.UI.Xaml.Controls”中不存在类型或命名空间名“AnnotatedScrollBar”(是否缺少程序集引用?) [D:\fluentapps\repos\ReactorUWP.core\ReactorUWP.core\ReactorUWP.core.csproj]
D:\fluentapps\repos\ReactorUWP.core\ReactorUWP.core\Charting\D3\Layout\Cluster.cs(23,40): error CS0246: 未能找到类型或命名空间名“Func<,,>”(是否缺少 using 指令或程序集引用?) [D:\fluentapps\repos\ReactorUWP.core\ReactorUWP.core\ReactorUWP.core.csproj]
D:\fluentapps\repos\ReactorUWP.core\ReactorUWP.core\Charting\D3\Layout\Cluster.cs(33,42): error CS0246: 未能找到类型或命名空间名“Func<,>”(是否缺少 using 指令或程序集引用?) [D:\fluentapps\repos\ReactorUWP.core\ReactorUWP.core\ReactorUWP.core.csproj]
D:\fluentapps\repos\ReactorUWP.core\ReactorUWP.core\Charting\D3\Layout\Cluster.cs(33,50): error CS0246: 未能找到类型或命名空间名“IEnumerable<>”(是否缺少 using 指令或程序集引用?) [D:\fluentapps\repos\ReactorUWP.core\ReactorUWP.core\ReactorUWP.core.csproj]
D:\fluentapps\repos\ReactorUWP.core\ReactorUWP.core\Charting\D3\Layout\Cluster.cs(93,58): error CS0246: 未能找到类型或命名空间名“Func<,>”(是否缺少 using 指令或程序集引用?) [D:\fluentapps\repos\ReactorUWP.core\ReactorUWP.core\ReactorUWP.core.csproj]
D:\fluentapps\repos\ReactorUWP.core\ReactorUWP.core\Charting\D3\Layout\Cluster.cs(93,66): error CS0246: 未能找到类型或命名空间名“IEnumerable<>”(是否缺少 using 指令或程序集引用?) [D:\fluentapps\repos\ReactorUWP.core\ReactorUWP.core\ReactorUWP.core.csproj]
D:\fluentapps\repos\ReactorUWP.core\ReactorUWP.core\Charting\D3\Layout\Cluster.cs(130,49): error CS0246: 未能找到类型或命名空间名“Action<>”(是否缺少 using 指令或程序集引用?) [D:\fluentapps\repos\ReactorUWP.core\ReactorUWP.core\ReactorUWP.core.csproj]
D:\fluentapps\repos\ReactorUWP.core\ReactorUWP.core\Charting\D3\Layout\Cluster.cs(137,54): error CS0246: 未能找到类型或命名空间名“Action<>”(是否缺少 using 指令或程序集引用?) [D:\fluentapps\repos\ReactorUWP.core\ReactorUWP.core\ReactorUWP.core.csproj]
D:\fluentapps\repos\ReactorUWP.core\ReactorUWP.core\Charting\D3\Layout\Cluster.cs(15,13): error CS0246: 未能找到类型或命名空间名“Func<,,>”(是否缺少 using 指令或程序集引用?) [D:\fluentapps\repos\ReactorUWP.core\ReactorUWP.core\ReactorUWP.core.csproj]
D:\fluentapps\repos\ReactorUWP.core\ReactorUWP.core\Charting\D3\Layout\ForceSimulation.cs(56,12): error CS0246: 未能找到类型或命名空间名“IReadOnlyList<>”(是否缺少 using 指令或程序集引用?) [D:\fluentapps\repos\ReactorUWP.core\ReactorUWP.core\ReactorUWP.core.csproj]
D:\fluentapps\repos\ReactorUWP.core\ReactorUWP.core\Charting\D3\Layout\ForceSimulation.cs(57,12): error CS0246: 未能找到类型或命名空间名“IReadOnlyList<>”(是否缺少 using 指令或程序集引用?) [D:\fluentapps\repos\ReactorUWP.core\ReactorUWP.core\ReactorUWP.core.csproj]
D:\fluentapps\repos\ReactorUWP.core\ReactorUWP.core\Core\IItemsRepeaterFactorySource.cs(40,32): error CS0234: 命名空间“Windows.UI.Xaml.Controls”中不存在类型或命名空间名“ItemsRepeater”(是否缺少程序集引用?) [D:\fluentapps\repos\ReactorUWP.core\ReactorUWP.core\ReactorUWP.core.csproj]
D:\fluentapps\repos\ReactorUWP.core\ReactorUWP.core\Charting\D3\Layout\ForceSimulation.cs(62,37): error CS0246: 未能找到类型或命名空间名“IEnumerable<>”(是否缺少 using 指令或程序集引用?) [D:\fluentapps\repos\ReactorUWP.core\ReactorUWP.core\ReactorUWP.core.csproj]
D:\fluentapps\repos\ReactorUWP.core\ReactorUWP.core\Charting\D3\Layout\ForceSimulation.cs(74,37): error CS0246: 未能找到类型或命名空间名“IEnumerable<>”(是否缺少 using 指令或程序集引用?) [D:\fluentapps\repos\ReactorUWP.core\ReactorUWP.core\ReactorUWP.core.csproj]
D:\fluentapps\repos\ReactorUWP.core\ReactorUWP.core\Charting\D3\Layout\Sankey.cs(180,36): error CS0246: 未能找到类型或命名空间名“List<>”(是否缺少 using 指令或程序集引用?) [D:\fluentapps\repos\ReactorUWP.core\ReactorUWP.core\ReactorUWP.core.csproj]
D:\fluentapps\repos\ReactorUWP.core\ReactorUWP.core\Core\IItemsRepeaterFactorySource.cs(72,62): error CS0234: 命名空间“Windows.UI.Xaml.Controls”中不存在类型或命名空间名“ItemsRepeater”(是否缺少程序集引用?) [D:\fluentapps\repos\ReactorUWP.core\ReactorUWP.core\ReactorUWP.core.csproj]
D:\fluentapps\repos\ReactorUWP.core\ReactorUWP.core\Charting\D3\Layout\ForceSimulation.cs(38,22): error CS0246: 未能找到类型或命名空间名“List<>”(是否缺少 using 指令或程序集引用?) [D:\fluentapps\repos\ReactorUWP.core\ReactorUWP.core\ReactorUWP.core.csproj]
D:\fluentapps\repos\ReactorUWP.core\ReactorUWP.core\Charting\D3\Layout\ForceSimulation.cs(39,22): error CS0246: 未能找到类型或命名空间名“List<>”(是否缺少 using 指令或程序集引用?) [D:\fluentapps\repos\ReactorUWP.core\ReactorUWP.core\ReactorUWP.core.csproj]
D:\fluentapps\repos\ReactorUWP.core\ReactorUWP.core\Charting\D3\Layout\ForceSimulation.cs(247,22): error CS0246: 未能找到类型或命名空间名“Random”(是否缺少 using 指令或程序集引用?) [D:\fluentapps\repos\ReactorUWP.core\ReactorUWP.core\ReactorUWP.core.csproj]
D:\fluentapps\repos\ReactorUWP.core\ReactorUWP.core\Charting\D3\Layout\Sankey.cs(288,12): error CS0246: 未能找到类型或命名空间名“List<>”(是否缺少 using 指令或程序集引用?) [D:\fluentapps\repos\ReactorUWP.core\ReactorUWP.core\ReactorUWP.core.csproj]
D:\fluentapps\repos\ReactorUWP.core\ReactorUWP.core\Charting\D3\Layout\Sankey.cs(289,12): error CS0246: 未能找到类型或命名空间名“List<>”(是否缺少 using 指令或程序集引用?) [D:\fluentapps\repos\ReactorUWP.core\ReactorUWP.core\ReactorUWP.core.csproj]
D:\fluentapps\repos\ReactorUWP.core\ReactorUWP.core\Charting\D3\Layout\Sankey.cs(304,12): error CS0246: 未能找到类型或命名空间名“List<>”(是否缺少 using 指令或程序集引用?) [D:\fluentapps\repos\ReactorUWP.core\ReactorUWP.core\ReactorUWP.core.csproj]
D:\fluentapps\repos\ReactorUWP.core\ReactorUWP.core\Charting\D3\Layout\Sankey.cs(305,12): error CS0246: 未能找到类型或命名空间名“List<>”(是否缺少 using 指令或程序集引用?) [D:\fluentapps\repos\ReactorUWP.core\ReactorUWP.core\ReactorUWP.core.csproj]
D:\fluentapps\repos\ReactorUWP.core\ReactorUWP.core\Charting\D3\Layout\Pack.cs(18,39): error CS0246: 未能找到类型或命名空间名“Func<,>”(是否缺少 using 指令或程序集引用?) [D:\fluentapps\repos\ReactorUWP.core\ReactorUWP.core\ReactorUWP.core.csproj]
D:\fluentapps\repos\ReactorUWP.core\ReactorUWP.core\Charting\D3\Layout\Pack.cs(18,47): error CS0246: 未能找到类型或命名空间名“IEnumerable<>”(是否缺少 using 指令或程序集引用?) [D:\fluentapps\repos\ReactorUWP.core\ReactorUWP.core\ReactorUWP.core.csproj]
D:\fluentapps\repos\ReactorUWP.core\ReactorUWP.core\Charting\D3\Layout\Pack.cs(18,74): error CS0246: 未能找到类型或命名空间名“Func<,>”(是否缺少 using 指令或程序集引用?) [D:\fluentapps\repos\ReactorUWP.core\ReactorUWP.core\ReactorUWP.core.csproj]
D:\fluentapps\repos\ReactorUWP.core\ReactorUWP.core\Charting\D3\Layout\Pack.cs(30,43): error CS0246: 未能找到类型或命名空间名“Func<,>”(是否缺少 using 指令或程序集引用?) [D:\fluentapps\repos\ReactorUWP.core\ReactorUWP.core\ReactorUWP.core.csproj]
D:\fluentapps\repos\ReactorUWP.core\ReactorUWP.core\Charting\D3\Layout\Pack.cs(30,51): error CS0246: 未能找到类型或命名空间名“IEnumerable<>”(是否缺少 using 指令或程序集引用?) [D:\fluentapps\repos\ReactorUWP.core\ReactorUWP.core\ReactorUWP.core.csproj]
D:\fluentapps\repos\ReactorUWP.core\ReactorUWP.core\Charting\D3\Layout\Pack.cs(42,46): error CS0246: 未能找到类型或命名空间名“Func<,>”(是否缺少 using 指令或程序集引用?) [D:\fluentapps\repos\ReactorUWP.core\ReactorUWP.core\ReactorUWP.core.csproj]
D:\fluentapps\repos\ReactorUWP.core\ReactorUWP.core\Charting\D3\Layout\Pack.cs(163,20): error CS0246: 未能找到类型或命名空间名“List<>”(是否缺少 using 指令或程序集引用?) [D:\fluentapps\repos\ReactorUWP.core\ReactorUWP.core\ReactorUWP.core.csproj]
D:\fluentapps\repos\ReactorUWP.core\ReactorUWP.core\Charting\D3\Layout\Stratify.cs(14,30): error CS0246: 未能找到类型或命名空间名“Func<,>”(是否缺少 using 指令或程序集引用?) [D:\fluentapps\repos\ReactorUWP.core\ReactorUWP.core\ReactorUWP.core.csproj]
D:\fluentapps\repos\ReactorUWP.core\ReactorUWP.core\Charting\D3\Layout\Stratify.cs(15,36): error CS0246: 未能找到类型或命名空间名“Func<,>”(是否缺少 using 指令或程序集引用?) [D:\fluentapps\repos\ReactorUWP.core\ReactorUWP.core\ReactorUWP.core.csproj]
D:\fluentapps\repos\ReactorUWP.core\ReactorUWP.core\Charting\D3\Layout\Pack.cs(208,12): error CS0246: 未能找到类型或命名空间名“List<>”(是否缺少 using 指令或程序集引用?) [D:\fluentapps\repos\ReactorUWP.core\ReactorUWP.core\ReactorUWP.core.csproj]
D:\fluentapps\repos\ReactorUWP.core\ReactorUWP.core\Charting\D3\Layout\Stratify.cs(21,30): error CS0246: 未能找到类型或命名空间名“IEnumerable<>”(是否缺少 using 指令或程序集引用?) [D:\fluentapps\repos\ReactorUWP.core\ReactorUWP.core\ReactorUWP.core.csproj]
D:\fluentapps\repos\ReactorUWP.core\ReactorUWP.core\Charting\D3\Layout\Stratify.cs(71,40): error CS0246: 未能找到类型或命名空间名“IEnumerable<>”(是否缺少 using 指令或程序集引用?) [D:\fluentapps\repos\ReactorUWP.core\ReactorUWP.core\ReactorUWP.core.csproj]
D:\fluentapps\repos\ReactorUWP.core\ReactorUWP.core\Charting\D3\Layout\Stratify.cs(71,61): error CS0246: 未能找到类型或命名空间名“Func<,>”(是否缺少 using 指令或程序集引用?) [D:\fluentapps\repos\ReactorUWP.core\ReactorUWP.core\ReactorUWP.core.csproj]
D:\fluentapps\repos\ReactorUWP.core\ReactorUWP.core\Charting\D3\Layout\Pack.cs(216,12): error CS0246: 未能找到类型或命名空间名“IEnumerable<>”(是否缺少 using 指令或程序集引用?) [D:\fluentapps\repos\ReactorUWP.core\ReactorUWP.core\ReactorUWP.core.csproj]
D:\fluentapps\repos\ReactorUWP.core\ReactorUWP.core\Charting\D3\Layout\Pack.cs(237,12): error CS0246: 未能找到类型或命名空间名“IEnumerable<>”(是否缺少 using 指令或程序集引用?) [D:\fluentapps\repos\ReactorUWP.core\ReactorUWP.core\ReactorUWP.core.csproj]
D:\fluentapps\repos\ReactorUWP.core\ReactorUWP.core\Charting\D3\Layout\Stratify.cs(80,44): error CS0246: 未能找到类型或命名空间名“IEnumerable<>”(是否缺少 using 指令或程序集引用?) [D:\fluentapps\repos\ReactorUWP.core\ReactorUWP.core\ReactorUWP.core.csproj]
D:\fluentapps\repos\ReactorUWP.core\ReactorUWP.core\Charting\D3\Layout\Stratify.cs(80,65): error CS0246: 未能找到类型或命名空间名“Func<,>”(是否缺少 using 指令或程序集引用?) [D:\fluentapps\repos\ReactorUWP.core\ReactorUWP.core\ReactorUWP.core.csproj]
D:\fluentapps\repos\ReactorUWP.core\ReactorUWP.core\Core\Element.cs(3952,27): error CS0234: 命名空间“Windows.UI.Xaml.Controls”中不存在类型或命名空间名“ItemsRepeater”(是否缺少程序集引用?) [D:\fluentapps\repos\ReactorUWP.core\ReactorUWP.core\ReactorUWP.core.csproj]
D:\fluentapps\repos\ReactorUWP.core\ReactorUWP.core\Charting\D3\Layout\Stratify.cs(93,96): error CS0246: 未能找到类型或命名空间名“Func<,>”(是否缺少 using 指令或程序集引用?) [D:\fluentapps\repos\ReactorUWP.core\ReactorUWP.core\ReactorUWP.core.csproj]
D:\fluentapps\repos\ReactorUWP.core\ReactorUWP.core\Charting\D3\Layout\Stratify.cs(107,102): error CS0246: 未能找到类型或命名空间名“Func<,>”(是否缺少 using 指令或程序集引用?) [D:\fluentapps\repos\ReactorUWP.core\ReactorUWP.core\ReactorUWP.core.csproj]
D:\fluentapps\repos\ReactorUWP.core\ReactorUWP.core\Charting\D3\Layout\Stratify.cs(11,13): error CS0246: 未能找到类型或命名空间名“Func<,>”(是否缺少 using 指令或程序集引用?) [D:\fluentapps\repos\ReactorUWP.core\ReactorUWP.core\ReactorUWP.core.csproj]
D:\fluentapps\repos\ReactorUWP.core\ReactorUWP.core\Charting\D3\Layout\Stratify.cs(12,13): error CS0246: 未能找到类型或命名空间名“Func<,>”(是否缺少 using 指令或程序集引用?) [D:\fluentapps\repos\ReactorUWP.core\ReactorUWP.core\ReactorUWP.core.csproj]
D:\fluentapps\repos\ReactorUWP.core\ReactorUWP.core\Core\Element.cs(4412,27): error CS0234: 命名空间“Windows.UI.Xaml.Controls”中不存在类型或命名空间名“AnimatedIcon”(是否缺少程序集引用?) [D:\fluentapps\repos\ReactorUWP.core\ReactorUWP.core\ReactorUWP.core.csproj]
D:\fluentapps\repos\ReactorUWP.core\ReactorUWP.core\Core\Element.cs(3924,78): error CS0234: 命名空间“Windows.UI.Xaml.Controls”中不存在类型或命名空间名“ItemsRepeater”(是否缺少程序集引用?) [D:\fluentapps\repos\ReactorUWP.core\ReactorUWP.core\ReactorUWP.core.csproj]
D:\fluentapps\repos\ReactorUWP.core\ReactorUWP.core\Charting\D3\Layout\Partition.cs(19,44): error CS0246: 未能找到类型或命名空间名“Func<,>”(是否缺少 using 指令或程序集引用?) [D:\fluentapps\repos\ReactorUWP.core\ReactorUWP.core\ReactorUWP.core.csproj]
D:\fluentapps\repos\ReactorUWP.core\ReactorUWP.core\Charting\D3\Layout\Partition.cs(19,52): error CS0246: 未能找到类型或命名空间名“IEnumerable<>”(是否缺少 using 指令或程序集引用?) [D:\fluentapps\repos\ReactorUWP.core\ReactorUWP.core\ReactorUWP.core.csproj]
D:\fluentapps\repos\ReactorUWP.core\ReactorUWP.core\Charting\D3\Layout\Partition.cs(19,79): error CS0246: 未能找到类型或命名空间名“Func<,>”(是否缺少 using 指令或程序集引用?) [D:\fluentapps\repos\ReactorUWP.core\ReactorUWP.core\ReactorUWP.core.csproj]
D:\fluentapps\repos\ReactorUWP.core\ReactorUWP.core\Core\Element.cs(3935,60): error CS0234: 命名空间“Windows.UI.Xaml.Controls”中不存在类型或命名空间名“ItemsRepeater”(是否缺少程序集引用?) [D:\fluentapps\repos\ReactorUWP.core\ReactorUWP.core\ReactorUWP.core.csproj]
D:\fluentapps\repos\ReactorUWP.core\ReactorUWP.core\Charting\D3\Layout\Partition.cs(88,48): error CS0246: 未能找到类型或命名空间名“Func<,>”(是否缺少 using 指令或程序集引用?) [D:\fluentapps\repos\ReactorUWP.core\ReactorUWP.core\ReactorUWP.core.csproj]
D:\fluentapps\repos\ReactorUWP.core\ReactorUWP.core\Charting\D3\Layout\Partition.cs(88,56): error CS0246: 未能找到类型或命名空间名“IEnumerable<>”(是否缺少 using 指令或程序集引用?) [D:\fluentapps\repos\ReactorUWP.core\ReactorUWP.core\ReactorUWP.core.csproj]
D:\fluentapps\repos\ReactorUWP.core\ReactorUWP.core\Charting\D3\Layout\TreeLayout.cs(13,12): error CS0246: 未能找到类型或命名空间名“List<>”(是否缺少 using 指令或程序集引用?) [D:\fluentapps\repos\ReactorUWP.core\ReactorUWP.core\ReactorUWP.core.csproj]
D:\fluentapps\repos\ReactorUWP.core\ReactorUWP.core\Charting\D3\Layout\Partition.cs(100,51): error CS0246: 未能找到类型或命名空间名“Func<,>”(是否缺少 using 指令或程序集引用?) [D:\fluentapps\repos\ReactorUWP.core\ReactorUWP.core\ReactorUWP.core.csproj]
D:\fluentapps\repos\ReactorUWP.core\ReactorUWP.core\Charting\D3\Layout\Partition.cs(127,54): error CS0246: 未能找到类型或命名空间名“Action<>”(是否缺少 using 指令或程序集引用?) [D:\fluentapps\repos\ReactorUWP.core\ReactorUWP.core\ReactorUWP.core.csproj]
D:\fluentapps\repos\ReactorUWP.core\ReactorUWP.core\Charting\D3\Layout\TreeLayout.cs(30,12): error CS0246: 未能找到类型或命名空间名“IEnumerable<>”(是否缺少 using 指令或程序集引用?) [D:\fluentapps\repos\ReactorUWP.core\ReactorUWP.core\ReactorUWP.core.csproj]
D:\fluentapps\repos\ReactorUWP.core\ReactorUWP.core\Charting\D3\Layout\Partition.cs(139,12): error CS0246: 未能找到类型或命名空间名“List<>”(是否缺少 using 指令或程序集引用?) [D:\fluentapps\repos\ReactorUWP.core\ReactorUWP.core\ReactorUWP.core.csproj]
D:\fluentapps\repos\ReactorUWP.core\ReactorUWP.core\Charting\D3\Layout\Partition.cs(154,12): error CS0246: 未能找到类型或命名空间名“IEnumerable<>”(是否缺少 using 指令或程序集引用?) [D:\fluentapps\repos\ReactorUWP.core\ReactorUWP.core\ReactorUWP.core.csproj]
D:\fluentapps\repos\ReactorUWP.core\ReactorUWP.core\Charting\D3\Layout\Partition.cs(175,12): error CS0246: 未能找到类型或命名空间名“IEnumerable<>”(是否缺少 using 指令或程序集引用?) [D:\fluentapps\repos\ReactorUWP.core\ReactorUWP.core\ReactorUWP.core.csproj]
D:\fluentapps\repos\ReactorUWP.core\ReactorUWP.core\Charting\D3\Layout\Partition.cs(181,12): error CS0246: 未能找到类型或命名空间名“IEnumerable<>”(是否缺少 using 指令或程序集引用?) [D:\fluentapps\repos\ReactorUWP.core\ReactorUWP.core\ReactorUWP.core.csproj]
D:\fluentapps\repos\ReactorUWP.core\ReactorUWP.core\Charting\D3\Layout\TreeLayout.cs(67,42): error CS0246: 未能找到类型或命名空间名“Func<,>”(是否缺少 using 指令或程序集引用?) [D:\fluentapps\repos\ReactorUWP.core\ReactorUWP.core\ReactorUWP.core.csproj]
D:\fluentapps\repos\ReactorUWP.core\ReactorUWP.core\Charting\D3\Layout\TreeLayout.cs(67,50): error CS0246: 未能找到类型或命名空间名“IEnumerable<>”(是否缺少 using 指令或程序集引用?) [D:\fluentapps\repos\ReactorUWP.core\ReactorUWP.core\ReactorUWP.core.csproj]
D:\fluentapps\repos\ReactorUWP.core\ReactorUWP.core\Charting\D3\Layout\TreeLayout.cs(74,58): error CS0246: 未能找到类型或命名空间名“Func<,>”(是否缺少 using 指令或程序集引用?) [D:\fluentapps\repos\ReactorUWP.core\ReactorUWP.core\ReactorUWP.core.csproj]
D:\fluentapps\repos\ReactorUWP.core\ReactorUWP.core\Charting\D3\Layout\TreeLayout.cs(74,66): error CS0246: 未能找到类型或命名空间名“IEnumerable<>”(是否缺少 using 指令或程序集引用?) [D:\fluentapps\repos\ReactorUWP.core\ReactorUWP.core\ReactorUWP.core.csproj]
D:\fluentapps\repos\ReactorUWP.core\ReactorUWP.core\Charting\D3\Layout\TreeLayout.cs(274,49): error CS0246: 未能找到类型或命名空间名“Action<>”(是否缺少 using 指令或程序集引用?) [D:\fluentapps\repos\ReactorUWP.core\ReactorUWP.core\ReactorUWP.core.csproj]
D:\fluentapps\repos\ReactorUWP.core\ReactorUWP.core\Charting\D3\Scale\LinearScale.cs(157,20): error CS0246: 未能找到类型或命名空间名“Func<,>”(是否缺少 using 指令或程序集引用?) [D:\fluentapps\repos\ReactorUWP.core\ReactorUWP.core\ReactorUWP.core.csproj]
D:\fluentapps\repos\ReactorUWP.core\ReactorUWP.core\Charting\D3\Scale\LinearScale.cs(164,20): error CS0246: 未能找到类型或命名空间名“Func<,>”(是否缺少 using 指令或程序集引用?) [D:\fluentapps\repos\ReactorUWP.core\ReactorUWP.core\ReactorUWP.core.csproj]
D:\fluentapps\repos\ReactorUWP.core\ReactorUWP.core\Charting\D3\Scale\LinearScale.cs(186,20): error CS0246: 未能找到类型或命名空间名“Func<,>”(是否缺少 using 指令或程序集引用?) [D:\fluentapps\repos\ReactorUWP.core\ReactorUWP.core\ReactorUWP.core.csproj]
D:\fluentapps\repos\ReactorUWP.core\ReactorUWP.core\Charting\D3\Scale\LinearScale.cs(214,20): error CS0246: 未能找到类型或命名空间名“Func<,>”(是否缺少 using 指令或程序集引用?) [D:\fluentapps\repos\ReactorUWP.core\ReactorUWP.core\ReactorUWP.core.csproj]
D:\fluentapps\repos\ReactorUWP.core\ReactorUWP.core\Charting\D3\Scale\LinearScale.cs(17,13): error CS0246: 未能找到类型或命名空间名“Func<,>”(是否缺少 using 指令或程序集引用?) [D:\fluentapps\repos\ReactorUWP.core\ReactorUWP.core\ReactorUWP.core.csproj]
D:\fluentapps\repos\ReactorUWP.core\ReactorUWP.core\Charting\D3\Scale\LinearScale.cs(18,13): error CS0246: 未能找到类型或命名空间名“Func<,>”(是否缺少 using 指令或程序集引用?) [D:\fluentapps\repos\ReactorUWP.core\ReactorUWP.core\ReactorUWP.core.csproj]
D:\fluentapps\repos\ReactorUWP.core\ReactorUWP.core\Charting\D3\Layout\Treemap.cs(34,45): error CS0246: 未能找到类型或命名空间名“Func<,>”(是否缺少 using 指令或程序集引用?) [D:\fluentapps\repos\ReactorUWP.core\ReactorUWP.core\ReactorUWP.core.csproj]
D:\fluentapps\repos\ReactorUWP.core\ReactorUWP.core\Charting\D3\Layout\Treemap.cs(34,53): error CS0246: 未能找到类型或命名空间名“IEnumerable<>”(是否缺少 using 指令或程序集引用?) [D:\fluentapps\repos\ReactorUWP.core\ReactorUWP.core\ReactorUWP.core.csproj]
D:\fluentapps\repos\ReactorUWP.core\ReactorUWP.core\Charting\D3\Layout\Treemap.cs(34,80): error CS0246: 未能找到类型或命名空间名“Func<,>”(是否缺少 using 指令或程序集引用?) [D:\fluentapps\repos\ReactorUWP.core\ReactorUWP.core\ReactorUWP.core.csproj]
D:\fluentapps\repos\ReactorUWP.core\ReactorUWP.core\Charting\D3\Layout\Treemap.cs(47,46): error CS0246: 未能找到类型或命名空间名“Func<,>”(是否缺少 using 指令或程序集引用?) [D:\fluentapps\repos\ReactorUWP.core\ReactorUWP.core\ReactorUWP.core.csproj]
D:\fluentapps\repos\ReactorUWP.core\ReactorUWP.core\Charting\D3\Layout\Treemap.cs(47,54): error CS0246: 未能找到类型或命名空间名“IEnumerable<>”(是否缺少 using 指令或程序集引用?) [D:\fluentapps\repos\ReactorUWP.core\ReactorUWP.core\ReactorUWP.core.csproj]
D:\fluentapps\repos\ReactorUWP.core\ReactorUWP.core\Charting\D3\Layout\Treemap.cs(59,49): error CS0246: 未能找到类型或命名空间名“Func<,>”(是否缺少 using 指令或程序集引用?) [D:\fluentapps\repos\ReactorUWP.core\ReactorUWP.core\ReactorUWP.core.csproj]
D:\fluentapps\repos\ReactorUWP.core\ReactorUWP.core\Core\Element.cs(4440,27): error CS0234: 命名空间“Windows.UI.Xaml.Controls”中不存在类型或命名空间名“MapControl”(是否缺少程序集引用?) [D:\fluentapps\repos\ReactorUWP.core\ReactorUWP.core\ReactorUWP.core.csproj]
D:\fluentapps\repos\ReactorUWP.core\ReactorUWP.core\Charting\D3\Layout\Treemap.cs(112,28): error CS0246: 未能找到类型或命名空间名“List<>”(是否缺少 using 指令或程序集引用?) [D:\fluentapps\repos\ReactorUWP.core\ReactorUWP.core\ReactorUWP.core.csproj]
D:\fluentapps\repos\ReactorUWP.core\ReactorUWP.core\Charting\D3\Layout\Treemap.cs(127,27): error CS0246: 未能找到类型或命名空间名“List<>”(是否缺少 using 指令或程序集引用?) [D:\fluentapps\repos\ReactorUWP.core\ReactorUWP.core\ReactorUWP.core.csproj]
D:\fluentapps\repos\ReactorUWP.core\ReactorUWP.core\Charting\D3\Layout\Treemap.cs(142,31): error CS0246: 未能找到类型或命名空间名“List<>”(是否缺少 using 指令或程序集引用?) [D:\fluentapps\repos\ReactorUWP.core\ReactorUWP.core\ReactorUWP.core.csproj]
D:\fluentapps\repos\ReactorUWP.core\ReactorUWP.core\Charting\D3\Shape\Area.cs(93,46): error CS0246: 未能找到类型或命名空间名“Func<,>”(是否缺少 using 指令或程序集引用?) [D:\fluentapps\repos\ReactorUWP.core\ReactorUWP.core\ReactorUWP.core.csproj]
D:\fluentapps\repos\ReactorUWP.core\ReactorUWP.core\Charting\D3\Shape\Area.cs(93,65): error CS0246: 未能找到类型或命名空间名“Func<,>”(是否缺少 using 指令或程序集引用?) [D:\fluentapps\repos\ReactorUWP.core\ReactorUWP.core\ReactorUWP.core.csproj]
D:\fluentapps\repos\ReactorUWP.core\ReactorUWP.core\Charting\D3\Shape\Area.cs(93,85): error CS0246: 未能找到类型或命名空间名“Func<,>”(是否缺少 using 指令或程序集引用?) [D:\fluentapps\repos\ReactorUWP.core\ReactorUWP.core\ReactorUWP.core.csproj]
D:\fluentapps\repos\ReactorUWP.core\ReactorUWP.core\Charting\D3\Shape\Area.cs(97,46): error CS0246: 未能找到类型或命名空间名“Func<,>”(是否缺少 using 指令或程序集引用?) [D:\fluentapps\repos\ReactorUWP.core\ReactorUWP.core\ReactorUWP.core.csproj]
D:\fluentapps\repos\ReactorUWP.core\ReactorUWP.core\Charting\D3\Shape\Area.cs(97,65): error CS0246: 未能找到类型或命名空间名“Func<,>”(是否缺少 using 指令或程序集引用?) [D:\fluentapps\repos\ReactorUWP.core\ReactorUWP.core\ReactorUWP.core.csproj]
D:\fluentapps\repos\ReactorUWP.core\ReactorUWP.core\Charting\D3\Layout\Treemap.cs(206,12): error CS0246: 未能找到类型或命名空间名“List<>”(是否缺少 using 指令或程序集引用?) [D:\fluentapps\repos\ReactorUWP.core\ReactorUWP.core\ReactorUWP.core.csproj]
D:\fluentapps\repos\ReactorUWP.core\ReactorUWP.core\Charting\D3\Layout\Treemap.cs(221,12): error CS0246: 未能找到类型或命名空间名“IEnumerable<>”(是否缺少 using 指令或程序集引用?) [D:\fluentapps\repos\ReactorUWP.core\ReactorUWP.core\ReactorUWP.core.csproj]
D:\fluentapps\repos\ReactorUWP.core\ReactorUWP.core\Charting\D3\Layout\Treemap.cs(242,12): error CS0246: 未能找到类型或命名空间名“IEnumerable<>”(是否缺少 using 指令或程序集引用?) [D:\fluentapps\repos\ReactorUWP.core\ReactorUWP.core\ReactorUWP.core.csproj]
D:\fluentapps\repos\ReactorUWP.core\ReactorUWP.core\Core\ObservableTreeTracker.cs(28,37): error CS0234: 命名空间“Windows.System”中不存在类型或命名空间名“CoreDispatcher”(是否缺少程序集引用?) [D:\fluentapps\repos\ReactorUWP.core\ReactorUWP.core\ReactorUWP.core.csproj]
D:\fluentapps\repos\ReactorUWP.core\ReactorUWP.core\Core\Element.cs(4480,27): error CS0234: 命名空间“Windows.UI.Xaml.Controls”中不存在类型或命名空间名“ItemContainer”(是否缺少程序集引用?) [D:\fluentapps\repos\ReactorUWP.core\ReactorUWP.core\ReactorUWP.core.csproj]
D:\fluentapps\repos\ReactorUWP.core\ReactorUWP.core\Charting\D3\Path\PathBuilder.cs(20,31): error CS0103: 当前上下文中不存在名称“Math” [D:\fluentapps\repos\ReactorUWP.core\ReactorUWP.core\ReactorUWP.core.csproj]
D:\fluentapps\repos\ReactorUWP.core\ReactorUWP.core\Charting\D3\Polygon\Polygon.cs(16,31): error CS0246: 未能找到类型或命名空间名“IReadOnlyList<>”(是否缺少 using 指令或程序集引用?) [D:\fluentapps\repos\ReactorUWP.core\ReactorUWP.core\ReactorUWP.core.csproj]
D:\fluentapps\repos\ReactorUWP.core\ReactorUWP.core\Core\Element.cs(4508,12): error CS0246: 未能找到类型或命名空间名“ItemsViewSelectionMode”(是否缺少 using 指令或程序集引用?) [D:\fluentapps\repos\ReactorUWP.core\ReactorUWP.core\ReactorUWP.core.csproj]
D:\fluentapps\repos\ReactorUWP.core\ReactorUWP.core\Charting\D3\Polygon\Polygon.cs(35,49): error CS0246: 未能找到类型或命名空间名“IReadOnlyList<>”(是否缺少 using 指令或程序集引用?) [D:\fluentapps\repos\ReactorUWP.core\ReactorUWP.core\ReactorUWP.core.csproj]
D:\fluentapps\repos\ReactorUWP.core\ReactorUWP.core\Charting\D3\Polygon\Polygon.cs(65,33): error CS0246: 未能找到类型或命名空间名“IReadOnlyList<>”(是否缺少 using 指令或程序集引用?) [D:\fluentapps\repos\ReactorUWP.core\ReactorUWP.core\ReactorUWP.core.csproj]
D:\fluentapps\repos\ReactorUWP.core\ReactorUWP.core\Core\Element.cs(4533,27): error CS0234: 命名空间“Windows.UI.Xaml.Controls”中不存在类型或命名空间名“ItemsView”(是否缺少程序集引用?) [D:\fluentapps\repos\ReactorUWP.core\ReactorUWP.core\ReactorUWP.core.csproj]
D:\fluentapps\repos\ReactorUWP.core\ReactorUWP.core\Charting\D3\Polygon\Polygon.cs(88,33): error CS0246: 未能找到类型或命名空间名“IReadOnlyList<>”(是否缺少 using 指令或程序集引用?) [D:\fluentapps\repos\ReactorUWP.core\ReactorUWP.core\ReactorUWP.core.csproj]
D:\fluentapps\repos\ReactorUWP.core\ReactorUWP.core\Charting\D3\Polygon\Polygon.cs(108,48): error CS0246: 未能找到类型或命名空间名“IReadOnlyList<>”(是否缺少 using 指令或程序集引用?) [D:\fluentapps\repos\ReactorUWP.core\ReactorUWP.core\ReactorUWP.core.csproj]
D:\fluentapps\repos\ReactorUWP.core\ReactorUWP.core\Charting\D3\Random\Random.cs(17,19): error CS0246: 未能找到类型或命名空间名“Func<>”(是否缺少 using 指令或程序集引用?) [D:\fluentapps\repos\ReactorUWP.core\ReactorUWP.core\ReactorUWP.core.csproj]
D:\fluentapps\repos\ReactorUWP.core\ReactorUWP.core\Charting\D3\Random\Random.cs(26,19): error CS0246: 未能找到类型或命名空间名“Func<>”(是否缺少 using 指令或程序集引用?) [D:\fluentapps\repos\ReactorUWP.core\ReactorUWP.core\ReactorUWP.core.csproj]
D:\fluentapps\repos\ReactorUWP.core\ReactorUWP.core\Core\Element.cs(4516,78): error CS0234: 命名空间“Windows.UI.Xaml.Controls”中不存在类型或命名空间名“ItemsRepeater”(是否缺少程序集引用?) [D:\fluentapps\repos\ReactorUWP.core\ReactorUWP.core\ReactorUWP.core.csproj]
D:\fluentapps\repos\ReactorUWP.core\ReactorUWP.core\Charting\D3\Random\Random.cs(35,19): error CS0246: 未能找到类型或命名空间名“Func<>”(是否缺少 using 指令或程序集引用?) [D:\fluentapps\repos\ReactorUWP.core\ReactorUWP.core\ReactorUWP.core.csproj]
D:\fluentapps\repos\ReactorUWP.core\ReactorUWP.core\Charting\D3\Random\Random.cs(51,19): error CS0246: 未能找到类型或命名空间名“Func<>”(是否缺少 using 指令或程序集引用?) [D:\fluentapps\repos\ReactorUWP.core\ReactorUWP.core\ReactorUWP.core.csproj]
D:\fluentapps\repos\ReactorUWP.core\ReactorUWP.core\Charting\D3\Random\Random.cs(61,19): error CS0246: 未能找到类型或命名空间名“Func<>”(是否缺少 using 指令或程序集引用?) [D:\fluentapps\repos\ReactorUWP.core\ReactorUWP.core\ReactorUWP.core.csproj]
D:\fluentapps\repos\ReactorUWP.core\ReactorUWP.core\Charting\D3\Random\Random.cs(71,19): error CS0246: 未能找到类型或命名空间名“Func<>”(是否缺少 using 指令或程序集引用?) [D:\fluentapps\repos\ReactorUWP.core\ReactorUWP.core\ReactorUWP.core.csproj]
D:\fluentapps\repos\ReactorUWP.core\ReactorUWP.core\Charting\D3\Shape\Curve.cs(264,45): error CS0246: 未能找到类型或命名空间名“List<>”(是否缺少 using 指令或程序集引用?) [D:\fluentapps\repos\ReactorUWP.core\ReactorUWP.core\ReactorUWP.core.csproj]
D:\fluentapps\repos\ReactorUWP.core\ReactorUWP.core\Charting\D3\Random\Random.cs(80,19): error CS0246: 未能找到类型或命名空间名“Func<>”(是否缺少 using 指令或程序集引用?) [D:\fluentapps\repos\ReactorUWP.core\ReactorUWP.core\ReactorUWP.core.csproj]
D:\fluentapps\repos\ReactorUWP.core\ReactorUWP.core\Charting\D3\Random\Random.cs(95,19): error CS0246: 未能找到类型或命名空间名“Func<>”(是否缺少 using 指令或程序集引用?) [D:\fluentapps\repos\ReactorUWP.core\ReactorUWP.core\ReactorUWP.core.csproj]
D:\fluentapps\repos\ReactorUWP.core\ReactorUWP.core\Charting\D3\Random\Random.cs(106,19): error CS0246: 未能找到类型或命名空间名“Func<>”(是否缺少 using 指令或程序集引用?) [D:\fluentapps\repos\ReactorUWP.core\ReactorUWP.core\ReactorUWP.core.csproj]
D:\fluentapps\repos\ReactorUWP.core\ReactorUWP.core\Charting\D3\Shape\Curve.cs(226,22): error CS0246: 未能找到类型或命名空间名“List<>”(是否缺少 using 指令或程序集引用?) [D:\fluentapps\repos\ReactorUWP.core\ReactorUWP.core\ReactorUWP.core.csproj]
D:\fluentapps\repos\ReactorUWP.core\ReactorUWP.core\Charting\D3\Random\Random.cs(127,19): error CS0246: 未能找到类型或命名空间名“Func<>”(是否缺少 using 指令或程序集引用?) [D:\fluentapps\repos\ReactorUWP.core\ReactorUWP.core\ReactorUWP.core.csproj]
D:\fluentapps\repos\ReactorUWP.core\ReactorUWP.core\Charting\D3\Shape\Curve.cs(227,22): error CS0246: 未能找到类型或命名空间名“List<>”(是否缺少 using 指令或程序集引用?) [D:\fluentapps\repos\ReactorUWP.core\ReactorUWP.core\ReactorUWP.core.csproj]
D:\fluentapps\repos\ReactorUWP.core\ReactorUWP.core\Charting\D3\Random\Random.cs(138,19): error CS0246: 未能找到类型或命名空间名“Func<>”(是否缺少 using 指令或程序集引用?) [D:\fluentapps\repos\ReactorUWP.core\ReactorUWP.core\ReactorUWP.core.csproj]
D:\fluentapps\repos\ReactorUWP.core\ReactorUWP.core\Charting\D3\Random\Random.cs(147,19): error CS0246: 未能找到类型或命名空间名“Func<>”(是否缺少 using 指令或程序集引用?) [D:\fluentapps\repos\ReactorUWP.core\ReactorUWP.core\ReactorUWP.core.csproj]
D:\fluentapps\repos\ReactorUWP.core\ReactorUWP.core\Charting\D3\Random\Random.cs(159,19): error CS0246: 未能找到类型或命名空间名“Func<>”(是否缺少 using 指令或程序集引用?) [D:\fluentapps\repos\ReactorUWP.core\ReactorUWP.core\ReactorUWP.core.csproj]
D:\fluentapps\repos\ReactorUWP.core\ReactorUWP.core\Charting\D3\Random\Random.cs(174,19): error CS0246: 未能找到类型或命名空间名“Func<>”(是否缺少 using 指令或程序集引用?) [D:\fluentapps\repos\ReactorUWP.core\ReactorUWP.core\ReactorUWP.core.csproj]
D:\fluentapps\repos\ReactorUWP.core\ReactorUWP.core\Charting\D3\Random\Random.cs(11,29): error CS0246: 未能找到类型或命名空间名“ThreadLocal<>”(是否缺少 using 指令或程序集引用?) [D:\fluentapps\repos\ReactorUWP.core\ReactorUWP.core\ReactorUWP.core.csproj]
D:\fluentapps\repos\ReactorUWP.core\ReactorUWP.core\Charting\D3\Random\Random.cs(11,41): error CS0246: 未能找到类型或命名空间名“Random”(是否缺少 using 指令或程序集引用?) [D:\fluentapps\repos\ReactorUWP.core\ReactorUWP.core\ReactorUWP.core.csproj]
D:\fluentapps\repos\ReactorUWP.core\ReactorUWP.core\Charting\D3\Scale\BandScale.cs(11,22): error CS0246: 未能找到类型或命名空间名“List<>”(是否缺少 using 指令或程序集引用?) [D:\fluentapps\repos\ReactorUWP.core\ReactorUWP.core\ReactorUWP.core.csproj]
D:\fluentapps\repos\ReactorUWP.core\ReactorUWP.core\Charting\D3\Scale\BandScale.cs(12,22): error CS0246: 未能找到类型或命名空间名“Dictionary<,>”(是否缺少 using 指令或程序集引用?) [D:\fluentapps\repos\ReactorUWP.core\ReactorUWP.core\ReactorUWP.core.csproj]
D:\fluentapps\repos\ReactorUWP.core\ReactorUWP.core\Charting\D3\Scale\LogScale.cs(154,13): error CS0246: 未能找到类型或命名空间名“Func<,>”(是否缺少 using 指令或程序集引用?) [D:\fluentapps\repos\ReactorUWP.core\ReactorUWP.core\ReactorUWP.core.csproj]
D:\fluentapps\repos\ReactorUWP.core\ReactorUWP.core\Core\Element.cs(4596,78): error CS0234: 命名空间“Windows.UI.Xaml.Controls”中不存在类型或命名空间名“ItemsRepeater”(是否缺少程序集引用?) [D:\fluentapps\repos\ReactorUWP.core\ReactorUWP.core\ReactorUWP.core.csproj]
D:\fluentapps\repos\ReactorUWP.core\ReactorUWP.core\Charting\D3\Scale\LogScale.cs(16,13): error CS0246: 未能找到类型或命名空间名“Func<,>”(是否缺少 using 指令或程序集引用?) [D:\fluentapps\repos\ReactorUWP.core\ReactorUWP.core\ReactorUWP.core.csproj]
D:\fluentapps\repos\ReactorUWP.core\ReactorUWP.core\Charting\D3\Scale\LogScale.cs(17,13): error CS0246: 未能找到类型或命名空间名“Func<,>”(是否缺少 using 指令或程序集引用?) [D:\fluentapps\repos\ReactorUWP.core\ReactorUWP.core\ReactorUWP.core.csproj]
D:\fluentapps\repos\ReactorUWP.core\ReactorUWP.core\Charting\D3\Shape\Line.cs(24,29): error CS0246: 未能找到类型或命名空间名“IReadOnlyList<>”(是否缺少 using 指令或程序集引用?) [D:\fluentapps\repos\ReactorUWP.core\ReactorUWP.core\ReactorUWP.core.csproj]
D:\fluentapps\repos\ReactorUWP.core\ReactorUWP.core\Charting\D3\Shape\Line.cs(91,46): error CS0246: 未能找到类型或命名空间名“Func<,>”(是否缺少 using 指令或程序集引用?) [D:\fluentapps\repos\ReactorUWP.core\ReactorUWP.core\ReactorUWP.core.csproj]
D:\fluentapps\repos\ReactorUWP.core\ReactorUWP.core\Charting\D3\Shape\Line.cs(91,65): error CS0246: 未能找到类型或命名空间名“Func<,>”(是否缺少 using 指令或程序集引用?) [D:\fluentapps\repos\ReactorUWP.core\ReactorUWP.core\ReactorUWP.core.csproj]
D:\fluentapps\repos\ReactorUWP.core\ReactorUWP.core\Charting\D3\Shape\Line.cs(69,34): error CS0246: 未能找到类型或命名空间名“Func<,,>”(是否缺少 using 指令或程序集引用?) [D:\fluentapps\repos\ReactorUWP.core\ReactorUWP.core\ReactorUWP.core.csproj]
D:\fluentapps\repos\ReactorUWP.core\ReactorUWP.core\Charting\D3\Shape\Line.cs(70,34): error CS0246: 未能找到类型或命名空间名“Func<,,>”(是否缺少 using 指令或程序集引用?) [D:\fluentapps\repos\ReactorUWP.core\ReactorUWP.core\ReactorUWP.core.csproj]
D:\fluentapps\repos\ReactorUWP.core\ReactorUWP.core\Charting\D3\Shape\Line.cs(71,40): error CS0246: 未能找到类型或命名空间名“Func<,,>”(是否缺少 using 指令或程序集引用?) [D:\fluentapps\repos\ReactorUWP.core\ReactorUWP.core\ReactorUWP.core.csproj]
D:\fluentapps\repos\ReactorUWP.core\ReactorUWP.core\Charting\D3\Shape\Line.cs(11,13): error CS0246: 未能找到类型或命名空间名“Func<,,>”(是否缺少 using 指令或程序集引用?) [D:\fluentapps\repos\ReactorUWP.core\ReactorUWP.core\ReactorUWP.core.csproj]
D:\fluentapps\repos\ReactorUWP.core\ReactorUWP.core\Charting\D3\Shape\Link.cs(52,39): error CS0246: 未能找到类型或命名空间名“Func<,>”(是否缺少 using 指令或程序集引用?) [D:\fluentapps\repos\ReactorUWP.core\ReactorUWP.core\ReactorUWP.core.csproj]
D:\fluentapps\repos\ReactorUWP.core\ReactorUWP.core\Charting\D3\Shape\Line.cs(12,13): error CS0246: 未能找到类型或命名空间名“Func<,,>”(是否缺少 using 指令或程序集引用?) [D:\fluentapps\repos\ReactorUWP.core\ReactorUWP.core\ReactorUWP.core.csproj]
D:\fluentapps\repos\ReactorUWP.core\ReactorUWP.core\Charting\D3\Shape\Line.cs(13,13): error CS0246: 未能找到类型或命名空间名“Func<,,>”(是否缺少 using 指令或程序集引用?) [D:\fluentapps\repos\ReactorUWP.core\ReactorUWP.core\ReactorUWP.core.csproj]
D:\fluentapps\repos\ReactorUWP.core\ReactorUWP.core\Charting\D3\Shape\Link.cs(53,39): error CS0246: 未能找到类型或命名空间名“Func<,>”(是否缺少 using 指令或程序集引用?) [D:\fluentapps\repos\ReactorUWP.core\ReactorUWP.core\ReactorUWP.core.csproj]
D:\fluentapps\repos\ReactorUWP.core\ReactorUWP.core\Charting\D3\Shape\Link.cs(11,13): error CS0246: 未能找到类型或命名空间名“Func<,>”(是否缺少 using 指令或程序集引用?) [D:\fluentapps\repos\ReactorUWP.core\ReactorUWP.core\ReactorUWP.core.csproj]
D:\fluentapps\repos\ReactorUWP.core\ReactorUWP.core\Charting\D3\Shape\Line.cs(17,26): error CS0246: 未能找到类型或命名空间名“Func<,,>”(是否缺少 using 指令或程序集引用?) [D:\fluentapps\repos\ReactorUWP.core\ReactorUWP.core\ReactorUWP.core.csproj]
D:\fluentapps\repos\ReactorUWP.core\ReactorUWP.core\Charting\D3\Shape\Line.cs(17,50): error CS0246: 未能找到类型或命名空间名“Func<,,>”(是否缺少 using 指令或程序集引用?) [D:\fluentapps\repos\ReactorUWP.core\ReactorUWP.core\ReactorUWP.core.csproj]
D:\fluentapps\repos\ReactorUWP.core\ReactorUWP.core\Charting\D3\Shape\Link.cs(12,13): error CS0246: 未能找到类型或命名空间名“Func<,>”(是否缺少 using 指令或程序集引用?) [D:\fluentapps\repos\ReactorUWP.core\ReactorUWP.core\ReactorUWP.core.csproj]
D:\fluentapps\repos\ReactorUWP.core\ReactorUWP.core\Charting\D3\Shape\Link.cs(17,9): error CS0246: 未能找到类型或命名空间名“Func<,>”(是否缺少 using 指令或程序集引用?) [D:\fluentapps\repos\ReactorUWP.core\ReactorUWP.core\ReactorUWP.core.csproj]
D:\fluentapps\repos\ReactorUWP.core\ReactorUWP.core\Charting\D3\Shape\Link.cs(18,9): error CS0246: 未能找到类型或命名空间名“Func<,>”(是否缺少 using 指令或程序集引用?) [D:\fluentapps\repos\ReactorUWP.core\ReactorUWP.core\ReactorUWP.core.csproj]
D:\fluentapps\repos\ReactorUWP.core\ReactorUWP.core\Charting\D3\Shape\Stack.cs(15,35): error CS0246: 未能找到类型或命名空间名“IReadOnlyList<>”(是否缺少 using 指令或程序集引用?) [D:\fluentapps\repos\ReactorUWP.core\ReactorUWP.core\ReactorUWP.core.csproj]
D:\fluentapps\repos\ReactorUWP.core\ReactorUWP.core\Charting\D3\Shape\Stack.cs(47,39): error CS0246: 未能找到类型或命名空间名“Func<,,>”(是否缺少 using 指令或程序集引用?) [D:\fluentapps\repos\ReactorUWP.core\ReactorUWP.core\ReactorUWP.core.csproj]
D:\fluentapps\repos\ReactorUWP.core\ReactorUWP.core\Charting\D3\Shape\Stack.cs(12,13): error CS0246: 未能找到类型或命名空间名“Func<,,>”(是否缺少 using 指令或程序集引用?) [D:\fluentapps\repos\ReactorUWP.core\ReactorUWP.core\ReactorUWP.core.csproj]
D:\fluentapps\repos\ReactorUWP.core\ReactorUWP.core\Charting\D3\Shape\Link.cs(67,9): error CS0246: 未能找到类型或命名空间名“Func<,>”(是否缺少 using 指令或程序集引用?) [D:\fluentapps\repos\ReactorUWP.core\ReactorUWP.core\ReactorUWP.core.csproj]
D:\fluentapps\repos\ReactorUWP.core\ReactorUWP.core\Charting\D3\Shape\Link.cs(67,32): error CS0246: 未能找到类型或命名空间名“Func<,>”(是否缺少 using 指令或程序集引用?) [D:\fluentapps\repos\ReactorUWP.core\ReactorUWP.core\ReactorUWP.core.csproj]
D:\fluentapps\repos\ReactorUWP.core\ReactorUWP.core\Charting\D3\Shape\Link.cs(72,9): error CS0246: 未能找到类型或命名空间名“Func<,>”(是否缺少 using 指令或程序集引用?) [D:\fluentapps\repos\ReactorUWP.core\ReactorUWP.core\ReactorUWP.core.csproj]
D:\fluentapps\repos\ReactorUWP.core\ReactorUWP.core\Charting\D3\Shape\Link.cs(72,32): error CS0246: 未能找到类型或命名空间名“Func<,>”(是否缺少 using 指令或程序集引用?) [D:\fluentapps\repos\ReactorUWP.core\ReactorUWP.core\ReactorUWP.core.csproj]
D:\fluentapps\repos\ReactorUWP.core\ReactorUWP.core\Core\ElementFactory.cs(177,65): error CS0234: 命名空间“Windows.UI.Xaml.Controls”中不存在类型或命名空间名“ItemsRepeater”(是否缺少程序集引用?) [D:\fluentapps\repos\ReactorUWP.core\ReactorUWP.core\ReactorUWP.core.csproj]
D:\fluentapps\repos\ReactorUWP.core\ReactorUWP.core\Charting\D3\Shape\Pie.cs(24,33): error CS0246: 未能找到类型或命名空间名“IReadOnlyList<>”(是否缺少 using 指令或程序集引用?) [D:\fluentapps\repos\ReactorUWP.core\ReactorUWP.core\ReactorUWP.core.csproj]
D:\fluentapps\repos\ReactorUWP.core\ReactorUWP.core\Charting\D3\Shape\Pie.cs(69,37): error CS0246: 未能找到类型或命名空间名“Func<,,>”(是否缺少 using 指令或程序集引用?) [D:\fluentapps\repos\ReactorUWP.core\ReactorUWP.core\ReactorUWP.core.csproj]
D:\fluentapps\repos\ReactorUWP.core\ReactorUWP.core\Charting\D3\Shape\Pie.cs(70,42): error CS0246: 未能找到类型或命名空间名“Comparison<>”(是否缺少 using 指令或程序集引用?) [D:\fluentapps\repos\ReactorUWP.core\ReactorUWP.core\ReactorUWP.core.csproj]
D:\fluentapps\repos\ReactorUWP.core\ReactorUWP.core\Charting\D3\Shape\Pie.cs(71,36): error CS0246: 未能找到类型或命名空间名“Comparison<>”(是否缺少 using 指令或程序集引用?) [D:\fluentapps\repos\ReactorUWP.core\ReactorUWP.core\ReactorUWP.core.csproj]
D:\fluentapps\repos\ReactorUWP.core\ReactorUWP.core\Charting\D3\Shape\Pie.cs(11,13): error CS0246: 未能找到类型或命名空间名“Func<,,>”(是否缺少 using 指令或程序集引用?) [D:\fluentapps\repos\ReactorUWP.core\ReactorUWP.core\ReactorUWP.core.csproj]
D:\fluentapps\repos\ReactorUWP.core\ReactorUWP.core\Charting\D3\Shape\Pie.cs(12,13): error CS0246: 未能找到类型或命名空间名“Comparison<>”(是否缺少 using 指令或程序集引用?) [D:\fluentapps\repos\ReactorUWP.core\ReactorUWP.core\ReactorUWP.core.csproj]
D:\fluentapps\repos\ReactorUWP.core\ReactorUWP.core\Charting\D3\Shape\Pie.cs(13,13): error CS0246: 未能找到类型或命名空间名“Comparison<>”(是否缺少 using 指令或程序集引用?) [D:\fluentapps\repos\ReactorUWP.core\ReactorUWP.core\ReactorUWP.core.csproj]
D:\fluentapps\repos\ReactorUWP.core\ReactorUWP.core\Charting\D3\Shape\Pie.cs(18,25): error CS0246: 未能找到类型或命名空间名“Func<,,>”(是否缺少 using 指令或程序集引用?) [D:\fluentapps\repos\ReactorUWP.core\ReactorUWP.core\ReactorUWP.core.csproj]
D:\fluentapps\repos\ReactorUWP.core\ReactorUWP.core\Charting\D3\Shape\Symbol.cs(38,39): error CS0246: 未能找到类型或命名空间名“Func<,,>”(是否缺少 using 指令或程序集引用?) [D:\fluentapps\repos\ReactorUWP.core\ReactorUWP.core\ReactorUWP.core.csproj]
D:\fluentapps\repos\ReactorUWP.core\ReactorUWP.core\Charting\D3\Shape\Symbol.cs(40,39): error CS0246: 未能找到类型或命名空间名“Func<,,>”(是否缺少 using 指令或程序集引用?) [D:\fluentapps\repos\ReactorUWP.core\ReactorUWP.core\ReactorUWP.core.csproj]
D:\fluentapps\repos\ReactorUWP.core\ReactorUWP.core\Charting\D3\Shape\Symbol.cs(19,13): error CS0246: 未能找到类型或命名空间名“Func<,,>”(是否缺少 using 指令或程序集引用?) [D:\fluentapps\repos\ReactorUWP.core\ReactorUWP.core\ReactorUWP.core.csproj]
D:\fluentapps\repos\ReactorUWP.core\ReactorUWP.core\Charting\D3\Shape\Symbol.cs(20,13): error CS0246: 未能找到类型或命名空间名“Func<,,>”(是否缺少 using 指令或程序集引用?) [D:\fluentapps\repos\ReactorUWP.core\ReactorUWP.core\ReactorUWP.core.csproj]
D:\fluentapps\repos\ReactorUWP.core\ReactorUWP.core\Charting\D3\Shape\Symbol.cs(23,28): error CS0246: 未能找到类型或命名空间名“Func<,,>”(是否缺少 using 指令或程序集引用?) [D:\fluentapps\repos\ReactorUWP.core\ReactorUWP.core\ReactorUWP.core.csproj]
D:\fluentapps\repos\ReactorUWP.core\ReactorUWP.core\Charting\D3\Shape\Symbol.cs(23,60): error CS0246: 未能找到类型或命名空间名“Func<,,>”(是否缺少 using 指令或程序集引用?) [D:\fluentapps\repos\ReactorUWP.core\ReactorUWP.core\ReactorUWP.core.csproj]
D:\fluentapps\repos\ReactorUWP.core\ReactorUWP.core\Charting\D3\Shape\Pie.cs(87,45): error CS0246: 未能找到类型或命名空间名“Func<,>”(是否缺少 using 指令或程序集引用?) [D:\fluentapps\repos\ReactorUWP.core\ReactorUWP.core\ReactorUWP.core.csproj]
D:\fluentapps\repos\ReactorUWP.core\ReactorUWP.core\Charting\D3\Shape\Pie.cs(91,43): error CS0246: 未能找到类型或命名空间名“IReadOnlyList<>”(是否缺少 using 指令或程序集引用?) [D:\fluentapps\repos\ReactorUWP.core\ReactorUWP.core\ReactorUWP.core.csproj]
D:\fluentapps\repos\ReactorUWP.core\ReactorUWP.core\Charting\D3\Shape\Pie.cs(91,66): error CS0246: 未能找到类型或命名空间名“Func<,>”(是否缺少 using 指令或程序集引用?) [D:\fluentapps\repos\ReactorUWP.core\ReactorUWP.core\ReactorUWP.core.csproj]
D:\fluentapps\repos\ReactorUWP.core\ReactorUWP.core\Charting\D3\Scale\OrdinalScale.cs(11,22): error CS0246: 未能找到类型或命名空间名“List<>”(是否缺少 using 指令或程序集引用?) [D:\fluentapps\repos\ReactorUWP.core\ReactorUWP.core\ReactorUWP.core.csproj]
D:\fluentapps\repos\ReactorUWP.core\ReactorUWP.core\Charting\D3\Scale\OrdinalScale.cs(12,22): error CS0246: 未能找到类型或命名空间名“Dictionary<,>”(是否缺少 using 指令或程序集引用?) [D:\fluentapps\repos\ReactorUWP.core\ReactorUWP.core\ReactorUWP.core.csproj]
D:\fluentapps\repos\ReactorUWP.core\ReactorUWP.core\Charting\D3\Shape\Radial.cs(24,29): error CS0246: 未能找到类型或命名空间名“IReadOnlyList<>”(是否缺少 using 指令或程序集引用?) [D:\fluentapps\repos\ReactorUWP.core\ReactorUWP.core\ReactorUWP.core.csproj]
D:\fluentapps\repos\ReactorUWP.core\ReactorUWP.core\Charting\D3\Scale\OrdinalScale.cs(19,25): error CS0246: 未能找到类型或命名空间名“IEnumerable<>”(是否缺少 using 指令或程序集引用?) [D:\fluentapps\repos\ReactorUWP.core\ReactorUWP.core\ReactorUWP.core.csproj]
D:\fluentapps\repos\ReactorUWP.core\ReactorUWP.core\Charting\D3\Shape\Radial.cs(57,44): error CS0246: 未能找到类型或命名空间名“Func<,,>”(是否缺少 using 指令或程序集引用?) [D:\fluentapps\repos\ReactorUWP.core\ReactorUWP.core\ReactorUWP.core.csproj]
D:\fluentapps\repos\ReactorUWP.core\ReactorUWP.core\Charting\D3\Shape\Radial.cs(58,45): error CS0246: 未能找到类型或命名空间名“Func<,,>”(是否缺少 using 指令或程序集引用?) [D:\fluentapps\repos\ReactorUWP.core\ReactorUWP.core\ReactorUWP.core.csproj]
D:\fluentapps\repos\ReactorUWP.core\ReactorUWP.core\Charting\D3\Shape\Radial.cs(59,46): error CS0246: 未能找到类型或命名空间名“Func<,,>”(是否缺少 using 指令或程序集引用?) [D:\fluentapps\repos\ReactorUWP.core\ReactorUWP.core\ReactorUWP.core.csproj]
D:\fluentapps\repos\ReactorUWP.core\ReactorUWP.core\Charting\D3\Shape\Radial.cs(11,13): error CS0246: 未能找到类型或命名空间名“Func<,,>”(是否缺少 using 指令或程序集引用?) [D:\fluentapps\repos\ReactorUWP.core\ReactorUWP.core\ReactorUWP.core.csproj]
D:\fluentapps\repos\ReactorUWP.core\ReactorUWP.core\Charting\D3\Scale\OrdinalScale.cs(109,57): error CS0246: 未能找到类型或命名空间名“IEnumerable<>”(是否缺少 using 指令或程序集引用?) [D:\fluentapps\repos\ReactorUWP.core\ReactorUWP.core\ReactorUWP.core.csproj]
D:\fluentapps\repos\ReactorUWP.core\ReactorUWP.core\Charting\D3\Shape\Radial.cs(12,13): error CS0246: 未能找到类型或命名空间名“Func<,,>”(是否缺少 using 指令或程序集引用?) [D:\fluentapps\repos\ReactorUWP.core\ReactorUWP.core\ReactorUWP.core.csproj]
D:\fluentapps\repos\ReactorUWP.core\ReactorUWP.core\Charting\D3\Shape\Radial.cs(13,13): error CS0246: 未能找到类型或命名空间名“Func<,,>”(是否缺少 using 指令或程序集引用?) [D:\fluentapps\repos\ReactorUWP.core\ReactorUWP.core\ReactorUWP.core.csproj]
D:\fluentapps\repos\ReactorUWP.core\ReactorUWP.core\Charting\D3\Shape\Radial.cs(17,32): error CS0246: 未能找到类型或命名空间名“Func<,,>”(是否缺少 using 指令或程序集引用?) [D:\fluentapps\repos\ReactorUWP.core\ReactorUWP.core\ReactorUWP.core.csproj]
D:\fluentapps\repos\ReactorUWP.core\ReactorUWP.core\Charting\D3\Shape\Radial.cs(17,60): error CS0246: 未能找到类型或命名空间名“Func<,,>”(是否缺少 using 指令或程序集引用?) [D:\fluentapps\repos\ReactorUWP.core\ReactorUWP.core\ReactorUWP.core.csproj]
D:\fluentapps\repos\ReactorUWP.core\ReactorUWP.core\Charting\D3\Shape\Radial.cs(88,29): error CS0246: 未能找到类型或命名空间名“IReadOnlyList<>”(是否缺少 using 指令或程序集引用?) [D:\fluentapps\repos\ReactorUWP.core\ReactorUWP.core\ReactorUWP.core.csproj]
D:\fluentapps\repos\ReactorUWP.core\ReactorUWP.core\Charting\D3\Scale\PowScale.cs(104,13): error CS0246: 未能找到类型或命名空间名“Func<,>”(是否缺少 using 指令或程序集引用?) [D:\fluentapps\repos\ReactorUWP.core\ReactorUWP.core\ReactorUWP.core.csproj]
D:\fluentapps\repos\ReactorUWP.core\ReactorUWP.core\Charting\D3\Shape\Radial.cs(136,44): error CS0246: 未能找到类型或命名空间名“Func<,,>”(是否缺少 using 指令或程序集引用?) [D:\fluentapps\repos\ReactorUWP.core\ReactorUWP.core\ReactorUWP.core.csproj]
D:\fluentapps\repos\ReactorUWP.core\ReactorUWP.core\Charting\D3\Shape\Radial.cs(137,49): error CS0246: 未能找到类型或命名空间名“Func<,,>”(是否缺少 using 指令或程序集引用?) [D:\fluentapps\repos\ReactorUWP.core\ReactorUWP.core\ReactorUWP.core.csproj]
D:\fluentapps\repos\ReactorUWP.core\ReactorUWP.core\Charting\D3\Scale\PowScale.cs(16,13): error CS0246: 未能找到类型或命名空间名“Func<,>”(是否缺少 using 指令或程序集引用?) [D:\fluentapps\repos\ReactorUWP.core\ReactorUWP.core\ReactorUWP.core.csproj]
D:\fluentapps\repos\ReactorUWP.core\ReactorUWP.core\Charting\D3\Shape\Radial.cs(138,47): error CS0246: 未能找到类型或命名空间名“Func<,,>”(是否缺少 using 指令或程序集引用?) [D:\fluentapps\repos\ReactorUWP.core\ReactorUWP.core\ReactorUWP.core.csproj]
D:\fluentapps\repos\ReactorUWP.core\ReactorUWP.core\Charting\D3\Scale\PowScale.cs(17,13): error CS0246: 未能找到类型或命名空间名“Func<,>”(是否缺少 using 指令或程序集引用?) [D:\fluentapps\repos\ReactorUWP.core\ReactorUWP.core\ReactorUWP.core.csproj]
D:\fluentapps\repos\ReactorUWP.core\ReactorUWP.core\Charting\D3\Shape\Radial.cs(139,50): error CS0246: 未能找到类型或命名空间名“Func<,,>”(是否缺少 using 指令或程序集引用?) [D:\fluentapps\repos\ReactorUWP.core\ReactorUWP.core\ReactorUWP.core.csproj]
D:\fluentapps\repos\ReactorUWP.core\ReactorUWP.core\Charting\D3\Shape\Radial.cs(140,50): error CS0246: 未能找到类型或命名空间名“Func<,,>”(是否缺少 using 指令或程序集引用?) [D:\fluentapps\repos\ReactorUWP.core\ReactorUWP.core\ReactorUWP.core.csproj]
D:\fluentapps\repos\ReactorUWP.core\ReactorUWP.core\Charting\D3\Shape\Radial.cs(141,46): error CS0246: 未能找到类型或命名空间名“Func<,,>”(是否缺少 using 指令或程序集引用?) [D:\fluentapps\repos\ReactorUWP.core\ReactorUWP.core\ReactorUWP.core.csproj]
D:\fluentapps\repos\ReactorUWP.core\ReactorUWP.core\Charting\D3\Shape\Radial.cs(70,13): error CS0246: 未能找到类型或命名空间名“Func<,,>”(是否缺少 using 指令或程序集引用?) [D:\fluentapps\repos\ReactorUWP.core\ReactorUWP.core\ReactorUWP.core.csproj]
D:\fluentapps\repos\ReactorUWP.core\ReactorUWP.core\Charting\D3\Shape\Radial.cs(71,13): error CS0246: 未能找到类型或命名空间名“Func<,,>”(是否缺少 using 指令或程序集引用?) [D:\fluentapps\repos\ReactorUWP.core\ReactorUWP.core\ReactorUWP.core.csproj]
D:\fluentapps\repos\ReactorUWP.core\ReactorUWP.core\Charting\D3\Shape\Radial.cs(72,13): error CS0246: 未能找到类型或命名空间名“Func<,,>”(是否缺少 using 指令或程序集引用?) [D:\fluentapps\repos\ReactorUWP.core\ReactorUWP.core\ReactorUWP.core.csproj]
D:\fluentapps\repos\ReactorUWP.core\ReactorUWP.core\Charting\D3\Voronoi\Delaunay.cs(48,33): error CS0246: 未能找到类型或命名空间名“IReadOnlyList<>”(是否缺少 using 指令或程序集引用?) [D:\fluentapps\repos\ReactorUWP.core\ReactorUWP.core\ReactorUWP.core.csproj]
D:\fluentapps\repos\ReactorUWP.core\ReactorUWP.core\Charting\D3\Shape\Radial.cs(73,13): error CS0246: 未能找到类型或命名空间名“Func<,,>”(是否缺少 using 指令或程序集引用?) [D:\fluentapps\repos\ReactorUWP.core\ReactorUWP.core\ReactorUWP.core.csproj]
D:\fluentapps\repos\ReactorUWP.core\ReactorUWP.core\Charting\D3\Shape\Radial.cs(74,13): error CS0246: 未能找到类型或命名空间名“Func<,,>”(是否缺少 using 指令或程序集引用?) [D:\fluentapps\repos\ReactorUWP.core\ReactorUWP.core\ReactorUWP.core.csproj]
D:\fluentapps\repos\ReactorUWP.core\ReactorUWP.core\Charting\D3\Voronoi\Delaunay.cs(224,12): error CS0246: 未能找到类型或命名空间名“IEnumerable<>”(是否缺少 using 指令或程序集引用?) [D:\fluentapps\repos\ReactorUWP.core\ReactorUWP.core\ReactorUWP.core.csproj]
D:\fluentapps\repos\ReactorUWP.core\ReactorUWP.core\Charting\D3\Shape\Radial.cs(78,9): error CS0246: 未能找到类型或命名空间名“Func<,,>”(是否缺少 using 指令或程序集引用?) [D:\fluentapps\repos\ReactorUWP.core\ReactorUWP.core\ReactorUWP.core.csproj]
D:\fluentapps\repos\ReactorUWP.core\ReactorUWP.core\Charting\D3\Shape\Radial.cs(79,9): error CS0246: 未能找到类型或命名空间名“Func<,,>”(是否缺少 using 指令或程序集引用?) [D:\fluentapps\repos\ReactorUWP.core\ReactorUWP.core\ReactorUWP.core.csproj]
D:\fluentapps\repos\ReactorUWP.core\ReactorUWP.core\Charting\D3\Shape\Radial.cs(80,9): error CS0246: 未能找到类型或命名空间名“Func<,,>”(是否缺少 using 指令或程序集引用?) [D:\fluentapps\repos\ReactorUWP.core\ReactorUWP.core\ReactorUWP.core.csproj]
D:\fluentapps\repos\ReactorUWP.core\ReactorUWP.core\Charting\D3\Shape\Radial.cs(189,45): error CS0246: 未能找到类型或命名空间名“Func<,>”(是否缺少 using 指令或程序集引用?) [D:\fluentapps\repos\ReactorUWP.core\ReactorUWP.core\ReactorUWP.core.csproj]
D:\fluentapps\repos\ReactorUWP.core\ReactorUWP.core\Charting\D3\Shape\Radial.cs(190,45): error CS0246: 未能找到类型或命名空间名“Func<,>”(是否缺少 using 指令或程序集引用?) [D:\fluentapps\repos\ReactorUWP.core\ReactorUWP.core\ReactorUWP.core.csproj]
D:\fluentapps\repos\ReactorUWP.core\ReactorUWP.core\Charting\D3\Shape\Radial.cs(151,13): error CS0246: 未能找到类型或命名空间名“Func<,>”(是否缺少 using 指令或程序集引用?) [D:\fluentapps\repos\ReactorUWP.core\ReactorUWP.core\ReactorUWP.core.csproj]
D:\fluentapps\repos\ReactorUWP.core\ReactorUWP.core\Charting\D3\Shape\Radial.cs(152,13): error CS0246: 未能找到类型或命名空间名“Func<,>”(是否缺少 using 指令或程序集引用?) [D:\fluentapps\repos\ReactorUWP.core\ReactorUWP.core\ReactorUWP.core.csproj]
D:\fluentapps\repos\ReactorUWP.core\ReactorUWP.core\Charting\D3\Voronoi\Delaunay.cs(420,53): error CS0246: 未能找到类型或命名空间名“List<>”(是否缺少 using 指令或程序集引用?) [D:\fluentapps\repos\ReactorUWP.core\ReactorUWP.core\ReactorUWP.core.csproj]
D:\fluentapps\repos\ReactorUWP.core\ReactorUWP.core\Charting\D3\Voronoi\Delaunay.cs(420,13): error CS0246: 未能找到类型或命名空间名“List<>”(是否缺少 using 指令或程序集引用?) [D:\fluentapps\repos\ReactorUWP.core\ReactorUWP.core\ReactorUWP.core.csproj]
D:\fluentapps\repos\ReactorUWP.core\ReactorUWP.core\Charting\D3\Shape\Radial.cs(156,9): error CS0246: 未能找到类型或命名空间名“Func<,>”(是否缺少 using 指令或程序集引用?) [D:\fluentapps\repos\ReactorUWP.core\ReactorUWP.core\ReactorUWP.core.csproj]
D:\fluentapps\repos\ReactorUWP.core\ReactorUWP.core\Charting\D3\Shape\Radial.cs(157,9): error CS0246: 未能找到类型或命名空间名“Func<,>”(是否缺少 using 指令或程序集引用?) [D:\fluentapps\repos\ReactorUWP.core\ReactorUWP.core\ReactorUWP.core.csproj]
D:\fluentapps\repos\ReactorUWP.core\ReactorUWP.core\Charting\D3\Voronoi\Delaunay.cs(431,51): error CS0246: 未能找到类型或命名空间名“List<>”(是否缺少 using 指令或程序集引用?) [D:\fluentapps\repos\ReactorUWP.core\ReactorUWP.core\ReactorUWP.core.csproj]
D:\fluentapps\repos\ReactorUWP.core\ReactorUWP.core\Charting\D3\Voronoi\Delaunay.cs(431,13): error CS0246: 未能找到类型或命名空间名“List<>”(是否缺少 using 指令或程序集引用?) [D:\fluentapps\repos\ReactorUWP.core\ReactorUWP.core\ReactorUWP.core.csproj]
D:\fluentapps\repos\ReactorUWP.core\ReactorUWP.core\Charting\D3\Shape\Radial.cs(201,52): error CS0246: 未能找到类型或命名空间名“Func<,>”(是否缺少 using 指令或程序集引用?) [D:\fluentapps\repos\ReactorUWP.core\ReactorUWP.core\ReactorUWP.core.csproj]
D:\fluentapps\repos\ReactorUWP.core\ReactorUWP.core\Charting\D3\Shape\Radial.cs(201,75): error CS0246: 未能找到类型或命名空间名“Func<,>”(是否缺少 using 指令或程序集引用?) [D:\fluentapps\repos\ReactorUWP.core\ReactorUWP.core\ReactorUWP.core.csproj]
D:\fluentapps\repos\ReactorUWP.core\ReactorUWP.core\Charting\D3\Shape\Radial.cs(209,9): error CS0246: 未能找到类型或命名空间名“Func<,>”(是否缺少 using 指令或程序集引用?) [D:\fluentapps\repos\ReactorUWP.core\ReactorUWP.core\ReactorUWP.core.csproj]
D:\fluentapps\repos\ReactorUWP.core\ReactorUWP.core\Charting\D3\Shape\Radial.cs(209,32): error CS0246: 未能找到类型或命名空间名“Func<,>”(是否缺少 using 指令或程序集引用?) [D:\fluentapps\repos\ReactorUWP.core\ReactorUWP.core\ReactorUWP.core.csproj]
D:\fluentapps\repos\ReactorUWP.core\ReactorUWP.core\Charting\D3\Shape\Radial.cs(209,61): error CS0246: 未能找到类型或命名空间名“Func<,>”(是否缺少 using 指令或程序集引用?) [D:\fluentapps\repos\ReactorUWP.core\ReactorUWP.core\ReactorUWP.core.csproj]
D:\fluentapps\repos\ReactorUWP.core\ReactorUWP.core\Charting\D3\Shape\Radial.cs(217,9): error CS0246: 未能找到类型或命名空间名“Func<,>”(是否缺少 using 指令或程序集引用?) [D:\fluentapps\repos\ReactorUWP.core\ReactorUWP.core\ReactorUWP.core.csproj]
D:\fluentapps\repos\ReactorUWP.core\ReactorUWP.core\Charting\D3\Shape\Radial.cs(217,36): error CS0246: 未能找到类型或命名空间名“Func<,>”(是否缺少 using 指令或程序集引用?) [D:\fluentapps\repos\ReactorUWP.core\ReactorUWP.core\ReactorUWP.core.csproj]
D:\fluentapps\repos\ReactorUWP.core\ReactorUWP.core\Charting\D3\Shape\Arc.cs(17,31): error CS0103: 当前上下文中不存在名称“Math” [D:\fluentapps\repos\ReactorUWP.core\ReactorUWP.core\ReactorUWP.core.csproj]
D:\fluentapps\repos\ReactorUWP.core\ReactorUWP.core\Core\Element.cs(3980,78): error CS0234: 命名空间“Windows.UI.Xaml.Controls”中不存在类型或命名空间名“ItemsRepeater”(是否缺少程序集引用?) [D:\fluentapps\repos\ReactorUWP.core\ReactorUWP.core\ReactorUWP.core.csproj]
D:\fluentapps\repos\ReactorUWP.core\ReactorUWP.core\Charting\D3\Shape\Area.cs(29,29): error CS0246: 未能找到类型或命名空间名“IReadOnlyList<>”(是否缺少 using 指令或程序集引用?) [D:\fluentapps\repos\ReactorUWP.core\ReactorUWP.core\ReactorUWP.core.csproj]
D:\fluentapps\repos\ReactorUWP.core\ReactorUWP.core\Charting\D3\Shape\Area.cs(77,34): error CS0246: 未能找到类型或命名空间名“Func<,,>”(是否缺少 using 指令或程序集引用?) [D:\fluentapps\repos\ReactorUWP.core\ReactorUWP.core\ReactorUWP.core.csproj]
D:\fluentapps\repos\ReactorUWP.core\ReactorUWP.core\Charting\D3\Shape\Area.cs(78,35): error CS0246: 未能找到类型或命名空间名“Func<,,>”(是否缺少 using 指令或程序集引用?) [D:\fluentapps\repos\ReactorUWP.core\ReactorUWP.core\ReactorUWP.core.csproj]
D:\fluentapps\repos\ReactorUWP.core\ReactorUWP.core\Charting\D3\Shape\Area.cs(79,35): error CS0246: 未能找到类型或命名空间名“Func<,,>”(是否缺少 using 指令或程序集引用?) [D:\fluentapps\repos\ReactorUWP.core\ReactorUWP.core\ReactorUWP.core.csproj]
D:\fluentapps\repos\ReactorUWP.core\ReactorUWP.core\Charting\D3\Shape\Area.cs(80,35): error CS0246: 未能找到类型或命名空间名“Func<,,>”(是否缺少 using 指令或程序集引用?) [D:\fluentapps\repos\ReactorUWP.core\ReactorUWP.core\ReactorUWP.core.csproj]
D:\fluentapps\repos\ReactorUWP.core\ReactorUWP.core\Charting\D3\Shape\Area.cs(81,35): error CS0246: 未能找到类型或命名空间名“Func<,,>”(是否缺少 using 指令或程序集引用?) [D:\fluentapps\repos\ReactorUWP.core\ReactorUWP.core\ReactorUWP.core.csproj]
D:\fluentapps\repos\ReactorUWP.core\ReactorUWP.core\Charting\D3\Shape\Area.cs(82,40): error CS0246: 未能找到类型或命名空间名“Func<,,>”(是否缺少 using 指令或程序集引用?) [D:\fluentapps\repos\ReactorUWP.core\ReactorUWP.core\ReactorUWP.core.csproj]
D:\fluentapps\repos\ReactorUWP.core\ReactorUWP.core\Charting\D3\Shape\Area.cs(11,13): error CS0246: 未能找到类型或命名空间名“Func<,,>”(是否缺少 using 指令或程序集引用?) [D:\fluentapps\repos\ReactorUWP.core\ReactorUWP.core\ReactorUWP.core.csproj]
D:\fluentapps\repos\ReactorUWP.core\ReactorUWP.core\Charting\D3\Shape\Area.cs(12,13): error CS0246: 未能找到类型或命名空间名“Func<,,>”(是否缺少 using 指令或程序集引用?) [D:\fluentapps\repos\ReactorUWP.core\ReactorUWP.core\ReactorUWP.core.csproj]
D:\fluentapps\repos\ReactorUWP.core\ReactorUWP.core\Charting\D3\Shape\Area.cs(13,13): error CS0246: 未能找到类型或命名空间名“Func<,,>”(是否缺少 using 指令或程序集引用?) [D:\fluentapps\repos\ReactorUWP.core\ReactorUWP.core\ReactorUWP.core.csproj]
D:\fluentapps\repos\ReactorUWP.core\ReactorUWP.core\Charting\D3\Shape\Area.cs(14,13): error CS0246: 未能找到类型或命名空间名“Func<,,>”(是否缺少 using 指令或程序集引用?) [D:\fluentapps\repos\ReactorUWP.core\ReactorUWP.core\ReactorUWP.core.csproj]
D:\fluentapps\repos\ReactorUWP.core\ReactorUWP.core\Charting\D3\Shape\Area.cs(15,13): error CS0246: 未能找到类型或命名空间名“Func<,,>”(是否缺少 using 指令或程序集引用?) [D:\fluentapps\repos\ReactorUWP.core\ReactorUWP.core\ReactorUWP.core.csproj]
D:\fluentapps\repos\ReactorUWP.core\ReactorUWP.core\Charting\D3\Shape\Area.cs(19,9): error CS0246: 未能找到类型或命名空间名“Func<,,>”(是否缺少 using 指令或程序集引用?) [D:\fluentapps\repos\ReactorUWP.core\ReactorUWP.core\ReactorUWP.core.csproj]
D:\fluentapps\repos\ReactorUWP.core\ReactorUWP.core\Charting\D3\Shape\Area.cs(20,9): error CS0246: 未能找到类型或命名空间名“Func<,,>”(是否缺少 using 指令或程序集引用?) [D:\fluentapps\repos\ReactorUWP.core\ReactorUWP.core\ReactorUWP.core.csproj]
D:\fluentapps\repos\ReactorUWP.core\ReactorUWP.core\Charting\D3\Shape\Area.cs(21,9): error CS0246: 未能找到类型或命名空间名“Func<,,>”(是否缺少 using 指令或程序集引用?) [D:\fluentapps\repos\ReactorUWP.core\ReactorUWP.core\ReactorUWP.core.csproj]
D:\fluentapps\repos\ReactorUWP.core\ReactorUWP.core\Core\Element.cs(4016,78): error CS0234: 命名空间“Windows.UI.Xaml.Controls”中不存在类型或命名空间名“ItemsRepeater”(是否缺少程序集引用?) [D:\fluentapps\repos\ReactorUWP.core\ReactorUWP.core\ReactorUWP.core.csproj]
D:\fluentapps\repos\ReactorUWP.core\ReactorUWP.core\Core\V1Protocol\ControlEventPayloads.cs(32,12): error CS0246: 未能找到类型或命名空间名“Action<,>”(是否缺少 using 指令或程序集引用?) [D:\fluentapps\repos\ReactorUWP.core\ReactorUWP.core\ReactorUWP.core.csproj]
D:\fluentapps\repos\ReactorUWP.core\ReactorUWP.core\Core\Reconciler.KeyedItemsBinding.cs(165,15): error CS0234: 命名空间“Windows.UI.Xaml.Controls”中不存在类型或命名空间名“ItemsRepeater”(是否缺少程序集引用?) [D:\fluentapps\repos\ReactorUWP.core\ReactorUWP.core\ReactorUWP.core.csproj]
D:\fluentapps\repos\ReactorUWP.core\ReactorUWP.core\Core\V1Protocol\ControlEventPayloads.cs(38,12): error CS0246: 未能找到类型或命名空间名“Action<,>”(是否缺少 using 指令或程序集引用?) [D:\fluentapps\repos\ReactorUWP.core\ReactorUWP.core\ReactorUWP.core.csproj]
D:\fluentapps\repos\ReactorUWP.core\ReactorUWP.core\Core\Reconciler.KeyedItemsBinding.cs(221,15): error CS0234: 命名空间“Windows.UI.Xaml.Controls”中不存在类型或命名空间名“ItemsRepeater”(是否缺少程序集引用?) [D:\fluentapps\repos\ReactorUWP.core\ReactorUWP.core\ReactorUWP.core.csproj]
D:\fluentapps\repos\ReactorUWP.core\ReactorUWP.core\Core\Reconciler.KeyedItemsBinding.cs(252,15): error CS0234: 命名空间“Windows.UI.Xaml.Controls”中不存在类型或命名空间名“ItemsView”(是否缺少程序集引用?) [D:\fluentapps\repos\ReactorUWP.core\ReactorUWP.core\ReactorUWP.core.csproj]
D:\fluentapps\repos\ReactorUWP.core\ReactorUWP.core\Core\V1Protocol\ControlEventPayloads.cs(44,12): error CS0246: 未能找到类型或命名空间名“Action<,>”(是否缺少 using 指令或程序集引用?) [D:\fluentapps\repos\ReactorUWP.core\ReactorUWP.core\ReactorUWP.core.csproj]
D:\fluentapps\repos\ReactorUWP.core\ReactorUWP.core\Core\Reconciler.KeyedItemsBinding.cs(294,15): error CS0234: 命名空间“Windows.UI.Xaml.Controls”中不存在类型或命名空间名“ItemsView”(是否缺少程序集引用?) [D:\fluentapps\repos\ReactorUWP.core\ReactorUWP.core\ReactorUWP.core.csproj]
D:\fluentapps\repos\ReactorUWP.core\ReactorUWP.core\Core\Reconciler.KeyedItemsBinding.cs(295,15): error CS0234: 命名空间“Windows.UI.Xaml.Controls”中不存在类型或命名空间名“ItemsRepeater”(是否缺少程序集引用?) [D:\fluentapps\repos\ReactorUWP.core\ReactorUWP.core\ReactorUWP.core.csproj]
D:\fluentapps\repos\ReactorUWP.core\ReactorUWP.core\Core\V1Protocol\ControlEventPayloads.cs(46,12): error CS0246: 未能找到类型或命名空间名“Action<,>”(是否缺少 using 指令或程序集引用?) [D:\fluentapps\repos\ReactorUWP.core\ReactorUWP.core\ReactorUWP.core.csproj]
D:\fluentapps\repos\ReactorUWP.core\ReactorUWP.core\Core\V1Protocol\ControlEventPayloads.cs(59,12): error CS0246: 未能找到类型或命名空间名“Action<,>”(是否缺少 using 指令或程序集引用?) [D:\fluentapps\repos\ReactorUWP.core\ReactorUWP.core\ReactorUWP.core.csproj]
D:\fluentapps\repos\ReactorUWP.core\ReactorUWP.core\Core\V1Protocol\ControlEventPayloads.cs(61,12): error CS0246: 未能找到类型或命名空间名“Action<,>”(是否缺少 using 指令或程序集引用?) [D:\fluentapps\repos\ReactorUWP.core\ReactorUWP.core\ReactorUWP.core.csproj]
D:\fluentapps\repos\ReactorUWP.core\ReactorUWP.core\Core\Element.cs(4070,18): error CS0234: 命名空间“Windows.UI.Xaml.Controls”中不存在类型或命名空间名“Layout”(是否缺少程序集引用?) [D:\fluentapps\repos\ReactorUWP.core\ReactorUWP.core\ReactorUWP.core.csproj]
D:\fluentapps\repos\ReactorUWP.core\ReactorUWP.core\Core\Reconciler.Mount.cs(254,70): error CS0234: 命名空间“Windows.UI.Xaml.Controls”中不存在类型或命名空间名“NumberBox”(是否缺少程序集引用?) [D:\fluentapps\repos\ReactorUWP.core\ReactorUWP.core\ReactorUWP.core.csproj]
D:\fluentapps\repos\ReactorUWP.core\ReactorUWP.core\Core\V1Protocol\ControlEventPayloads.cs(67,12): error CS0246: 未能找到类型或命名空间名“Action<,>”(是否缺少 using 指令或程序集引用?) [D:\fluentapps\repos\ReactorUWP.core\ReactorUWP.core\ReactorUWP.core.csproj]
D:\fluentapps\repos\ReactorUWP.core\ReactorUWP.core\Core\Reconciler.Mount.cs(281,68): error CS0234: 命名空间“Windows.UI.Xaml.Controls”中不存在类型或命名空间名“NumberBox”(是否缺少程序集引用?) [D:\fluentapps\repos\ReactorUWP.core\ReactorUWP.core\ReactorUWP.core.csproj]
D:\fluentapps\repos\ReactorUWP.core\ReactorUWP.core\Core\Element.cs(4072,27): error CS0234: 命名空间“Windows.UI.Xaml.Controls”中不存在类型或命名空间名“ItemsRepeater”(是否缺少程序集引用?) [D:\fluentapps\repos\ReactorUWP.core\ReactorUWP.core\ReactorUWP.core.csproj]
D:\fluentapps\repos\ReactorUWP.core\ReactorUWP.core\Core\V1Protocol\ControlEventPayloads.cs(72,82): error CS0234: 命名空间“Windows.UI.Xaml.Controls”中不存在类型或命名空间名“ScrollView”(是否缺少程序集引用?) [D:\fluentapps\repos\ReactorUWP.core\ReactorUWP.core\ReactorUWP.core.csproj]
D:\fluentapps\repos\ReactorUWP.core\ReactorUWP.core\Core\V1Protocol\ControlEventPayloads.cs(209,34): error CS0234: 命名空间“Windows.UI.Xaml.Controls”中不存在类型或命名空间名“Expander”(是否缺少程序集引用?) [D:\fluentapps\repos\ReactorUWP.core\ReactorUWP.core\ReactorUWP.core.csproj]
D:\fluentapps\repos\ReactorUWP.core\ReactorUWP.core\Core\V1Protocol\ControlEventPayloads.cs(210,34): error CS0234: 命名空间“Windows.UI.Xaml.Controls”中不存在类型或命名空间名“ExpanderExpandingEventArgs”(是否缺少程序集引用?) [D:\fluentapps\repos\ReactorUWP.core\ReactorUWP.core\ReactorUWP.core.csproj]
D:\fluentapps\repos\ReactorUWP.core\ReactorUWP.core\Core\V1Protocol\ControlEventPayloads.cs(73,12): error CS0246: 未能找到类型或命名空间名“Action<,>”(是否缺少 using 指令或程序集引用?) [D:\fluentapps\repos\ReactorUWP.core\ReactorUWP.core\ReactorUWP.core.csproj]
D:\fluentapps\repos\ReactorUWP.core\ReactorUWP.core\Core\V1Protocol\ControlEventPayloads.cs(212,34): error CS0234: 命名空间“Windows.UI.Xaml.Controls”中不存在类型或命名空间名“Expander”(是否缺少程序集引用?) [D:\fluentapps\repos\ReactorUWP.core\ReactorUWP.core\ReactorUWP.core.csproj]
D:\fluentapps\repos\ReactorUWP.core\ReactorUWP.core\Core\V1Protocol\ControlEventPayloads.cs(213,34): error CS0234: 命名空间“Windows.UI.Xaml.Controls”中不存在类型或命名空间名“ExpanderCollapsedEventArgs”(是否缺少程序集引用?) [D:\fluentapps\repos\ReactorUWP.core\ReactorUWP.core\ReactorUWP.core.csproj]
D:\fluentapps\repos\ReactorUWP.core\ReactorUWP.core\Core\V1Protocol\ControlEventPayloads.cs(78,82): error CS0234: 命名空间“Windows.UI.Xaml.Controls”中不存在类型或命名空间名“NumberBox”(是否缺少程序集引用?) [D:\fluentapps\repos\ReactorUWP.core\ReactorUWP.core\ReactorUWP.core.csproj]
D:\fluentapps\repos\ReactorUWP.core\ReactorUWP.core\Core\V1Protocol\ControlEventPayloads.cs(78,118): error CS0234: 命名空间“Windows.UI.Xaml.Controls”中不存在类型或命名空间名“NumberBoxValueChangedEventArgs”(是否缺少程序集引用?) [D:\fluentapps\repos\ReactorUWP.core\ReactorUWP.core\ReactorUWP.core.csproj]
D:\fluentapps\repos\ReactorUWP.core\ReactorUWP.core\Core\V1Protocol\ControlEventPayloads.cs(79,12): error CS0246: 未能找到类型或命名空间名“Action<,>”(是否缺少 using 指令或程序集引用?) [D:\fluentapps\repos\ReactorUWP.core\ReactorUWP.core\ReactorUWP.core.csproj]
D:\fluentapps\repos\ReactorUWP.core\ReactorUWP.core\Core\V1Protocol\ControlEventPayloads.cs(79,53): error CS0234: 命名空间“Windows.UI.Xaml.Controls”中不存在类型或命名空间名“NumberBoxValueChangedEventArgs”(是否缺少程序集引用?) [D:\fluentapps\repos\ReactorUWP.core\ReactorUWP.core\ReactorUWP.core.csproj]
D:\fluentapps\repos\ReactorUWP.core\ReactorUWP.core\Core\Reconciler.Mount.cs(721,26): error CS0234: 命名空间“Windows.UI.Xaml.Controls”中不存在类型或命名空间名“Layout”(是否缺少程序集引用?) [D:\fluentapps\repos\ReactorUWP.core\ReactorUWP.core\ReactorUWP.core.csproj]
D:\fluentapps\repos\ReactorUWP.core\ReactorUWP.core\Core\Element.cs(4077,78): error CS0234: 命名空间“Windows.UI.Xaml.Controls”中不存在类型或命名空间名“ItemsRepeater”(是否缺少程序集引用?) [D:\fluentapps\repos\ReactorUWP.core\ReactorUWP.core\ReactorUWP.core.csproj]
D:\fluentapps\repos\ReactorUWP.core\ReactorUWP.core\Core\V1Protocol\ControlEventPayloads.cs(240,34): error CS0234: 命名空间“Windows.UI.Xaml.Controls”中不存在类型或命名空间名“InfoBar”(是否缺少程序集引用?) [D:\fluentapps\repos\ReactorUWP.core\ReactorUWP.core\ReactorUWP.core.csproj]
D:\fluentapps\repos\ReactorUWP.core\ReactorUWP.core\Core\V1Protocol\ControlEventPayloads.cs(241,34): error CS0234: 命名空间“Windows.UI.Xaml.Controls”中不存在类型或命名空间名“InfoBarClosedEventArgs”(是否缺少程序集引用?) [D:\fluentapps\repos\ReactorUWP.core\ReactorUWP.core\ReactorUWP.core.csproj]
D:\fluentapps\repos\ReactorUWP.core\ReactorUWP.core\Core\V1Protocol\ControlEventPayloads.cs(106,12): error CS0246: 未能找到类型或命名空间名“Action<,>”(是否缺少 using 指令或程序集引用?) [D:\fluentapps\repos\ReactorUWP.core\ReactorUWP.core\ReactorUWP.core.csproj]
D:\fluentapps\repos\ReactorUWP.core\ReactorUWP.core\Core\V1Protocol\ControlEventPayloads.cs(251,34): error CS0234: 命名空间“Windows.UI.Xaml.Controls”中不存在类型或命名空间名“TeachingTip”(是否缺少程序集引用?) [D:\fluentapps\repos\ReactorUWP.core\ReactorUWP.core\ReactorUWP.core.csproj]
D:\fluentapps\repos\ReactorUWP.core\ReactorUWP.core\Core\V1Protocol\ControlEventPayloads.cs(252,34): error CS0234: 命名空间“Windows.UI.Xaml.Controls”中不存在类型或命名空间名“TeachingTipClosedEventArgs”(是否缺少程序集引用?) [D:\fluentapps\repos\ReactorUWP.core\ReactorUWP.core\ReactorUWP.core.csproj]
D:\fluentapps\repos\ReactorUWP.core\ReactorUWP.core\Core\V1Protocol\ControlEventPayloads.cs(254,34): error CS0234: 命名空间“Windows.UI.Xaml.Controls”中不存在类型或命名空间名“TeachingTip”(是否缺少程序集引用?) [D:\fluentapps\repos\ReactorUWP.core\ReactorUWP.core\ReactorUWP.core.csproj]
D:\fluentapps\repos\ReactorUWP.core\ReactorUWP.core\Core\Element.cs(4087,60): error CS0234: 命名空间“Windows.UI.Xaml.Controls”中不存在类型或命名空间名“ItemsRepeater”(是否缺少程序集引用?) [D:\fluentapps\repos\ReactorUWP.core\ReactorUWP.core\ReactorUWP.core.csproj]
D:\fluentapps\repos\ReactorUWP.core\ReactorUWP.core\Core\V1Protocol\ControlEventPayloads.cs(265,34): error CS0234: 命名空间“Windows.UI.Xaml.Controls”中不存在类型或命名空间名“PipsPager”(是否缺少程序集引用?) [D:\fluentapps\repos\ReactorUWP.core\ReactorUWP.core\ReactorUWP.core.csproj]
D:\fluentapps\repos\ReactorUWP.core\ReactorUWP.core\Core\V1Protocol\ControlEventPayloads.cs(266,34): error CS0234: 命名空间“Windows.UI.Xaml.Controls”中不存在类型或命名空间名“PipsPagerSelectedIndexChangedEventArgs”(是否缺少程序集引用?) [D:\fluentapps\repos\ReactorUWP.core\ReactorUWP.core\ReactorUWP.core.csproj]
D:\fluentapps\repos\ReactorUWP.core\ReactorUWP.core\Core\V1Protocol\ControlEventPayloads.cs(396,34): error CS0234: 命名空间“Windows.UI.Xaml.Controls”中不存在类型或命名空间名“BreadcrumbBar”(是否缺少程序集引用?) [D:\fluentapps\repos\ReactorUWP.core\ReactorUWP.core\ReactorUWP.core.csproj]
D:\fluentapps\repos\ReactorUWP.core\ReactorUWP.core\Core\V1Protocol\ControlEventPayloads.cs(397,34): error CS0234: 命名空间“Windows.UI.Xaml.Controls”中不存在类型或命名空间名“BreadcrumbBarItemClickedEventArgs”(是否缺少程序集引用?) [D:\fluentapps\repos\ReactorUWP.core\ReactorUWP.core\ReactorUWP.core.csproj]
D:\fluentapps\repos\ReactorUWP.core\ReactorUWP.core\Core\V1Protocol\ControlEventPayloads.cs(304,34): error CS0234: 命名空间“Windows.UI.Xaml.Controls”中不存在类型或命名空间名“ItemsView”(是否缺少程序集引用?) [D:\fluentapps\repos\ReactorUWP.core\ReactorUWP.core\ReactorUWP.core.csproj]
D:\fluentapps\repos\ReactorUWP.core\ReactorUWP.core\Core\V1Protocol\ControlEventPayloads.cs(305,34): error CS0234: 命名空间“Windows.UI.Xaml.Controls”中不存在类型或命名空间名“ItemsViewItemInvokedEventArgs”(是否缺少程序集引用?) [D:\fluentapps\repos\ReactorUWP.core\ReactorUWP.core\ReactorUWP.core.csproj]
D:\fluentapps\repos\ReactorUWP.core\ReactorUWP.core\Core\V1Protocol\ControlEventPayloads.cs(307,34): error CS0234: 命名空间“Windows.UI.Xaml.Controls”中不存在类型或命名空间名“ItemsView”(是否缺少程序集引用?) [D:\fluentapps\repos\ReactorUWP.core\ReactorUWP.core\ReactorUWP.core.csproj]
D:\fluentapps\repos\ReactorUWP.core\ReactorUWP.core\Core\V1Protocol\ControlEventPayloads.cs(308,34): error CS0234: 命名空间“Windows.UI.Xaml.Controls”中不存在类型或命名空间名“ItemsViewSelectionChangedEventArgs”(是否缺少程序集引用?) [D:\fluentapps\repos\ReactorUWP.core\ReactorUWP.core\ReactorUWP.core.csproj]
D:\fluentapps\repos\ReactorUWP.core\ReactorUWP.core\Core\V1Protocol\ControlEventPayloads.cs(318,34): error CS0234: 命名空间“Windows.UI.Xaml.Controls”中不存在类型或命名空间名“SelectorBar”(是否缺少程序集引用?) [D:\fluentapps\repos\ReactorUWP.core\ReactorUWP.core\ReactorUWP.core.csproj]
D:\fluentapps\repos\ReactorUWP.core\ReactorUWP.core\Core\V1Protocol\ControlEventPayloads.cs(319,34): error CS0234: 命名空间“Windows.UI.Xaml.Controls”中不存在类型或命名空间名“SelectorBarSelectionChangedEventArgs”(是否缺少程序集引用?) [D:\fluentapps\repos\ReactorUWP.core\ReactorUWP.core\ReactorUWP.core.csproj]
D:\fluentapps\repos\ReactorUWP.core\ReactorUWP.core\Core\V1Protocol\ControlEventPayloads.cs(412,34): error CS0234: 命名空间“Windows.UI.Xaml.Controls”中不存在类型或命名空间名“WebView2”(是否缺少程序集引用?) [D:\fluentapps\repos\ReactorUWP.core\ReactorUWP.core\ReactorUWP.core.csproj]
D:\fluentapps\repos\ReactorUWP.core\ReactorUWP.core\Core\V1Protocol\ControlEventPayloads.cs(415,34): error CS0234: 命名空间“Windows.UI.Xaml.Controls”中不存在类型或命名空间名“WebView2”(是否缺少程序集引用?) [D:\fluentapps\repos\ReactorUWP.core\ReactorUWP.core\ReactorUWP.core.csproj]
D:\fluentapps\repos\ReactorUWP.core\ReactorUWP.core\Core\V1Protocol\ControlEventPayloads.cs(418,34): error CS0234: 命名空间“Windows.UI.Xaml.Controls”中不存在类型或命名空间名“WebView2”(是否缺少程序集引用?) [D:\fluentapps\repos\ReactorUWP.core\ReactorUWP.core\ReactorUWP.core.csproj]
D:\fluentapps\repos\ReactorUWP.core\ReactorUWP.core\Core\V1Protocol\ControlEventPayloads.cs(421,34): error CS0234: 命名空间“Windows.UI.Xaml.Controls”中不存在类型或命名空间名“WebView2”(是否缺少程序集引用?) [D:\fluentapps\repos\ReactorUWP.core\ReactorUWP.core\ReactorUWP.core.csproj]
D:\fluentapps\repos\ReactorUWP.core\ReactorUWP.core\Core\V1Protocol\ControlEventPayloads.cs(422,34): error CS0234: 命名空间“Windows.UI.Xaml.Controls”中不存在类型或命名空间名“CoreWebView2InitializedEventArgs”(是否缺少程序集引用?) [D:\fluentapps\repos\ReactorUWP.core\ReactorUWP.core\ReactorUWP.core.csproj]
D:\fluentapps\repos\ReactorUWP.core\ReactorUWP.core\Core\V1Protocol\ControlEventPayloads.cs(352,34): error CS0234: 命名空间“Windows.UI.Xaml.Controls”中不存在类型或命名空间名“TabView”(是否缺少程序集引用?) [D:\fluentapps\repos\ReactorUWP.core\ReactorUWP.core\ReactorUWP.core.csproj]
D:\fluentapps\repos\ReactorUWP.core\ReactorUWP.core\Core\V1Protocol\ControlEventPayloads.cs(353,34): error CS0234: 命名空间“Windows.UI.Xaml.Controls”中不存在类型或命名空间名“TabViewTabCloseRequestedEventArgs”(是否缺少程序集引用?) [D:\fluentapps\repos\ReactorUWP.core\ReactorUWP.core\ReactorUWP.core.csproj]
D:\fluentapps\repos\ReactorUWP.core\ReactorUWP.core\Core\Element.cs(4122,78): error CS0234: 命名空间“Windows.UI.Xaml.Controls”中不存在类型或命名空间名“ItemsRepeater”(是否缺少程序集引用?) [D:\fluentapps\repos\ReactorUWP.core\ReactorUWP.core\ReactorUWP.core.csproj]
D:\fluentapps\repos\ReactorUWP.core\ReactorUWP.core\Core\V1Protocol\ControlEventPayloads.cs(355,34): error CS0234: 命名空间“Windows.UI.Xaml.Controls”中不存在类型或命名空间名“TabView”(是否缺少程序集引用?) [D:\fluentapps\repos\ReactorUWP.core\ReactorUWP.core\ReactorUWP.core.csproj]
D:\fluentapps\repos\ReactorUWP.core\ReactorUWP.core\Core\V1Protocol\ControlEventPayloads.cs(428,82): error CS0234: 命名空间“Windows.UI.Xaml.Controls”中不存在类型或命名空间名“TitleBar”(是否缺少程序集引用?) [D:\fluentapps\repos\ReactorUWP.core\ReactorUWP.core\ReactorUWP.core.csproj]
D:\fluentapps\repos\ReactorUWP.core\ReactorUWP.core\Core\V1Protocol\ControlEventPayloads.cs(429,82): error CS0234: 命名空间“Windows.UI.Xaml.Controls”中不存在类型或命名空间名“TitleBar”(是否缺少程序集引用?) [D:\fluentapps\repos\ReactorUWP.core\ReactorUWP.core\ReactorUWP.core.csproj]
D:\fluentapps\repos\ReactorUWP.core\ReactorUWP.core\Core\V1Protocol\ControlEventPayloads.cs(361,34): error CS0234: 命名空间“Windows.UI.Xaml.Controls”中不存在类型或命名空间名“TabView”(是否缺少程序集引用?) [D:\fluentapps\repos\ReactorUWP.core\ReactorUWP.core\ReactorUWP.core.csproj]
D:\fluentapps\repos\ReactorUWP.core\ReactorUWP.core\Core\V1Protocol\ControlEventPayloads.cs(362,34): error CS0234: 命名空间“Windows.UI.Xaml.Controls”中不存在类型或命名空间名“TabViewTabDragStartingEventArgs”(是否缺少程序集引用?) [D:\fluentapps\repos\ReactorUWP.core\ReactorUWP.core\ReactorUWP.core.csproj]
D:\fluentapps\repos\ReactorUWP.core\ReactorUWP.core\Core\V1Protocol\ControlEventPayloads.cs(364,34): error CS0234: 命名空间“Windows.UI.Xaml.Controls”中不存在类型或命名空间名“TabView”(是否缺少程序集引用?) [D:\fluentapps\repos\ReactorUWP.core\ReactorUWP.core\ReactorUWP.core.csproj]
D:\fluentapps\repos\ReactorUWP.core\ReactorUWP.core\Core\V1Protocol\ControlEventPayloads.cs(365,34): error CS0234: 命名空间“Windows.UI.Xaml.Controls”中不存在类型或命名空间名“TabViewTabDragCompletedEventArgs”(是否缺少程序集引用?) [D:\fluentapps\repos\ReactorUWP.core\ReactorUWP.core\ReactorUWP.core.csproj]
D:\fluentapps\repos\ReactorUWP.core\ReactorUWP.core\Core\V1Protocol\ControlEventPayloads.cs(452,12): error CS0246: 未能找到类型或命名空间名“List<>”(是否缺少 using 指令或程序集引用?) [D:\fluentapps\repos\ReactorUWP.core\ReactorUWP.core\ReactorUWP.core.csproj]
D:\fluentapps\repos\ReactorUWP.core\ReactorUWP.core\Core\V1Protocol\ControlEventPayloads.cs(452,17): error CS0246: 未能找到类型或命名空间名“Delegate”(是否缺少 using 指令或程序集引用?) [D:\fluentapps\repos\ReactorUWP.core\ReactorUWP.core\ReactorUWP.core.csproj]
D:\fluentapps\repos\ReactorUWP.core\ReactorUWP.core\Core\Reconciler.Update.cs(1203,53): error CS0234: 命名空间“Windows.UI.Xaml.Controls”中不存在类型或命名空间名“ItemsRepeater”(是否缺少程序集引用?) [D:\fluentapps\repos\ReactorUWP.core\ReactorUWP.core\ReactorUWP.core.csproj]
D:\fluentapps\repos\ReactorUWP.core\ReactorUWP.core\Core\V1Protocol\LazyStackLifecycle.cs(102,83): error CS0234: 命名空间“Windows.UI.Xaml.Controls”中不存在类型或命名空间名“ItemsRepeater”(是否缺少程序集引用?) [D:\fluentapps\repos\ReactorUWP.core\ReactorUWP.core\ReactorUWP.core.csproj]
D:\fluentapps\repos\ReactorUWP.core\ReactorUWP.core\Core\V1Protocol\Descriptor\Descriptors\AnimatedIconDescriptor.cs(30,73): error CS0234: 命名空间“Windows.UI.Xaml.Controls”中不存在类型或命名空间名“AnimatedIcon”(是否缺少程序集引用?) [D:\fluentapps\repos\ReactorUWP.core\ReactorUWP.core\ReactorUWP.core.csproj]
D:\fluentapps\repos\ReactorUWP.core\ReactorUWP.core\Core\V1Protocol\Descriptor\Descriptors\AnimatedIconDescriptor.cs(55,52): error CS0234: 命名空间“Windows.UI.Xaml.Controls”中不存在类型或命名空间名“AnimatedIcon”(是否缺少程序集引用?) [D:\fluentapps\repos\ReactorUWP.core\ReactorUWP.core\ReactorUWP.core.csproj]
D:\fluentapps\repos\ReactorUWP.core\ReactorUWP.core\Core\V1Protocol\Descriptor\Descriptors\AnimatedVisualPlayerDescriptor.cs(17,81): error CS0234: 命名空间“Windows.UI.Xaml.Controls”中不存在类型或命名空间名“AnimatedVisualPlayer”(是否缺少程序集引用?) [D:\fluentapps\repos\ReactorUWP.core\ReactorUWP.core\ReactorUWP.core.csproj]
D:\fluentapps\repos\ReactorUWP.core\ReactorUWP.core\Core\V1Protocol\Descriptor\Descriptors\AnimatedVisualPlayerDescriptor.cs(34,60): error CS0234: 命名空间“Windows.UI.Xaml.Controls”中不存在类型或命名空间名“AnimatedVisualPlayer”(是否缺少程序集引用?) [D:\fluentapps\repos\ReactorUWP.core\ReactorUWP.core\ReactorUWP.core.csproj]
D:\fluentapps\repos\ReactorUWP.core\ReactorUWP.core\Core\V1Protocol\Descriptor\Descriptors\AnnotatedScrollBarDescriptor.cs(17,79): error CS0234: 命名空间“Windows.UI.Xaml.Controls”中不存在类型或命名空间名“AnnotatedScrollBar”(是否缺少程序集引用?) [D:\fluentapps\repos\ReactorUWP.core\ReactorUWP.core\ReactorUWP.core.csproj]
D:\fluentapps\repos\ReactorUWP.core\ReactorUWP.core\Core\V1Protocol\Descriptor\Descriptors\AnnotatedScrollBarDescriptor.cs(31,58): error CS0234: 命名空间“Windows.UI.Xaml.Controls”中不存在类型或命名空间名“AnnotatedScrollBar”(是否缺少程序集引用?) [D:\fluentapps\repos\ReactorUWP.core\ReactorUWP.core\ReactorUWP.core.csproj]
D:\fluentapps\repos\ReactorUWP.core\ReactorUWP.core\Core\V1Protocol\Descriptor\Descriptors\BreadcrumbBarDescriptor.cs(32,53): error CS0234: 命名空间“Windows.UI.Xaml.Controls”中不存在类型或命名空间名“BreadcrumbBar”(是否缺少程序集引用?) [D:\fluentapps\repos\ReactorUWP.core\ReactorUWP.core\ReactorUWP.core.csproj]
D:\fluentapps\repos\ReactorUWP.core\ReactorUWP.core\Core\V1Protocol\Descriptor\Descriptors\BreadcrumbBarDescriptor.cs(32,74): error CS0234: 命名空间“Windows.UI.Xaml.Controls”中不存在类型或命名空间名“BreadcrumbBarItemClickedEventArgs”(是否缺少程序集引用?) [D:\fluentapps\repos\ReactorUWP.core\ReactorUWP.core\ReactorUWP.core.csproj]
D:\fluentapps\repos\ReactorUWP.core\ReactorUWP.core\Core\V1Protocol\Descriptor\Descriptors\BreadcrumbBarDescriptor.cs(41,74): error CS0234: 命名空间“Windows.UI.Xaml.Controls”中不存在类型或命名空间名“BreadcrumbBar”(是否缺少程序集引用?) [D:\fluentapps\repos\ReactorUWP.core\ReactorUWP.core\ReactorUWP.core.csproj]
D:\fluentapps\repos\ReactorUWP.core\ReactorUWP.core\Core\V1Protocol\Descriptor\Descriptors\BreadcrumbBarDescriptor.cs(65,53): error CS0234: 命名空间“Windows.UI.Xaml.Controls”中不存在类型或命名空间名“BreadcrumbBar”(是否缺少程序集引用?) [D:\fluentapps\repos\ReactorUWP.core\ReactorUWP.core\ReactorUWP.core.csproj]
D:\fluentapps\repos\ReactorUWP.core\ReactorUWP.core\Core\V1Protocol\Descriptor\Descriptors\ExpanderDescriptor.cs(51,66): error CS0234: 命名空间“Windows.UI.Xaml.Controls”中不存在类型或命名空间名“Expander”(是否缺少程序集引用?) [D:\fluentapps\repos\ReactorUWP.core\ReactorUWP.core\ReactorUWP.core.csproj]
D:\fluentapps\repos\ReactorUWP.core\ReactorUWP.core\Core\V1Protocol\Descriptor\Descriptors\ExpanderDescriptor.cs(62,53): error CS0234: 命名空间“Windows.UI.Xaml.Controls”中不存在类型或命名空间名“Expander”(是否缺少程序集引用?) [D:\fluentapps\repos\ReactorUWP.core\ReactorUWP.core\ReactorUWP.core.csproj]
D:\fluentapps\repos\ReactorUWP.core\ReactorUWP.core\Core\V1Protocol\Descriptor\Descriptors\ExpanderDescriptor.cs(62,69): error CS0234: 命名空间“Windows.UI.Xaml.Controls”中不存在类型或命名空间名“ExpanderExpandingEventArgs”(是否缺少程序集引用?) [D:\fluentapps\repos\ReactorUWP.core\ReactorUWP.core\ReactorUWP.core.csproj]
D:\fluentapps\repos\ReactorUWP.core\ReactorUWP.core\Core\V1Protocol\Descriptor\Descriptors\ExpanderDescriptor.cs(70,53): error CS0234: 命名空间“Windows.UI.Xaml.Controls”中不存在类型或命名空间名“Expander”(是否缺少程序集引用?) [D:\fluentapps\repos\ReactorUWP.core\ReactorUWP.core\ReactorUWP.core.csproj]
D:\fluentapps\repos\ReactorUWP.core\ReactorUWP.core\Core\V1Protocol\Descriptor\Descriptors\ExpanderDescriptor.cs(70,69): error CS0234: 命名空间“Windows.UI.Xaml.Controls”中不存在类型或命名空间名“ExpanderCollapsedEventArgs”(是否缺少程序集引用?) [D:\fluentapps\repos\ReactorUWP.core\ReactorUWP.core\ReactorUWP.core.csproj]
D:\fluentapps\repos\ReactorUWP.core\ReactorUWP.core\Core\V1Protocol\Descriptor\Descriptors\ExpanderDescriptor.cs(78,69): error CS0234: 命名空间“Windows.UI.Xaml.Controls”中不存在类型或命名空间名“Expander”(是否缺少程序集引用?) [D:\fluentapps\repos\ReactorUWP.core\ReactorUWP.core\ReactorUWP.core.csproj]
D:\fluentapps\repos\ReactorUWP.core\ReactorUWP.core\Core\V1Protocol\Descriptor\Descriptors\InfoBadgeDescriptor.cs(30,70): error CS0234: 命名空间“Windows.UI.Xaml.Controls”中不存在类型或命名空间名“InfoBadge”(是否缺少程序集引用?) [D:\fluentapps\repos\ReactorUWP.core\ReactorUWP.core\ReactorUWP.core.csproj]
D:\fluentapps\repos\ReactorUWP.core\ReactorUWP.core\Core\RenderContext.cs(1057,33): error CS0234: 命名空间“Microsoft.UI.Reactor”中不存在类型或命名空间名“ReactorWindow”(是否缺少程序集引用?) [D:\fluentapps\repos\ReactorUWP.core\ReactorUWP.core\ReactorUWP.core.csproj]
D:\fluentapps\repos\ReactorUWP.core\ReactorUWP.core\Core\RenderContext.cs(1116,47): error CS0234: 命名空间“Microsoft.UI.Reactor”中不存在类型或命名空间名“DisplayInfo”(是否缺少程序集引用?) [D:\fluentapps\repos\ReactorUWP.core\ReactorUWP.core\ReactorUWP.core.csproj]
D:\fluentapps\repos\ReactorUWP.core\ReactorUWP.core\Core\RenderContext.cs(1191,69): error CS0234: 命名空间“Microsoft.UI.Reactor”中不存在类型或命名空间名“ReactorWindow”(是否缺少程序集引用?) [D:\fluentapps\repos\ReactorUWP.core\ReactorUWP.core\ReactorUWP.core.csproj]
D:\fluentapps\repos\ReactorUWP.core\ReactorUWP.core\Core\RenderContext.cs(1202,33): error CS0234: 命名空间“Microsoft.UI.Reactor”中不存在类型或命名空间名“WindowState”(是否缺少程序集引用?) [D:\fluentapps\repos\ReactorUWP.core\ReactorUWP.core\ReactorUWP.core.csproj]
D:\fluentapps\repos\ReactorUWP.core\ReactorUWP.core\Core\RenderContext.cs(1311,30): error CS0234: 命名空间“Microsoft.UI.Reactor”中不存在类型或命名空间名“WindowKey”(是否缺少程序集引用?) [D:\fluentapps\repos\ReactorUWP.core\ReactorUWP.core\ReactorUWP.core.csproj]
D:\fluentapps\repos\ReactorUWP.core\ReactorUWP.core\Core\RenderContext.cs(1312,30): error CS0234: 命名空间“Microsoft.UI.Reactor”中不存在类型或命名空间名“WindowSpec”(是否缺少程序集引用?) [D:\fluentapps\repos\ReactorUWP.core\ReactorUWP.core\ReactorUWP.core.csproj]
D:\fluentapps\repos\ReactorUWP.core\ReactorUWP.core\Core\RenderContext.cs(1310,33): error CS0234: 命名空间“Microsoft.UI.Reactor”中不存在类型或命名空间名“ReactorWindow”(是否缺少程序集引用?) [D:\fluentapps\repos\ReactorUWP.core\ReactorUWP.core\ReactorUWP.core.csproj]
D:\fluentapps\repos\ReactorUWP.core\ReactorUWP.core\Core\RenderContext.cs(1421,83): error CS0234: 命名空间“Microsoft.UI.Reactor”中不存在类型或命名空间名“TrayIconSpec”(是否缺少程序集引用?) [D:\fluentapps\repos\ReactorUWP.core\ReactorUWP.core\ReactorUWP.core.csproj]
D:\fluentapps\repos\ReactorUWP.core\ReactorUWP.core\Core\RenderContext.cs(1421,33): error CS0234: 命名空间“Microsoft.UI.Reactor”中不存在类型或命名空间名“ReactorTrayIcon”(是否缺少程序集引用?) [D:\fluentapps\repos\ReactorUWP.core\ReactorUWP.core\ReactorUWP.core.csproj]
D:\fluentapps\repos\ReactorUWP.core\ReactorUWP.core\Core\V1Protocol\Descriptor\Descriptors\InfoBadgeDescriptor.cs(47,49): error CS0234: 命名空间“Windows.UI.Xaml.Controls”中不存在类型或命名空间名“InfoBadge”(是否缺少程序集引用?) [D:\fluentapps\repos\ReactorUWP.core\ReactorUWP.core\ReactorUWP.core.csproj]
D:\fluentapps\repos\ReactorUWP.core\ReactorUWP.core\Core\V1Protocol\Descriptor\Descriptors\InfoBarDescriptor.cs(47,62): error CS0234: 命名空间“Windows.UI.Xaml.Controls”中不存在类型或命名空间名“InfoBar”(是否缺少程序集引用?) [D:\fluentapps\repos\ReactorUWP.core\ReactorUWP.core\ReactorUWP.core.csproj]
D:\fluentapps\repos\ReactorUWP.core\ReactorUWP.core\Core\V1Protocol\Descriptor\Descriptors\InfoBarDescriptor.cs(59,53): error CS0234: 命名空间“Windows.UI.Xaml.Controls”中不存在类型或命名空间名“InfoBar”(是否缺少程序集引用?) [D:\fluentapps\repos\ReactorUWP.core\ReactorUWP.core\ReactorUWP.core.csproj]
D:\fluentapps\repos\ReactorUWP.core\ReactorUWP.core\Core\V1Protocol\Descriptor\Descriptors\InfoBarDescriptor.cs(59,68): error CS0234: 命名空间“Windows.UI.Xaml.Controls”中不存在类型或命名空间名“InfoBarClosedEventArgs”(是否缺少程序集引用?) [D:\fluentapps\repos\ReactorUWP.core\ReactorUWP.core\ReactorUWP.core.csproj]
D:\fluentapps\repos\ReactorUWP.core\ReactorUWP.core\Core\V1Protocol\Descriptor\Descriptors\InfoBarDescriptor.cs(63,68): error CS0234: 命名空间“Windows.UI.Xaml.Controls”中不存在类型或命名空间名“InfoBar”(是否缺少程序集引用?) [D:\fluentapps\repos\ReactorUWP.core\ReactorUWP.core\ReactorUWP.core.csproj]
D:\fluentapps\repos\ReactorUWP.core\ReactorUWP.core\Core\V1Protocol\Descriptor\Descriptors\InfoBarDescriptor.cs(133,47): error CS0234: 命名空间“Windows.UI.Xaml.Controls”中不存在类型或命名空间名“InfoBar”(是否缺少程序集引用?) [D:\fluentapps\repos\ReactorUWP.core\ReactorUWP.core\ReactorUWP.core.csproj]
D:\fluentapps\repos\ReactorUWP.core\ReactorUWP.core\Core\V1Protocol\Descriptor\Descriptors\ItemContainerDescriptor.cs(18,74): error CS0234: 命名空间“Windows.UI.Xaml.Controls”中不存在类型或命名空间名“ItemContainer”(是否缺少程序集引用?) [D:\fluentapps\repos\ReactorUWP.core\ReactorUWP.core\ReactorUWP.core.csproj]
D:\fluentapps\repos\ReactorUWP.core\ReactorUWP.core\Core\V1Protocol\Descriptor\Descriptors\ItemContainerDescriptor.cs(38,53): error CS0234: 命名空间“Windows.UI.Xaml.Controls”中不存在类型或命名空间名“ItemContainer”(是否缺少程序集引用?) [D:\fluentapps\repos\ReactorUWP.core\ReactorUWP.core\ReactorUWP.core.csproj]
D:\fluentapps\repos\ReactorUWP.core\ReactorUWP.core\Core\V1Protocol\Descriptor\Descriptors\ItemsRepeaterDescriptor.cs(40,78): error CS0234: 命名空间“Windows.UI.Xaml.Controls”中不存在类型或命名空间名“ItemsRepeater”(是否缺少程序集引用?) [D:\fluentapps\repos\ReactorUWP.core\ReactorUWP.core\ReactorUWP.core.csproj]
D:\fluentapps\repos\ReactorUWP.core\ReactorUWP.core\Core\V1Protocol\Descriptor\Descriptors\ItemsViewDescriptor.cs(74,26): error CS0234: 命名空间“Windows.UI.Xaml.Controls”中不存在类型或命名空间名“Layout”(是否缺少程序集引用?) [D:\fluentapps\repos\ReactorUWP.core\ReactorUWP.core\ReactorUWP.core.csproj]
D:\fluentapps\repos\ReactorUWP.core\ReactorUWP.core\Core\V1Protocol\Descriptor\Descriptors\ItemsViewDescriptor.cs(20,53): error CS0234: 命名空间“Windows.UI.Xaml.Controls”中不存在类型或命名空间名“ItemsView”(是否缺少程序集引用?) [D:\fluentapps\repos\ReactorUWP.core\ReactorUWP.core\ReactorUWP.core.csproj]
D:\fluentapps\repos\ReactorUWP.core\ReactorUWP.core\Core\V1Protocol\Descriptor\Descriptors\ItemsViewDescriptor.cs(20,70): error CS0234: 命名空间“Windows.UI.Xaml.Controls”中不存在类型或命名空间名“ItemsViewItemInvokedEventArgs”(是否缺少程序集引用?) [D:\fluentapps\repos\ReactorUWP.core\ReactorUWP.core\ReactorUWP.core.csproj]
D:\fluentapps\repos\ReactorUWP.core\ReactorUWP.core\Core\V1Protocol\Descriptor\Descriptors\ItemsViewDescriptor.cs(29,53): error CS0234: 命名空间“Windows.UI.Xaml.Controls”中不存在类型或命名空间名“ItemsView”(是否缺少程序集引用?) [D:\fluentapps\repos\ReactorUWP.core\ReactorUWP.core\ReactorUWP.core.csproj]
D:\fluentapps\repos\ReactorUWP.core\ReactorUWP.core\Core\V1Protocol\Descriptor\Descriptors\ItemsViewDescriptor.cs(29,70): error CS0234: 命名空间“Windows.UI.Xaml.Controls”中不存在类型或命名空间名“ItemsViewSelectionChangedEventArgs”(是否缺少程序集引用?) [D:\fluentapps\repos\ReactorUWP.core\ReactorUWP.core\ReactorUWP.core.csproj]
D:\fluentapps\repos\ReactorUWP.core\ReactorUWP.core\Core\V1Protocol\Descriptor\Descriptors\ItemsViewDescriptor.cs(49,74): error CS0234: 命名空间“Windows.UI.Xaml.Controls”中不存在类型或命名空间名“ItemsView”(是否缺少程序集引用?) [D:\fluentapps\repos\ReactorUWP.core\ReactorUWP.core\ReactorUWP.core.csproj]
D:\fluentapps\repos\ReactorUWP.core\ReactorUWP.core\Core\V1Protocol\Descriptor\Descriptors\LazyStackDescriptor.cs(45,74): error CS0234: 命名空间“Windows.UI.Xaml.Controls”中不存在类型或命名空间名“ItemsRepeater”(是否缺少程序集引用?) [D:\fluentapps\repos\ReactorUWP.core\ReactorUWP.core\ReactorUWP.core.csproj]
D:\fluentapps\repos\ReactorUWP.core\ReactorUWP.core\Core\V1Protocol\Descriptor\Descriptors\MapControlDescriptor.cs(17,71): error CS0234: 命名空间“Windows.UI.Xaml.Controls”中不存在类型或命名空间名“MapControl”(是否缺少程序集引用?) [D:\fluentapps\repos\ReactorUWP.core\ReactorUWP.core\ReactorUWP.core.csproj]
D:\fluentapps\repos\ReactorUWP.core\ReactorUWP.core\Core\V1Protocol\Descriptor\Descriptors\MapControlDescriptor.cs(38,50): error CS0234: 命名空间“Windows.UI.Xaml.Controls”中不存在类型或命名空间名“MapControl”(是否缺少程序集引用?) [D:\fluentapps\repos\ReactorUWP.core\ReactorUWP.core\ReactorUWP.core.csproj]
D:\fluentapps\repos\ReactorUWP.core\ReactorUWP.core\Core\V1Protocol\Descriptor\Descriptors\NumberBoxDescriptor.cs(52,53): error CS0234: 命名空间“Windows.UI.Xaml.Controls”中不存在类型或命名空间名“NumberBox”(是否缺少程序集引用?) [D:\fluentapps\repos\ReactorUWP.core\ReactorUWP.core\ReactorUWP.core.csproj]
D:\fluentapps\repos\ReactorUWP.core\ReactorUWP.core\Core\V1Protocol\Descriptor\Descriptors\NumberBoxDescriptor.cs(52,70): error CS0234: 命名空间“Windows.UI.Xaml.Controls”中不存在类型或命名空间名“NumberBoxValueChangedEventArgs”(是否缺少程序集引用?) [D:\fluentapps\repos\ReactorUWP.core\ReactorUWP.core\ReactorUWP.core.csproj]
D:\fluentapps\repos\ReactorUWP.core\ReactorUWP.core\Core\V1Protocol\Descriptor\Descriptors\NumberBoxDescriptor.cs(60,70): error CS0234: 命名空间“Windows.UI.Xaml.Controls”中不存在类型或命名空间名“NumberBox”(是否缺少程序集引用?) [D:\fluentapps\repos\ReactorUWP.core\ReactorUWP.core\ReactorUWP.core.csproj]
D:\fluentapps\repos\ReactorUWP.core\ReactorUWP.core\Core\V1Protocol\Descriptor\Descriptors\NumberBoxDescriptor.cs(147,49): error CS0234: 命名空间“Windows.UI.Xaml.Controls”中不存在类型或命名空间名“NumberBox”(是否缺少程序集引用?) [D:\fluentapps\repos\ReactorUWP.core\ReactorUWP.core\ReactorUWP.core.csproj]
D:\fluentapps\repos\ReactorUWP.core\ReactorUWP.core\Core\V1Protocol\Descriptor\Descriptors\PipsPagerDescriptor.cs(32,53): error CS0234: 命名空间“Windows.UI.Xaml.Controls”中不存在类型或命名空间名“PipsPager”(是否缺少程序集引用?) [D:\fluentapps\repos\ReactorUWP.core\ReactorUWP.core\ReactorUWP.core.csproj]
D:\fluentapps\repos\ReactorUWP.core\ReactorUWP.core\Core\V1Protocol\Descriptor\Descriptors\PipsPagerDescriptor.cs(32,70): error CS0234: 命名空间“Windows.UI.Xaml.Controls”中不存在类型或命名空间名“PipsPagerSelectedIndexChangedEventArgs”(是否缺少程序集引用?) [D:\fluentapps\repos\ReactorUWP.core\ReactorUWP.core\ReactorUWP.core.csproj]
D:\fluentapps\repos\ReactorUWP.core\ReactorUWP.core\Core\V1Protocol\Descriptor\Descriptors\PipsPagerDescriptor.cs(41,70): error CS0234: 命名空间“Windows.UI.Xaml.Controls”中不存在类型或命名空间名“PipsPager”(是否缺少程序集引用?) [D:\fluentapps\repos\ReactorUWP.core\ReactorUWP.core\ReactorUWP.core.csproj]
D:\fluentapps\repos\ReactorUWP.core\ReactorUWP.core\Core\V1Protocol\Descriptor\Descriptors\PipsPagerDescriptor.cs(83,49): error CS0234: 命名空间“Windows.UI.Xaml.Controls”中不存在类型或命名空间名“PipsPager”(是否缺少程序集引用?) [D:\fluentapps\repos\ReactorUWP.core\ReactorUWP.core\ReactorUWP.core.csproj]
D:\fluentapps\repos\ReactorUWP.core\ReactorUWP.core\Core\V1Protocol\Descriptor\Descriptors\RadioButtonsDescriptor.cs(54,73): error CS0234: 命名空间“Windows.UI.Xaml.Controls”中不存在类型或命名空间名“RadioButtons”(是否缺少程序集引用?) [D:\fluentapps\repos\ReactorUWP.core\ReactorUWP.core\ReactorUWP.core.csproj]
D:\fluentapps\repos\ReactorUWP.core\ReactorUWP.core\Core\V1Protocol\Descriptor\Descriptors\RadioButtonsDescriptor.cs(89,52): error CS0234: 命名空间“Windows.UI.Xaml.Controls”中不存在类型或命名空间名“RadioButtons”(是否缺少程序集引用?) [D:\fluentapps\repos\ReactorUWP.core\ReactorUWP.core\ReactorUWP.core.csproj]
D:\fluentapps\repos\ReactorUWP.core\ReactorUWP.core\Core\V1Protocol\Descriptor\Descriptors\ScrollViewDescriptor.cs(35,68): error CS0234: 命名空间“Windows.UI.Xaml.Controls”中不存在类型或命名空间名“ScrollView”(是否缺少程序集引用?) [D:\fluentapps\repos\ReactorUWP.core\ReactorUWP.core\ReactorUWP.core.csproj]
D:\fluentapps\repos\ReactorUWP.core\ReactorUWP.core\Core\V1Protocol\Descriptor\Descriptors\ScrollViewDescriptor.cs(43,53): error CS0234: 命名空间“Windows.UI.Xaml.Controls”中不存在类型或命名空间名“ScrollView”(是否缺少程序集引用?) [D:\fluentapps\repos\ReactorUWP.core\ReactorUWP.core\ReactorUWP.core.csproj]
D:\fluentapps\repos\ReactorUWP.core\ReactorUWP.core\Core\V1Protocol\Descriptor\Descriptors\ScrollViewDescriptor.cs(48,71): error CS0234: 命名空间“Windows.UI.Xaml.Controls”中不存在类型或命名空间名“ScrollView”(是否缺少程序集引用?) [D:\fluentapps\repos\ReactorUWP.core\ReactorUWP.core\ReactorUWP.core.csproj]
D:\fluentapps\repos\ReactorUWP.core\ReactorUWP.core\Core\V1Protocol\Descriptor\Descriptors\ScrollViewDescriptor.cs(98,50): error CS0234: 命名空间“Windows.UI.Xaml.Controls”中不存在类型或命名空间名“ScrollView”(是否缺少程序集引用?) [D:\fluentapps\repos\ReactorUWP.core\ReactorUWP.core\ReactorUWP.core.csproj]
D:\fluentapps\repos\ReactorUWP.core\ReactorUWP.core\Core\V1Protocol\Descriptor\Descriptors\SelectorBarDescriptor.cs(33,53): error CS0234: 命名空间“Windows.UI.Xaml.Controls”中不存在类型或命名空间名“SelectorBar”(是否缺少程序集引用?) [D:\fluentapps\repos\ReactorUWP.core\ReactorUWP.core\ReactorUWP.core.csproj]
D:\fluentapps\repos\ReactorUWP.core\ReactorUWP.core\Core\V1Protocol\Descriptor\Descriptors\SelectorBarDescriptor.cs(33,72): error CS0234: 命名空间“Windows.UI.Xaml.Controls”中不存在类型或命名空间名“SelectorBarSelectionChangedEventArgs”(是否缺少程序集引用?) [D:\fluentapps\repos\ReactorUWP.core\ReactorUWP.core\ReactorUWP.core.csproj]
D:\fluentapps\repos\ReactorUWP.core\ReactorUWP.core\Core\V1Protocol\Descriptor\Descriptors\SelectorBarDescriptor.cs(43,72): error CS0234: 命名空间“Windows.UI.Xaml.Controls”中不存在类型或命名空间名“SelectorBar”(是否缺少程序集引用?) [D:\fluentapps\repos\ReactorUWP.core\ReactorUWP.core\ReactorUWP.core.csproj]
D:\fluentapps\repos\ReactorUWP.core\ReactorUWP.core\Core\V1Protocol\Descriptor\Descriptors\SelectorBarDescriptor.cs(120,51): error CS0234: 命名空间“Windows.UI.Xaml.Controls”中不存在类型或命名空间名“SelectorBar”(是否缺少程序集引用?) [D:\fluentapps\repos\ReactorUWP.core\ReactorUWP.core\ReactorUWP.core.csproj]
D:\fluentapps\repos\ReactorUWP.core\ReactorUWP.core\Core\V1Protocol\Descriptor\Descriptors\WebView2Descriptor.cs(19,53): error CS0234: 命名空间“Windows.UI.Xaml.Controls”中不存在类型或命名空间名“WebView2”(是否缺少程序集引用?) [D:\fluentapps\repos\ReactorUWP.core\ReactorUWP.core\ReactorUWP.core.csproj]
D:\fluentapps\repos\ReactorUWP.core\ReactorUWP.core\Core\V1Protocol\Descriptor\Descriptors\WebView2Descriptor.cs(26,53): error CS0234: 命名空间“Windows.UI.Xaml.Controls”中不存在类型或命名空间名“WebView2”(是否缺少程序集引用?) [D:\fluentapps\repos\ReactorUWP.core\ReactorUWP.core\ReactorUWP.core.csproj]
D:\fluentapps\repos\ReactorUWP.core\ReactorUWP.core\Core\V1Protocol\Descriptor\Descriptors\WebView2Descriptor.cs(30,53): error CS0234: 命名空间“Windows.UI.Xaml.Controls”中不存在类型或命名空间名“WebView2”(是否缺少程序集引用?) [D:\fluentapps\repos\ReactorUWP.core\ReactorUWP.core\ReactorUWP.core.csproj]
D:\fluentapps\repos\ReactorUWP.core\ReactorUWP.core\Core\V1Protocol\Descriptor\Descriptors\WebView2Descriptor.cs(40,53): error CS0234: 命名空间“Windows.UI.Xaml.Controls”中不存在类型或命名空间名“WebView2”(是否缺少程序集引用?) [D:\fluentapps\repos\ReactorUWP.core\ReactorUWP.core\ReactorUWP.core.csproj]
D:\fluentapps\repos\ReactorUWP.core\ReactorUWP.core\Core\V1Protocol\Descriptor\Descriptors\WebView2Descriptor.cs(40,69): error CS0234: 命名空间“Windows.UI.Xaml.Controls”中不存在类型或命名空间名“CoreWebView2InitializedEventArgs”(是否缺少程序集引用?) [D:\fluentapps\repos\ReactorUWP.core\ReactorUWP.core\ReactorUWP.core.csproj]
D:\fluentapps\repos\ReactorUWP.core\ReactorUWP.core\Core\V1Protocol\Descriptor\Descriptors\WebView2Descriptor.cs(44,69): error CS0234: 命名空间“Windows.UI.Xaml.Controls”中不存在类型或命名空间名“WebView2”(是否缺少程序集引用?) [D:\fluentapps\repos\ReactorUWP.core\ReactorUWP.core\ReactorUWP.core.csproj]
D:\fluentapps\repos\ReactorUWP.core\ReactorUWP.core\Core\V1Protocol\Descriptor\Descriptors\WebView2Descriptor.cs(90,48): error CS0234: 命名空间“Windows.UI.Xaml.Controls”中不存在类型或命名空间名“WebView2”(是否缺少程序集引用?) [D:\fluentapps\repos\ReactorUWP.core\ReactorUWP.core\ReactorUWP.core.csproj]
D:\fluentapps\repos\ReactorUWP.core\ReactorUWP.core\Core\V1Protocol\Descriptor\Descriptors\TabViewDescriptor.cs(65,53): error CS0234: 命名空间“Windows.UI.Xaml.Controls”中不存在类型或命名空间名“TabView”(是否缺少程序集引用?) [D:\fluentapps\repos\ReactorUWP.core\ReactorUWP.core\ReactorUWP.core.csproj]
D:\fluentapps\repos\ReactorUWP.core\ReactorUWP.core\Core\V1Protocol\Descriptor\Descriptors\TabViewDescriptor.cs(65,68): error CS0234: 命名空间“Windows.UI.Xaml.Controls”中不存在类型或命名空间名“TabViewTabCloseRequestedEventArgs”(是否缺少程序集引用?) [D:\fluentapps\repos\ReactorUWP.core\ReactorUWP.core\ReactorUWP.core.csproj]
D:\fluentapps\repos\ReactorUWP.core\ReactorUWP.core\Core\V1Protocol\Descriptor\Descriptors\TabViewDescriptor.cs(73,53): error CS0234: 命名空间“Windows.UI.Xaml.Controls”中不存在类型或命名空间名“TabView”(是否缺少程序集引用?) [D:\fluentapps\repos\ReactorUWP.core\ReactorUWP.core\ReactorUWP.core.csproj]
D:\fluentapps\repos\ReactorUWP.core\ReactorUWP.core\Core\V1Protocol\Descriptor\Descriptors\XamlHostDescriptor.cs(17,53): error CS0246: 未能找到类型或命名空间名“XamlHostElement”(是否缺少 using 指令或程序集引用?) [D:\fluentapps\repos\ReactorUWP.core\ReactorUWP.core\ReactorUWP.core.csproj]
D:\fluentapps\repos\ReactorUWP.core\ReactorUWP.core\Core\V1Protocol\Descriptor\Descriptors\TabViewDescriptor.cs(80,53): error CS0234: 命名空间“Windows.UI.Xaml.Controls”中不存在类型或命名空间名“TabView”(是否缺少程序集引用?) [D:\fluentapps\repos\ReactorUWP.core\ReactorUWP.core\ReactorUWP.core.csproj]
D:\fluentapps\repos\ReactorUWP.core\ReactorUWP.core\Core\V1Protocol\Descriptor\Descriptors\TabViewDescriptor.cs(80,68): error CS0234: 命名空间“Windows.UI.Xaml.Controls”中不存在类型或命名空间名“TabViewTabDragStartingEventArgs”(是否缺少程序集引用?) [D:\fluentapps\repos\ReactorUWP.core\ReactorUWP.core\ReactorUWP.core.csproj]
D:\fluentapps\repos\ReactorUWP.core\ReactorUWP.core\Core\V1Protocol\Descriptor\Descriptors\XamlHostDescriptor.cs(19,69): error CS0246: 未能找到类型或命名空间名“XamlHostElement”(是否缺少 using 指令或程序集引用?) [D:\fluentapps\repos\ReactorUWP.core\ReactorUWP.core\ReactorUWP.core.csproj]
D:\fluentapps\repos\ReactorUWP.core\ReactorUWP.core\Core\V1Protocol\Descriptor\Descriptors\XamlHostDescriptor.cs(21,50): error CS0246: 未能找到类型或命名空间名“XamlHostElement”(是否缺少 using 指令或程序集引用?) [D:\fluentapps\repos\ReactorUWP.core\ReactorUWP.core\ReactorUWP.core.csproj]
D:\fluentapps\repos\ReactorUWP.core\ReactorUWP.core\Core\V1Protocol\Descriptor\Descriptors\XamlHostDescriptor.cs(29,52): error CS0246: 未能找到类型或命名空间名“XamlHostElement”(是否缺少 using 指令或程序集引用?) [D:\fluentapps\repos\ReactorUWP.core\ReactorUWP.core\ReactorUWP.core.csproj]
D:\fluentapps\repos\ReactorUWP.core\ReactorUWP.core\Core\V1Protocol\Descriptor\Descriptors\XamlHostDescriptor.cs(29,75): error CS0246: 未能找到类型或命名空间名“XamlHostElement”(是否缺少 using 指令或程序集引用?) [D:\fluentapps\repos\ReactorUWP.core\ReactorUWP.core\ReactorUWP.core.csproj]
D:\fluentapps\repos\ReactorUWP.core\ReactorUWP.core\Core\V1Protocol\Descriptor\Descriptors\XamlHostDescriptor.cs(37,65): error CS0246: 未能找到类型或命名空间名“XamlHostElement”(是否缺少 using 指令或程序集引用?) [D:\fluentapps\repos\ReactorUWP.core\ReactorUWP.core\ReactorUWP.core.csproj]
D:\fluentapps\repos\ReactorUWP.core\ReactorUWP.core\Core\V1Protocol\Descriptor\Descriptors\XamlHostDescriptor.cs(19,44): error CS0535: “XamlHostDescriptor.XamlHostHandler”不实现接口成员“IDecoratorElementHandler<XamlHostElement>.Unmount(UnmountContext, XamlHostElement?, UIElement)” [D:\fluentapps\repos\ReactorUWP.core\ReactorUWP.core\ReactorUWP.core.csproj]
D:\fluentapps\repos\ReactorUWP.core\ReactorUWP.core\Core\V1Protocol\Descriptor\Descriptors\XamlPageDescriptor.cs(18,53): error CS0246: 未能找到类型或命名空间名“XamlPageElement”(是否缺少 using 指令或程序集引用?) [D:\fluentapps\repos\ReactorUWP.core\ReactorUWP.core\ReactorUWP.core.csproj]
D:\fluentapps\repos\ReactorUWP.core\ReactorUWP.core\Core\V1Protocol\Descriptor\Descriptors\XamlPageDescriptor.cs(20,69): error CS0246: 未能找到类型或命名空间名“XamlPageElement”(是否缺少 using 指令或程序集引用?) [D:\fluentapps\repos\ReactorUWP.core\ReactorUWP.core\ReactorUWP.core.csproj]
D:\fluentapps\repos\ReactorUWP.core\ReactorUWP.core\Core\V1Protocol\Descriptor\Descriptors\XamlPageDescriptor.cs(22,50): error CS0246: 未能找到类型或命名空间名“XamlPageElement”(是否缺少 using 指令或程序集引用?) [D:\fluentapps\repos\ReactorUWP.core\ReactorUWP.core\ReactorUWP.core.csproj]
D:\fluentapps\repos\ReactorUWP.core\ReactorUWP.core\Core\V1Protocol\Descriptor\Descriptors\XamlPageDescriptor.cs(30,52): error CS0246: 未能找到类型或命名空间名“XamlPageElement”(是否缺少 using 指令或程序集引用?) [D:\fluentapps\repos\ReactorUWP.core\ReactorUWP.core\ReactorUWP.core.csproj]
D:\fluentapps\repos\ReactorUWP.core\ReactorUWP.core\Core\V1Protocol\Descriptor\Descriptors\XamlPageDescriptor.cs(30,75): error CS0246: 未能找到类型或命名空间名“XamlPageElement”(是否缺少 using 指令或程序集引用?) [D:\fluentapps\repos\ReactorUWP.core\ReactorUWP.core\ReactorUWP.core.csproj]
D:\fluentapps\repos\ReactorUWP.core\ReactorUWP.core\Core\V1Protocol\Descriptor\Descriptors\XamlPageDescriptor.cs(39,65): error CS0246: 未能找到类型或命名空间名“XamlPageElement”(是否缺少 using 指令或程序集引用?) [D:\fluentapps\repos\ReactorUWP.core\ReactorUWP.core\ReactorUWP.core.csproj]
D:\fluentapps\repos\ReactorUWP.core\ReactorUWP.core\Core\V1Protocol\Descriptor\Descriptors\XamlPageDescriptor.cs(20,44): error CS0535: “XamlPageDescriptor.XamlPageHandler”不实现接口成员“IDecoratorElementHandler<XamlPageElement>.Unmount(UnmountContext, XamlPageElement?, UIElement)” [D:\fluentapps\repos\ReactorUWP.core\ReactorUWP.core\ReactorUWP.core.csproj]
D:\fluentapps\repos\ReactorUWP.core\ReactorUWP.core\Core\V1Protocol\Descriptor\Descriptors\TabViewDescriptor.cs(92,53): error CS0234: 命名空间“Windows.UI.Xaml.Controls”中不存在类型或命名空间名“TabView”(是否缺少程序集引用?) [D:\fluentapps\repos\ReactorUWP.core\ReactorUWP.core\ReactorUWP.core.csproj]
D:\fluentapps\repos\ReactorUWP.core\ReactorUWP.core\Core\V1Protocol\Descriptor\Descriptors\TabViewDescriptor.cs(92,68): error CS0234: 命名空间“Windows.UI.Xaml.Controls”中不存在类型或命名空间名“TabViewTabDragCompletedEventArgs”(是否缺少程序集引用?) [D:\fluentapps\repos\ReactorUWP.core\ReactorUWP.core\ReactorUWP.core.csproj]
D:\fluentapps\repos\ReactorUWP.core\ReactorUWP.core\Core\V1Protocol\Descriptor\Descriptors\TabViewDescriptor.cs(102,68): error CS0234: 命名空间“Windows.UI.Xaml.Controls”中不存在类型或命名空间名“TabView”(是否缺少程序集引用?) [D:\fluentapps\repos\ReactorUWP.core\ReactorUWP.core\ReactorUWP.core.csproj]
D:\fluentapps\repos\ReactorUWP.core\ReactorUWP.core\Core\V1Protocol\Descriptor\Descriptors\TabViewDescriptor.cs(228,47): error CS0234: 命名空间“Windows.UI.Xaml.Controls”中不存在类型或命名空间名“TabView”(是否缺少程序集引用?) [D:\fluentapps\repos\ReactorUWP.core\ReactorUWP.core\ReactorUWP.core.csproj]
D:\fluentapps\repos\ReactorUWP.core\ReactorUWP.core\Core\V1Protocol\Descriptor\Descriptors\TeachingTipDescriptor.cs(50,66): error CS0234: 命名空间“Windows.UI.Xaml.Controls”中不存在类型或命名空间名“TeachingTip”(是否缺少程序集引用?) [D:\fluentapps\repos\ReactorUWP.core\ReactorUWP.core\ReactorUWP.core.csproj]
D:\fluentapps\repos\ReactorUWP.core\ReactorUWP.core\Core\V1Protocol\Descriptor\Descriptors\TeachingTipDescriptor.cs(69,53): error CS0234: 命名空间“Windows.UI.Xaml.Controls”中不存在类型或命名空间名“TeachingTip”(是否缺少程序集引用?) [D:\fluentapps\repos\ReactorUWP.core\ReactorUWP.core\ReactorUWP.core.csproj]
D:\fluentapps\repos\ReactorUWP.core\ReactorUWP.core\Core\V1Protocol\Descriptor\Descriptors\TeachingTipDescriptor.cs(74,53): error CS0234: 命名空间“Windows.UI.Xaml.Controls”中不存在类型或命名空间名“TeachingTip”(是否缺少程序集引用?) [D:\fluentapps\repos\ReactorUWP.core\ReactorUWP.core\ReactorUWP.core.csproj]
D:\fluentapps\repos\ReactorUWP.core\ReactorUWP.core\Core\V1Protocol\Descriptor\Descriptors\TeachingTipDescriptor.cs(74,72): error CS0234: 命名空间“Windows.UI.Xaml.Controls”中不存在类型或命名空间名“TeachingTipClosedEventArgs”(是否缺少程序集引用?) [D:\fluentapps\repos\ReactorUWP.core\ReactorUWP.core\ReactorUWP.core.csproj]
D:\fluentapps\repos\ReactorUWP.core\ReactorUWP.core\Core\V1Protocol\Descriptor\Descriptors\TeachingTipDescriptor.cs(79,72): error CS0234: 命名空间“Windows.UI.Xaml.Controls”中不存在类型或命名空间名“TeachingTip”(是否缺少程序集引用?) [D:\fluentapps\repos\ReactorUWP.core\ReactorUWP.core\ReactorUWP.core.csproj]
D:\fluentapps\repos\ReactorUWP.core\ReactorUWP.core\Core\V1Protocol\Descriptor\Descriptors\TeachingTipDescriptor.cs(146,51): error CS0234: 命名空间“Windows.UI.Xaml.Controls”中不存在类型或命名空间名“TeachingTip”(是否缺少程序集引用?) [D:\fluentapps\repos\ReactorUWP.core\ReactorUWP.core\ReactorUWP.core.csproj]
D:\fluentapps\repos\ReactorUWP.core\ReactorUWP.core\Core\V1Protocol\Descriptor\Descriptors\TitleBarDescriptor.cs(97,54): error CS0234: 命名空间“Windows.UI.Xaml.Controls”中不存在类型或命名空间名“TitleBar”(是否缺少程序集引用?) [D:\fluentapps\repos\ReactorUWP.core\ReactorUWP.core\ReactorUWP.core.csproj]
D:\fluentapps\repos\ReactorUWP.core\ReactorUWP.core\Core\V1Protocol\Descriptor\Descriptors\TitleBarDescriptor.cs(19,63): error CS0234: 命名空间“Windows.UI.Xaml.Controls”中不存在类型或命名空间名“TitleBar”(是否缺少程序集引用?) [D:\fluentapps\repos\ReactorUWP.core\ReactorUWP.core\ReactorUWP.core.csproj]
D:\fluentapps\repos\ReactorUWP.core\ReactorUWP.core\Core\V1Protocol\Descriptor\Descriptors\TitleBarDescriptor.cs(38,53): error CS0234: 命名空间“Windows.UI.Xaml.Controls”中不存在类型或命名空间名“TitleBar”(是否缺少程序集引用?) [D:\fluentapps\repos\ReactorUWP.core\ReactorUWP.core\ReactorUWP.core.csproj]
D:\fluentapps\repos\ReactorUWP.core\ReactorUWP.core\Core\V1Protocol\Descriptor\Descriptors\TitleBarDescriptor.cs(42,53): error CS0234: 命名空间“Windows.UI.Xaml.Controls”中不存在类型或命名空间名“TitleBar”(是否缺少程序集引用?) [D:\fluentapps\repos\ReactorUWP.core\ReactorUWP.core\ReactorUWP.core.csproj]
D:\fluentapps\repos\ReactorUWP.core\ReactorUWP.core\Core\V1Protocol\Descriptor\Descriptors\TitleBarDescriptor.cs(46,69): error CS0234: 命名空间“Windows.UI.Xaml.Controls”中不存在类型或命名空间名“TitleBar”(是否缺少程序集引用?) [D:\fluentapps\repos\ReactorUWP.core\ReactorUWP.core\ReactorUWP.core.csproj]
D:\fluentapps\repos\ReactorUWP.core\ReactorUWP.core\Core\V1Protocol\Descriptor\Descriptors\TitleBarDescriptor.cs(116,94): error CS0234: 命名空间“Windows.UI.Xaml.Controls”中不存在类型或命名空间名“TitleBar”(是否缺少程序集引用?) [D:\fluentapps\repos\ReactorUWP.core\ReactorUWP.core\ReactorUWP.core.csproj]

生成失败。

D:\fluentapps\repos\ReactorUWP.core\ReactorUWP.core\ReactorUWP.core.csproj : warning NU1603: ReactorUWP.core 依赖于 Microsoft.Web.WebView2 (>= 1.0.2839)，但没有找到 Microsoft.Web.WebView2 1.0.2839。已改为解析 Microsoft.Web.WebView2 1.0.2849.39。
D:\fluentapps\repos\ReactorUWP.core\ReactorUWP.core\ReactorUWP.core.csproj : warning NU1603: ReactorUWP.core 依赖于 Microsoft.Web.WebView2 (>= 1.0.2839)，但没有找到 Microsoft.Web.WebView2 1.0.2839。已改为解析 Microsoft.Web.WebView2 1.0.2849.39。
C:\Program Files\dotnet\sdk\10.0.301\Microsoft.Common.CurrentVersion.targets(2453,5): warning MSB3277: 发现无法解析的“WindowsBase”的不同版本之间存在冲突。 [D:\fluentapps\repos\ReactorUWP.core\ReactorUWP.core\ReactorUWP.core.csproj]
C:\Program Files\dotnet\sdk\10.0.301\Microsoft.Common.CurrentVersion.targets(2453,5): warning MSB3277: “WindowsBase, Version=4.0.0.0, Culture=neutral, PublicKeyToken=31bf3856ad364e35”与“WindowsBase, Version=5.0.0.0, Culture=neutral, PublicKeyToken=31bf3856ad364e35”之间存在冲突。 [D:\fluentapps\repos\ReactorUWP.core\ReactorUWP.core\ReactorUWP.core.csproj]
C:\Program Files\dotnet\sdk\10.0.301\Microsoft.Common.CurrentVersion.targets(2453,5): warning MSB3277:     已选择“WindowsBase, Version=4.0.0.0, Culture=neutral, PublicKeyToken=31bf3856ad364e35”，因为它是主版本而“WindowsBase, Version=5.0.0.0, Culture=neutral, PublicKeyToken=31bf3856ad364e35”不是。 [D:\fluentapps\repos\ReactorUWP.core\ReactorUWP.core\ReactorUWP.core.csproj]
C:\Program Files\dotnet\sdk\10.0.301\Microsoft.Common.CurrentVersion.targets(2453,5): warning MSB3277:     依赖于“WindowsBase, Version=4.0.0.0, Culture=neutral, PublicKeyToken=31bf3856ad364e35”[C:\Program Files\dotnet\packs\Microsoft.NETCore.App.Ref\10.0.9\ref\net10.0\WindowsBase.dll]的引用。 [D:\fluentapps\repos\ReactorUWP.core\ReactorUWP.core\ReactorUWP.core.csproj]
C:\Program Files\dotnet\sdk\10.0.301\Microsoft.Common.CurrentVersion.targets(2453,5): warning MSB3277:         C:\Program Files\dotnet\packs\Microsoft.NETCore.App.Ref\10.0.9\ref\net10.0\WindowsBase.dll [D:\fluentapps\repos\ReactorUWP.core\ReactorUWP.core\ReactorUWP.core.csproj]
C:\Program Files\dotnet\sdk\10.0.301\Microsoft.Common.CurrentVersion.targets(2453,5): warning MSB3277:           导致引用“C:\Program Files\dotnet\packs\Microsoft.NETCore.App.Ref\10.0.9\ref\net10.0\WindowsBase.dll”的项目文件项 Include 特性。 [D:\fluentapps\repos\ReactorUWP.core\ReactorUWP.core\ReactorUWP.core.csproj]
C:\Program Files\dotnet\sdk\10.0.301\Microsoft.Common.CurrentVersion.targets(2453,5): warning MSB3277:             C:\Program Files\dotnet\packs\Microsoft.NETCore.App.Ref\10.0.9\ref/net10.0/WindowsBase.dll [D:\fluentapps\repos\ReactorUWP.core\ReactorUWP.core\ReactorUWP.core.csproj]
C:\Program Files\dotnet\sdk\10.0.301\Microsoft.Common.CurrentVersion.targets(2453,5): warning MSB3277:     依赖于或已统一到“WindowsBase, Version=5.0.0.0, Culture=neutral, PublicKeyToken=31bf3856ad364e35”[] 的引用。 [D:\fluentapps\repos\ReactorUWP.core\ReactorUWP.core\ReactorUWP.core.csproj]
C:\Program Files\dotnet\sdk\10.0.301\Microsoft.Common.CurrentVersion.targets(2453,5): warning MSB3277:         C:\Users\gold\.nuget\packages\microsoft.web.webview2\1.0.2849.39\lib_manual\net5.0-windows10.0.17763.0\Microsoft.Web.WebView2.Wpf.dll [D:\fluentapps\repos\ReactorUWP.core\ReactorUWP.core\ReactorUWP.core.csproj]
C:\Program Files\dotnet\sdk\10.0.301\Microsoft.Common.CurrentVersion.targets(2453,5): warning MSB3277:           导致引用“C:\Users\gold\.nuget\packages\microsoft.web.webview2\1.0.2849.39\lib_manual\net5.0-windows10.0.17763.0\Microsoft.Web.WebView2.Wpf.dll”的项目文件项 Include 特性。 [D:\fluentapps\repos\ReactorUWP.core\ReactorUWP.core\ReactorUWP.core.csproj]
C:\Program Files\dotnet\sdk\10.0.301\Microsoft.Common.CurrentVersion.targets(2453,5): warning MSB3277:             C:\Users\gold\.nuget\packages\microsoft.web.webview2\1.0.2849.39\buildTransitive\..\\lib_manual\net5.0-windows10.0.17763.0\Microsoft.Web.WebView2.Wpf.dll [D:\fluentapps\repos\ReactorUWP.core\ReactorUWP.core\ReactorUWP.core.csproj]
D:\fluentapps\repos\ReactorUWP.core\ReactorUWP.core\Core\Element.cs(12,7): warning CS0105: “Windows.UI.Text”的 using 指令以前在此命名空间中出现过 [D:\fluentapps\repos\ReactorUWP.core\ReactorUWP.core\ReactorUWP.core.csproj]
D:\fluentapps\repos\ReactorUWP.core\ReactorUWP.core\Core\V1Protocol\CompositeLifecycle.cs(6,7): warning CS0105: “System.Linq”的 using 指令以前在此命名空间中出现过 [D:\fluentapps\repos\ReactorUWP.core\ReactorUWP.core\ReactorUWP.core.csproj]
D:\fluentapps\repos\ReactorUWP.core\ReactorUWP.core\Core\V1Protocol\Descriptor\Descriptors\BreadcrumbBarDescriptor.cs(7,7): warning CS0105: “System.Linq”的 using 指令以前在此命名空间中出现过 [D:\fluentapps\repos\ReactorUWP.core\ReactorUWP.core\ReactorUWP.core.csproj]
D:\fluentapps\repos\ReactorUWP.core\ReactorUWP.core\Core\V1Protocol\Handlers\OverlayDecoratorHandlers.cs(7,7): warning CS0105: “System.Linq”的 using 指令以前在此命名空间中出现过 [D:\fluentapps\repos\ReactorUWP.core\ReactorUWP.core\ReactorUWP.core.csproj]
D:\fluentapps\repos\ReactorUWP.core\ReactorUWP.core\Docking\Native\DockLayoutMutator.cs(6,7): warning CS0105: “System.Linq”的 using 指令以前在此命名空间中出现过 [D:\fluentapps\repos\ReactorUWP.core\ReactorUWP.core\ReactorUWP.core.csproj]
D:\fluentapps\repos\ReactorUWP.core\ReactorUWP.core\Elements\Dsl.cs(13,7): warning CS0105: “Windows.UI.Text”的 using 指令以前在此命名空间中出现过 [D:\fluentapps\repos\ReactorUWP.core\ReactorUWP.core\ReactorUWP.core.csproj]
D:\fluentapps\repos\ReactorUWP.core\ReactorUWP.core\Elements\ElementExtensions.cs(13,7): warning CS0105: “Windows.UI.Text”的 using 指令以前在此命名空间中出现过 [D:\fluentapps\repos\ReactorUWP.core\ReactorUWP.core\ReactorUWP.core.csproj]
D:\fluentapps\repos\ReactorUWP.core\ReactorUWP.core\Elements\ElementExtensions.cs(924,71): error CS0246: 未能找到类型或命名空间名“PipsPagerWrapMode”(是否缺少 using 指令或程序集引用?) [D:\fluentapps\repos\ReactorUWP.core\ReactorUWP.core\ReactorUWP.core.csproj]
D:\fluentapps\repos\ReactorUWP.core\ReactorUWP.core\Elements\BackdropExtensions.cs(42,64): error CS0246: 未能找到类型或命名空间名“SystemBackdrop”(是否缺少 using 指令或程序集引用?) [D:\fluentapps\repos\ReactorUWP.core\ReactorUWP.core\ReactorUWP.core.csproj]
D:\fluentapps\repos\ReactorUWP.core\ReactorUWP.core\Elements\ElementExtensions.cs(932,87): error CS0246: 未能找到类型或命名空间名“PipsPagerButtonVisibility”(是否缺少 using 指令或程序集引用?) [D:\fluentapps\repos\ReactorUWP.core\ReactorUWP.core\ReactorUWP.core.csproj]
D:\fluentapps\repos\ReactorUWP.core\ReactorUWP.core\Elements\ElementExtensions.cs(936,83): error CS0246: 未能找到类型或命名空间名“PipsPagerButtonVisibility”(是否缺少 using 指令或程序集引用?) [D:\fluentapps\repos\ReactorUWP.core\ReactorUWP.core\ReactorUWP.core.csproj]
D:\fluentapps\repos\ReactorUWP.core\ReactorUWP.core\Core\BackdropKind.cs(68,32): error CS0246: 未能找到类型或命名空间名“SystemBackdrop”(是否缺少 using 指令或程序集引用?) [D:\fluentapps\repos\ReactorUWP.core\ReactorUWP.core\ReactorUWP.core.csproj]
D:\fluentapps\repos\ReactorUWP.core\ReactorUWP.core\Core\BackdropKind.cs(80,57): error CS0246: 未能找到类型或命名空间名“SystemBackdrop”(是否缺少 using 指令或程序集引用?) [D:\fluentapps\repos\ReactorUWP.core\ReactorUWP.core\ReactorUWP.core.csproj]
D:\fluentapps\repos\ReactorUWP.core\ReactorUWP.core\Core\BackdropKind.cs(70,68): error CS0246: 未能找到类型或命名空间名“SystemBackdrop”(是否缺少 using 指令或程序集引用?) [D:\fluentapps\repos\ReactorUWP.core\ReactorUWP.core\ReactorUWP.core.csproj]
D:\fluentapps\repos\ReactorUWP.core\ReactorUWP.core\Elements\ElementExtensions.cs(1165,74): error CS0246: 未能找到类型或命名空间名“NumberBoxSpinButtonPlacementMode”(是否缺少 using 指令或程序集引用?) [D:\fluentapps\repos\ReactorUWP.core\ReactorUWP.core\ReactorUWP.core.csproj]
D:\fluentapps\repos\ReactorUWP.core\ReactorUWP.core\Elements\ElementExtensions.cs(1177,77): error CS0246: 未能找到类型或命名空间名“NumberBoxValidationMode”(是否缺少 using 指令或程序集引用?) [D:\fluentapps\repos\ReactorUWP.core\ReactorUWP.core\ReactorUWP.core.csproj]
D:\fluentapps\repos\ReactorUWP.core\ReactorUWP.core\Elements\ElementExtensions.cs(1398,67): error CS0246: 未能找到类型或命名空间名“InfoBarSeverity”(是否缺少 using 指令或程序集引用?) [D:\fluentapps\repos\ReactorUWP.core\ReactorUWP.core\ReactorUWP.core.csproj]
D:\fluentapps\repos\ReactorUWP.core\ReactorUWP.core\Core\Component.cs(100,36): error CS0234: 命名空间“Microsoft.UI.Reactor”中不存在类型或命名空间名“ReactorWindow”(是否缺少程序集引用?) [D:\fluentapps\repos\ReactorUWP.core\ReactorUWP.core\ReactorUWP.core.csproj]
D:\fluentapps\repos\ReactorUWP.core\ReactorUWP.core\Core\Component.cs(104,36): error CS0234: 命名空间“Microsoft.UI.Reactor”中不存在类型或命名空间名“WindowState”(是否缺少程序集引用?) [D:\fluentapps\repos\ReactorUWP.core\ReactorUWP.core\ReactorUWP.core.csproj]
D:\fluentapps\repos\ReactorUWP.core\ReactorUWP.core\Elements\ElementExtensions.cs(1507,85): error CS0246: 未能找到类型或命名空间名“TeachingTipPlacementMode”(是否缺少 using 指令或程序集引用?) [D:\fluentapps\repos\ReactorUWP.core\ReactorUWP.core\ReactorUWP.core.csproj]
D:\fluentapps\repos\ReactorUWP.core\ReactorUWP.core\Core\Component.cs(129,50): error CS0234: 命名空间“Microsoft.UI.Reactor”中不存在类型或命名空间名“DisplayInfo”(是否缺少程序集引用?) [D:\fluentapps\repos\ReactorUWP.core\ReactorUWP.core\ReactorUWP.core.csproj]
D:\fluentapps\repos\ReactorUWP.core\ReactorUWP.core\Core\Component.cs(149,30): error CS0234: 命名空间“Microsoft.UI.Reactor”中不存在类型或命名空间名“WindowKey”(是否缺少程序集引用?) [D:\fluentapps\repos\ReactorUWP.core\ReactorUWP.core\ReactorUWP.core.csproj]
D:\fluentapps\repos\ReactorUWP.core\ReactorUWP.core\Core\Component.cs(150,30): error CS0234: 命名空间“Microsoft.UI.Reactor”中不存在类型或命名空间名“WindowSpec”(是否缺少程序集引用?) [D:\fluentapps\repos\ReactorUWP.core\ReactorUWP.core\ReactorUWP.core.csproj]
D:\fluentapps\repos\ReactorUWP.core\ReactorUWP.core\Core\Component.cs(148,36): error CS0234: 命名空间“Microsoft.UI.Reactor”中不存在类型或命名空间名“ReactorWindow”(是否缺少程序集引用?) [D:\fluentapps\repos\ReactorUWP.core\ReactorUWP.core\ReactorUWP.core.csproj]
D:\fluentapps\repos\ReactorUWP.core\ReactorUWP.core\Core\Component.cs(159,86): error CS0234: 命名空间“Microsoft.UI.Reactor”中不存在类型或命名空间名“TrayIconSpec”(是否缺少程序集引用?) [D:\fluentapps\repos\ReactorUWP.core\ReactorUWP.core\ReactorUWP.core.csproj]
D:\fluentapps\repos\ReactorUWP.core\ReactorUWP.core\Core\Component.cs(159,36): error CS0234: 命名空间“Microsoft.UI.Reactor”中不存在类型或命名空间名“ReactorTrayIcon”(是否缺少程序集引用?) [D:\fluentapps\repos\ReactorUWP.core\ReactorUWP.core\ReactorUWP.core.csproj]
D:\fluentapps\repos\ReactorUWP.core\ReactorUWP.core\Elements\ElementExtensions.cs(1650,77): error CS0234: 命名空间“Windows.UI.Xaml.Controls”中不存在类型或命名空间名“TitleBar”(是否缺少程序集引用?) [D:\fluentapps\repos\ReactorUWP.core\ReactorUWP.core\ReactorUWP.core.csproj]
D:\fluentapps\repos\ReactorUWP.core\ReactorUWP.core\Elements\ElementExtensions.cs(1813,79): error CS0234: 命名空间“Windows.UI.Xaml.Controls”中不存在类型或命名空间名“NumberBox”(是否缺少程序集引用?) [D:\fluentapps\repos\ReactorUWP.core\ReactorUWP.core\ReactorUWP.core.csproj]
D:\fluentapps\repos\ReactorUWP.core\ReactorUWP.core\Elements\ElementExtensions.cs(1825,85): error CS0234: 命名空间“Windows.UI.Xaml.Controls”中不存在类型或命名空间名“RadioButtons”(是否缺少程序集引用?) [D:\fluentapps\repos\ReactorUWP.core\ReactorUWP.core\ReactorUWP.core.csproj]
D:\fluentapps\repos\ReactorUWP.core\ReactorUWP.core\Elements\ElementExtensions.cs(1867,77): error CS0234: 命名空间“Windows.UI.Xaml.Controls”中不存在类型或命名空间名“WebView2”(是否缺少程序集引用?) [D:\fluentapps\repos\ReactorUWP.core\ReactorUWP.core\ReactorUWP.core.csproj]
D:\fluentapps\repos\ReactorUWP.core\ReactorUWP.core\Elements\ElementExtensions.cs(1886,81): error CS0234: 命名空间“Windows.UI.Xaml.Controls”中不存在类型或命名空间名“ScrollView”(是否缺少程序集引用?) [D:\fluentapps\repos\ReactorUWP.core\ReactorUWP.core\ReactorUWP.core.csproj]
D:\fluentapps\repos\ReactorUWP.core\ReactorUWP.core\Elements\ElementExtensions.cs(1892,77): error CS0234: 命名空间“Windows.UI.Xaml.Controls”中不存在类型或命名空间名“Expander”(是否缺少程序集引用?) [D:\fluentapps\repos\ReactorUWP.core\ReactorUWP.core\ReactorUWP.core.csproj]
D:\fluentapps\repos\ReactorUWP.core\ReactorUWP.core\Elements\ElementExtensions.cs(1914,75): error CS0234: 命名空间“Windows.UI.Xaml.Controls”中不存在类型或命名空间名“TabView”(是否缺少程序集引用?) [D:\fluentapps\repos\ReactorUWP.core\ReactorUWP.core\ReactorUWP.core.csproj]
D:\fluentapps\repos\ReactorUWP.core\ReactorUWP.core\Elements\ElementExtensions.cs(1917,87): error CS0234: 命名空间“Windows.UI.Xaml.Controls”中不存在类型或命名空间名“BreadcrumbBar”(是否缺少程序集引用?) [D:\fluentapps\repos\ReactorUWP.core\ReactorUWP.core\ReactorUWP.core.csproj]
D:\fluentapps\repos\ReactorUWP.core\ReactorUWP.core\Elements\ElementExtensions.cs(1943,83): error CS0234: 命名空间“Windows.UI.Xaml.Controls”中不存在类型或命名空间名“TeachingTip”(是否缺少程序集引用?) [D:\fluentapps\repos\ReactorUWP.core\ReactorUWP.core\ReactorUWP.core.csproj]
D:\fluentapps\repos\ReactorUWP.core\ReactorUWP.core\Elements\ElementExtensions.cs(1946,75): error CS0234: 命名空间“Windows.UI.Xaml.Controls”中不存在类型或命名空间名“InfoBar”(是否缺少程序集引用?) [D:\fluentapps\repos\ReactorUWP.core\ReactorUWP.core\ReactorUWP.core.csproj]
D:\fluentapps\repos\ReactorUWP.core\ReactorUWP.core\Elements\ElementExtensions.cs(1949,79): error CS0234: 命名空间“Windows.UI.Xaml.Controls”中不存在类型或命名空间名“InfoBadge”(是否缺少程序集引用?) [D:\fluentapps\repos\ReactorUWP.core\ReactorUWP.core\ReactorUWP.core.csproj]
D:\fluentapps\repos\ReactorUWP.core\ReactorUWP.core\Elements\ElementExtensions.cs(1983,101): error CS0234: 命名空间“Windows.UI.Xaml.Controls”中不存在类型或命名空间名“AnimatedVisualPlayer”(是否缺少程序集引用?) [D:\fluentapps\repos\ReactorUWP.core\ReactorUWP.core\ReactorUWP.core.csproj]
D:\fluentapps\repos\ReactorUWP.core\ReactorUWP.core\Elements\ElementExtensions.cs(1994,83): error CS0234: 命名空间“Windows.UI.Xaml.Controls”中不存在类型或命名空间名“SelectorBar”(是否缺少程序集引用?) [D:\fluentapps\repos\ReactorUWP.core\ReactorUWP.core\ReactorUWP.core.csproj]
D:\fluentapps\repos\ReactorUWP.core\ReactorUWP.core\Elements\ElementExtensions.cs(1997,79): error CS0234: 命名空间“Windows.UI.Xaml.Controls”中不存在类型或命名空间名“PipsPager”(是否缺少程序集引用?) [D:\fluentapps\repos\ReactorUWP.core\ReactorUWP.core\ReactorUWP.core.csproj]
D:\fluentapps\repos\ReactorUWP.core\ReactorUWP.core\Elements\ElementExtensions.cs(2000,97): error CS0234: 命名空间“Windows.UI.Xaml.Controls”中不存在类型或命名空间名“AnnotatedScrollBar”(是否缺少程序集引用?) [D:\fluentapps\repos\ReactorUWP.core\ReactorUWP.core\ReactorUWP.core.csproj]
D:\fluentapps\repos\ReactorUWP.core\ReactorUWP.core\Elements\ElementExtensions.cs(2022,85): error CS0234: 命名空间“Windows.UI.Xaml.Controls”中不存在类型或命名空间名“AnimatedIcon”(是否缺少程序集引用?) [D:\fluentapps\repos\ReactorUWP.core\ReactorUWP.core\ReactorUWP.core.csproj]
D:\fluentapps\repos\ReactorUWP.core\ReactorUWP.core\Elements\ElementExtensions.cs(2034,81): error CS0234: 命名空间“Windows.UI.Xaml.Controls”中不存在类型或命名空间名“MapControl”(是否缺少程序集引用?) [D:\fluentapps\repos\ReactorUWP.core\ReactorUWP.core\ReactorUWP.core.csproj]
D:\fluentapps\repos\ReactorUWP.core\ReactorUWP.core\Elements\ElementExtensions.cs(2042,88): error CS0234: 命名空间“Windows.UI.Xaml.Controls”中不存在类型或命名空间名“ItemsView”(是否缺少程序集引用?) [D:\fluentapps\repos\ReactorUWP.core\ReactorUWP.core\ReactorUWP.core.csproj]
D:\fluentapps\repos\ReactorUWP.core\ReactorUWP.core\Elements\ElementExtensions.cs(2046,87): error CS0234: 命名空间“Windows.UI.Xaml.Controls”中不存在类型或命名空间名“ItemContainer”(是否缺少程序集引用?) [D:\fluentapps\repos\ReactorUWP.core\ReactorUWP.core\ReactorUWP.core.csproj]
D:\fluentapps\repos\ReactorUWP.core\ReactorUWP.core\Elements\ElementExtensions.cs(1655,70): error CS0246: 未能找到类型或命名空间名“ExpandDirection”(是否缺少 using 指令或程序集引用?) [D:\fluentapps\repos\ReactorUWP.core\ReactorUWP.core\ReactorUWP.core.csproj]
D:\fluentapps\repos\ReactorUWP.core\ReactorUWP.core\Elements\ElementExtensions.cs(1704,71): error CS0246: 未能找到类型或命名空间名“TabViewWidthMode”(是否缺少 using 指令或程序集引用?) [D:\fluentapps\repos\ReactorUWP.core\ReactorUWP.core\ReactorUWP.core.csproj]
D:\fluentapps\repos\ReactorUWP.core\ReactorUWP.core\Elements\ElementExtensions.cs(1708,81): error CS0246: 未能找到类型或命名空间名“TabViewCloseButtonOverlayMode”(是否缺少 using 指令或程序集引用?) [D:\fluentapps\repos\ReactorUWP.core\ReactorUWP.core\ReactorUWP.core.csproj]
D:\fluentapps\repos\ReactorUWP.core\ReactorUWP.core\Elements\ElementExtensions.cs(2101,98): error CS0234: 命名空间“Windows.UI.Xaml.Controls”中不存在类型或命名空间名“ItemsRepeater”(是否缺少程序集引用?) [D:\fluentapps\repos\ReactorUWP.core\ReactorUWP.core\ReactorUWP.core.csproj]
D:\fluentapps\repos\ReactorUWP.core\ReactorUWP.core\Elements\ElementExtensions.cs(2107,98): error CS0234: 命名空间“Windows.UI.Xaml.Controls”中不存在类型或命名空间名“ItemsRepeater”(是否缺少程序集引用?) [D:\fluentapps\repos\ReactorUWP.core\ReactorUWP.core\ReactorUWP.core.csproj]
D:\fluentapps\repos\ReactorUWP.core\ReactorUWP.core\Hooks\UseResource.cs(50,37): error CS0234: 命名空间“Windows.System”中不存在类型或命名空间名“CoreDispatcher”(是否缺少程序集引用?) [D:\fluentapps\repos\ReactorUWP.core\ReactorUWP.core\ReactorUWP.core.csproj]
D:\fluentapps\repos\ReactorUWP.core\ReactorUWP.core\Elements\ElementExtensions.cs(2259,79): error CS0234: 命名空间“Windows.UI.Xaml.Controls”中不存在类型或命名空间名“ScrollingZoomMode”(是否缺少程序集引用?) [D:\fluentapps\repos\ReactorUWP.core\ReactorUWP.core\ReactorUWP.core.csproj]
D:\fluentapps\repos\ReactorUWP.core\ReactorUWP.core\Elements\ElementExtensions.cs(2262,91): error CS0234: 命名空间“Windows.UI.Xaml.Controls”中不存在类型或命名空间名“ScrollingScrollMode”(是否缺少程序集引用?) [D:\fluentapps\repos\ReactorUWP.core\ReactorUWP.core\ReactorUWP.core.csproj]
D:\fluentapps\repos\ReactorUWP.core\ReactorUWP.core\Elements\ElementExtensions.cs(2265,89): error CS0234: 命名空间“Windows.UI.Xaml.Controls”中不存在类型或命名空间名“ScrollingScrollMode”(是否缺少程序集引用?) [D:\fluentapps\repos\ReactorUWP.core\ReactorUWP.core\ReactorUWP.core.csproj]
D:\fluentapps\repos\ReactorUWP.core\ReactorUWP.core\Elements\ElementExtensions.cs(2256,89): error CS0234: 命名空间“Windows.UI.Xaml.Controls”中不存在类型或命名空间名“ScrollingContentOrientation”(是否缺少程序集引用?) [D:\fluentapps\repos\ReactorUWP.core\ReactorUWP.core\ReactorUWP.core.csproj]
D:\fluentapps\repos\ReactorUWP.core\ReactorUWP.core\Hosting\ReactorHostControl.cs(104,25): error CS0246: 未能找到类型或命名空间名“RenderStats”(是否缺少 using 指令或程序集引用?) [D:\fluentapps\repos\ReactorUWP.core\ReactorUWP.core\ReactorUWP.core.csproj]
D:\fluentapps\repos\ReactorUWP.core\ReactorUWP.core\Hosting\ReactorHostControl.cs(53,22): error CS0246: 未能找到类型或命名空间名“CoreDispatcher”(是否缺少 using 指令或程序集引用?) [D:\fluentapps\repos\ReactorUWP.core\ReactorUWP.core\ReactorUWP.core.csproj]
D:\fluentapps\repos\ReactorUWP.core\ReactorUWP.core\Docking\Native\DockFloatingPaneRouter.cs(49,33): error CS0246: 未能找到类型或命名空间名“ReactorWindow”(是否缺少 using 指令或程序集引用?) [D:\fluentapps\repos\ReactorUWP.core\ReactorUWP.core\ReactorUWP.core.csproj]
D:\fluentapps\repos\ReactorUWP.core\ReactorUWP.core\Docking\Native\DockFloatingPaneRouter.cs(58,35): error CS0246: 未能找到类型或命名空间名“ReactorWindow”(是否缺少 using 指令或程序集引用?) [D:\fluentapps\repos\ReactorUWP.core\ReactorUWP.core\ReactorUWP.core.csproj]
D:\fluentapps\repos\ReactorUWP.core\ReactorUWP.core\Hosting\ReactorHostControl.cs(76,13): error CS0246: 未能找到类型或命名空间名“BackdropApplier”(是否缺少 using 指令或程序集引用?) [D:\fluentapps\repos\ReactorUWP.core\ReactorUWP.core\ReactorUWP.core.csproj]
D:\fluentapps\repos\ReactorUWP.core\ReactorUWP.core\Docking\Native\DockFloatingPaneRouter.cs(42,40): error CS0246: 未能找到类型或命名空间名“ReactorWindow”(是否缺少 using 指令或程序集引用?) [D:\fluentapps\repos\ReactorUWP.core\ReactorUWP.core\ReactorUWP.core.csproj]
D:\fluentapps\repos\ReactorUWP.core\ReactorUWP.core\Hosting\ReactorHostControl.cs(79,13): error CS0246: 未能找到类型或命名空间名“OverlayHostWiring”(是否缺少 using 指令或程序集引用?) [D:\fluentapps\repos\ReactorUWP.core\ReactorUWP.core\ReactorUWP.core.csproj]
D:\fluentapps\repos\ReactorUWP.core\ReactorUWP.core\Hosting\ReactorHostControl.cs(98,13): error CS0246: 未能找到类型或命名空间名“RenderStats”(是否缺少 using 指令或程序集引用?) [D:\fluentapps\repos\ReactorUWP.core\ReactorUWP.core\ReactorUWP.core.csproj]
D:\fluentapps\repos\ReactorUWP.core\ReactorUWP.core\Docking\Native\DockFloatingWindow.cs(79,9): error CS0246: 未能找到类型或命名空间名“ReactorWindow”(是否缺少 using 指令或程序集引用?) [D:\fluentapps\repos\ReactorUWP.core\ReactorUWP.core\ReactorUWP.core.csproj]
D:\fluentapps\repos\ReactorUWP.core\ReactorUWP.core\Docking\Native\DockFloatingWindow.cs(74,19): error CS0246: 未能找到类型或命名空间名“ReactorWindow”(是否缺少 using 指令或程序集引用?) [D:\fluentapps\repos\ReactorUWP.core\ReactorUWP.core\ReactorUWP.core.csproj]
D:\fluentapps\repos\ReactorUWP.core\ReactorUWP.core\Docking\Native\DockFloatingWindow.cs(184,69): error CS0246: 未能找到类型或命名空间名“ReactorWindow”(是否缺少 using 指令或程序集引用?) [D:\fluentapps\repos\ReactorUWP.core\ReactorUWP.core\ReactorUWP.core.csproj]
D:\fluentapps\repos\ReactorUWP.core\ReactorUWP.core\Docking\Native\DockFloatingWindow.cs(245,9): error CS0246: 未能找到类型或命名空间名“ReactorWindow”(是否缺少 using 指令或程序集引用?) [D:\fluentapps\repos\ReactorUWP.core\ReactorUWP.core\ReactorUWP.core.csproj]
D:\fluentapps\repos\ReactorUWP.core\ReactorUWP.core\Docking\Native\DockFloatingWindow.cs(384,5): error CS0246: 未能找到类型或命名空间名“ReactorWindow”(是否缺少 using 指令或程序集引用?) [D:\fluentapps\repos\ReactorUWP.core\ReactorUWP.core\ReactorUWP.core.csproj]
D:\fluentapps\repos\ReactorUWP.core\ReactorUWP.core\Docking\Native\DockFloatingWindow.cs(856,33): error CS0246: 未能找到类型或命名空间名“ReactorWindow”(是否缺少 using 指令或程序集引用?) [D:\fluentapps\repos\ReactorUWP.core\ReactorUWP.core\ReactorUWP.core.csproj]
D:\fluentapps\repos\ReactorUWP.core\ReactorUWP.core\Docking\Native\DockFloatingWindow.cs(868,38): error CS0246: 未能找到类型或命名空间名“ReactorWindow”(是否缺少 using 指令或程序集引用?) [D:\fluentapps\repos\ReactorUWP.core\ReactorUWP.core\ReactorUWP.core.csproj]
D:\fluentapps\repos\ReactorUWP.core\ReactorUWP.core\Docking\Native\DockFloatingWindow.cs(878,35): error CS0246: 未能找到类型或命名空间名“ReactorWindow”(是否缺少 using 指令或程序集引用?) [D:\fluentapps\repos\ReactorUWP.core\ReactorUWP.core\ReactorUWP.core.csproj]
D:\fluentapps\repos\ReactorUWP.core\ReactorUWP.core\Docking\Native\DockFloatingWindow.cs(888,57): error CS0246: 未能找到类型或命名空间名“ReactorWindow”(是否缺少 using 指令或程序集引用?) [D:\fluentapps\repos\ReactorUWP.core\ReactorUWP.core\ReactorUWP.core.csproj]
D:\fluentapps\repos\ReactorUWP.core\ReactorUWP.core\Docking\Native\DockFloatingWindow.cs(903,59): error CS0246: 未能找到类型或命名空间名“ReactorWindow”(是否缺少 using 指令或程序集引用?) [D:\fluentapps\repos\ReactorUWP.core\ReactorUWP.core\ReactorUWP.core.csproj]
D:\fluentapps\repos\ReactorUWP.core\ReactorUWP.core\Docking\Native\DockFloatingWindow.cs(913,33): error CS0246: 未能找到类型或命名空间名“ReactorWindow”(是否缺少 using 指令或程序集引用?) [D:\fluentapps\repos\ReactorUWP.core\ReactorUWP.core\ReactorUWP.core.csproj]
D:\fluentapps\repos\ReactorUWP.core\ReactorUWP.core\Docking\Native\DockFloatingWindow.cs(959,33): error CS0246: 未能找到类型或命名空间名“ReactorWindow”(是否缺少 using 指令或程序集引用?) [D:\fluentapps\repos\ReactorUWP.core\ReactorUWP.core\ReactorUWP.core.csproj]
D:\fluentapps\repos\ReactorUWP.core\ReactorUWP.core\Docking\Native\DockFloatingWindow.cs(852,37): error CS0246: 未能找到类型或命名空间名“ReactorWindow”(是否缺少 using 指令或程序集引用?) [D:\fluentapps\repos\ReactorUWP.core\ReactorUWP.core\ReactorUWP.core.csproj]
D:\fluentapps\repos\ReactorUWP.core\ReactorUWP.core\Docking\Native\DockFloatingWindow.cs(853,40): error CS0246: 未能找到类型或命名空间名“ReactorWindow”(是否缺少 using 指令或程序集引用?) [D:\fluentapps\repos\ReactorUWP.core\ReactorUWP.core\ReactorUWP.core.csproj]
D:\fluentapps\repos\ReactorUWP.core\ReactorUWP.core\Docking\Native\DockFloatingWindow.cs(854,71): error CS0246: 未能找到类型或命名空间名“ReactorWindow”(是否缺少 using 指令或程序集引用?) [D:\fluentapps\repos\ReactorUWP.core\ReactorUWP.core\ReactorUWP.core.csproj]
D:\fluentapps\repos\ReactorUWP.core\ReactorUWP.core\Docking\Native\DockFloatingWindow.cs(849,34): error CS0246: 未能找到类型或命名空间名“ReactorWindow”(是否缺少 using 指令或程序集引用?) [D:\fluentapps\repos\ReactorUWP.core\ReactorUWP.core\ReactorUWP.core.csproj]
D:\fluentapps\repos\ReactorUWP.core\ReactorUWP.core\Controls\Virtualization\VirtualListElement.cs(82,12): error CS0246: 未能找到类型或命名空间名“ItemsRepeater”(是否缺少 using 指令或程序集引用?) [D:\fluentapps\repos\ReactorUWP.core\ReactorUWP.core\ReactorUWP.core.csproj]
D:\fluentapps\repos\ReactorUWP.core\ReactorUWP.core\Controls\Virtualization\VirtualListElement.cs(71,22): error CS0246: 未能找到类型或命名空间名“ItemsRepeater”(是否缺少 using 指令或程序集引用?) [D:\fluentapps\repos\ReactorUWP.core\ReactorUWP.core\ReactorUWP.core.csproj]
D:\fluentapps\repos\ReactorUWP.core\ReactorUWP.core\Controls\Virtualization\VirtualListElement.cs(74,57): error CS0246: 未能找到类型或命名空间名“ItemsRepeater”(是否缺少 using 指令或程序集引用?) [D:\fluentapps\repos\ReactorUWP.core\ReactorUWP.core\ReactorUWP.core.csproj]
D:\fluentapps\repos\ReactorUWP.core\ReactorUWP.core\Markdown\MarkdownEnums.cs(110,2): error CS0246: 未能找到类型或命名空间名“FlagsAttribute”(是否缺少 using 指令或程序集引用?) [D:\fluentapps\repos\ReactorUWP.core\ReactorUWP.core\ReactorUWP.core.csproj]
D:\fluentapps\repos\ReactorUWP.core\ReactorUWP.core\Markdown\MarkdownEnums.cs(110,2): error CS0246: 未能找到类型或命名空间名“Flags”(是否缺少 using 指令或程序集引用?) [D:\fluentapps\repos\ReactorUWP.core\ReactorUWP.core\ReactorUWP.core.csproj]
D:\fluentapps\repos\ReactorUWP.core\ReactorUWP.core\Markdown\MarkdownHtml.cs(35,29): error CS0246: 未能找到类型或命名空间名“HashSet<>”(是否缺少 using 指令或程序集引用?) [D:\fluentapps\repos\ReactorUWP.core\ReactorUWP.core\ReactorUWP.core.csproj]
D:\fluentapps\repos\ReactorUWP.core\ReactorUWP.core\Markdown\MarkdownHtml.cs(135,31): error CS0246: 未能找到类型或命名空间名“ReadOnlySpan<>”(是否缺少 using 指令或程序集引用?) [D:\fluentapps\repos\ReactorUWP.core\ReactorUWP.core\ReactorUWP.core.csproj]
D:\fluentapps\repos\ReactorUWP.core\ReactorUWP.core\Markdown\MarkdownHtml.cs(137,34): error CS0246: 未能找到类型或命名空间名“ReadOnlySpan<>”(是否缺少 using 指令或程序集引用?) [D:\fluentapps\repos\ReactorUWP.core\ReactorUWP.core\ReactorUWP.core.csproj]
D:\fluentapps\repos\ReactorUWP.core\ReactorUWP.core\Markdown\MarkdownHtml.cs(161,33): error CS0246: 未能找到类型或命名空间名“ReadOnlySpan<>”(是否缺少 using 指令或程序集引用?) [D:\fluentapps\repos\ReactorUWP.core\ReactorUWP.core\ReactorUWP.core.csproj]
D:\fluentapps\repos\ReactorUWP.core\ReactorUWP.core\Markdown\MarkdownHtml.cs(248,35): error CS0246: 未能找到类型或命名空间名“ReadOnlySpan<>”(是否缺少 using 指令或程序集引用?) [D:\fluentapps\repos\ReactorUWP.core\ReactorUWP.core\ReactorUWP.core.csproj]
D:\fluentapps\repos\ReactorUWP.core\ReactorUWP.core\Markdown\MarkdownHtml.cs(533,56): error CS0246: 未能找到类型或命名空间名“ReadOnlySpan<>”(是否缺少 using 指令或程序集引用?) [D:\fluentapps\repos\ReactorUWP.core\ReactorUWP.core\ReactorUWP.core.csproj]
D:\fluentapps\repos\ReactorUWP.core\ReactorUWP.core\Markdown\MarkdownHtml.cs(14,6): error CS0246: 未能找到类型或命名空间名“FlagsAttribute”(是否缺少 using 指令或程序集引用?) [D:\fluentapps\repos\ReactorUWP.core\ReactorUWP.core\ReactorUWP.core.csproj]
D:\fluentapps\repos\ReactorUWP.core\ReactorUWP.core\Markdown\MarkdownHtml.cs(14,6): error CS0246: 未能找到类型或命名空间名“Flags”(是否缺少 using 指令或程序集引用?) [D:\fluentapps\repos\ReactorUWP.core\ReactorUWP.core\ReactorUWP.core.csproj]
D:\fluentapps\repos\ReactorUWP.core\ReactorUWP.core\Elements\ElementExtensions.cs(1165,119): error CS0103: 当前上下文中不存在名称“NumberBoxSpinButtonPlacementMode” [D:\fluentapps\repos\ReactorUWP.core\ReactorUWP.core\ReactorUWP.core.csproj]
D:\fluentapps\repos\ReactorUWP.core\ReactorUWP.core\Markdown\MarkdownTypes.cs(128,65): error CS0246: 未能找到类型或命名空间名“ReadOnlySpan<>”(是否缺少 using 指令或程序集引用?) [D:\fluentapps\repos\ReactorUWP.core\ReactorUWP.core\ReactorUWP.core.csproj]
D:\fluentapps\repos\ReactorUWP.core\ReactorUWP.core\Elements\Dsl.cs(1422,27): error CS0111: 类型“Factories”已定义了一个名为“Empty”的具有相同参数类型的成员 [D:\fluentapps\repos\ReactorUWP.core\ReactorUWP.core\ReactorUWP.core.csproj]
D:\fluentapps\repos\ReactorUWP.core\ReactorUWP.core\Elements\Dsl.cs(699,33): error CS0111: 类型“Factories”已定义了一个名为“Border”的具有相同参数类型的成员 [D:\fluentapps\repos\ReactorUWP.core\ReactorUWP.core\ReactorUWP.core.csproj]
D:\fluentapps\repos\ReactorUWP.core\ReactorUWP.core\Elements\Dsl.cs(59,36): error CS0111: 类型“Factories”已定义了一个名为“TextBlock”的具有相同参数类型的成员 [D:\fluentapps\repos\ReactorUWP.core\ReactorUWP.core\ReactorUWP.core.csproj]
D:\fluentapps\repos\ReactorUWP.core\ReactorUWP.core\Markdown\Md4cParser.cs(344,48): error CS0246: 未能找到类型或命名空间名“ReadOnlySpan<>”(是否缺少 using 指令或程序集引用?) [D:\fluentapps\repos\ReactorUWP.core\ReactorUWP.core\ReactorUWP.core.csproj]
D:\fluentapps\repos\ReactorUWP.core\ReactorUWP.core\Markdown\Md4cParser.cs(586,37): error CS0246: 未能找到类型或命名空间名“ReadOnlySpan<>”(是否缺少 using 指令或程序集引用?) [D:\fluentapps\repos\ReactorUWP.core\ReactorUWP.core\ReactorUWP.core.csproj]
D:\fluentapps\repos\ReactorUWP.core\ReactorUWP.core\Markdown\Md4cParser.cs(586,60): error CS0246: 未能找到类型或命名空间名“ReadOnlySpan<>”(是否缺少 using 指令或程序集引用?) [D:\fluentapps\repos\ReactorUWP.core\ReactorUWP.core\ReactorUWP.core.csproj]
D:\fluentapps\repos\ReactorUWP.core\ReactorUWP.core\Markdown\Md4cParser.cs(167,13): error CS0246: 未能找到类型或命名空间名“List<>”(是否缺少 using 指令或程序集引用?) [D:\fluentapps\repos\ReactorUWP.core\ReactorUWP.core\ReactorUWP.core.csproj]
D:\fluentapps\repos\ReactorUWP.core\ReactorUWP.core\Markdown\Md4cParser.cs(168,13): error CS0246: 未能找到类型或命名空间名“Dictionary<,>”(是否缺少 using 指令或程序集引用?) [D:\fluentapps\repos\ReactorUWP.core\ReactorUWP.core\ReactorUWP.core.csproj]
D:\fluentapps\repos\ReactorUWP.core\ReactorUWP.core\Markdown\Md4cParser.cs(168,30): error CS0246: 未能找到类型或命名空间名“List<>”(是否缺少 using 指令或程序集引用?) [D:\fluentapps\repos\ReactorUWP.core\ReactorUWP.core\ReactorUWP.core.csproj]
D:\fluentapps\repos\ReactorUWP.core\ReactorUWP.core\Docking\Native\DockTabGroupRenderer.cs(248,28): error CS0246: 未能找到类型或命名空间名“TabView”(是否缺少 using 指令或程序集引用?) [D:\fluentapps\repos\ReactorUWP.core\ReactorUWP.core\ReactorUWP.core.csproj]
D:\fluentapps\repos\ReactorUWP.core\ReactorUWP.core\Markdown\Md4cParser.cs(470,22): error CS0246: 未能找到类型或命名空间名“Dictionary<,>”(是否缺少 using 指令或程序集引用?) [D:\fluentapps\repos\ReactorUWP.core\ReactorUWP.core\ReactorUWP.core.csproj]
D:\fluentapps\repos\ReactorUWP.core\ReactorUWP.core\Markdown\Md4cParser.cs(694,22): error CS0246: 未能找到类型或命名空间名“List<>”(是否缺少 using 指令或程序集引用?) [D:\fluentapps\repos\ReactorUWP.core\ReactorUWP.core\ReactorUWP.core.csproj]
D:\fluentapps\repos\ReactorUWP.core\ReactorUWP.core\Docking\Native\DockTabGroupRenderer.cs(260,28): error CS0246: 未能找到类型或命名空间名“TabView”(是否缺少 using 指令或程序集引用?) [D:\fluentapps\repos\ReactorUWP.core\ReactorUWP.core\ReactorUWP.core.csproj]
D:\fluentapps\repos\ReactorUWP.core\ReactorUWP.core\Markdown\Md4cParser.cs(695,22): error CS0246: 未能找到类型或命名空间名“List<>”(是否缺少 using 指令或程序集引用?) [D:\fluentapps\repos\ReactorUWP.core\ReactorUWP.core\ReactorUWP.core.csproj]
D:\fluentapps\repos\ReactorUWP.core\ReactorUWP.core\Markdown\Md4cParser.cs(696,22): error CS0246: 未能找到类型或命名空间名“List<>”(是否缺少 using 指令或程序集引用?) [D:\fluentapps\repos\ReactorUWP.core\ReactorUWP.core\ReactorUWP.core.csproj]
D:\fluentapps\repos\ReactorUWP.core\ReactorUWP.core\Docking\Native\DockTabGroupRenderer.cs(312,42): error CS0246: 未能找到类型或命名空间名“TabView”(是否缺少 using 指令或程序集引用?) [D:\fluentapps\repos\ReactorUWP.core\ReactorUWP.core\ReactorUWP.core.csproj]
D:\fluentapps\repos\ReactorUWP.core\ReactorUWP.core\Docking\Native\DockTabGroupRenderer.cs(322,41): error CS0246: 未能找到类型或命名空间名“TabView”(是否缺少 using 指令或程序集引用?) [D:\fluentapps\repos\ReactorUWP.core\ReactorUWP.core\ReactorUWP.core.csproj]
D:\fluentapps\repos\ReactorUWP.core\ReactorUWP.core\Docking\Native\DockTabGroupRenderer.cs(336,45): error CS0246: 未能找到类型或命名空间名“TabView”(是否缺少 using 指令或程序集引用?) [D:\fluentapps\repos\ReactorUWP.core\ReactorUWP.core\ReactorUWP.core.csproj]
D:\fluentapps\repos\ReactorUWP.core\ReactorUWP.core\Core\Element.cs(2644,27): error CS0234: 命名空间“Windows.UI.Xaml.Controls”中不存在类型或命名空间名“RadioButtons”(是否缺少程序集引用?) [D:\fluentapps\repos\ReactorUWP.core\ReactorUWP.core\ReactorUWP.core.csproj]
D:\fluentapps\repos\ReactorUWP.core\ReactorUWP.core\Docking\Native\DockTabTearOff.cs(127,9): error CS0246: 未能找到类型或命名空间名“TabView”(是否缺少 using 指令或程序集引用?) [D:\fluentapps\repos\ReactorUWP.core\ReactorUWP.core\ReactorUWP.core.csproj]
D:\fluentapps\repos\ReactorUWP.core\ReactorUWP.core\Docking\Native\DockTabTearOff.cs(128,14): error CS0246: 未能找到类型或命名空间名“TabViewItem”(是否缺少 using 指令或程序集引用?) [D:\fluentapps\repos\ReactorUWP.core\ReactorUWP.core\ReactorUWP.core.csproj]
D:\fluentapps\repos\ReactorUWP.core\ReactorUWP.core\Docking\Native\DockTabTearOff.cs(362,47): error CS0246: 未能找到类型或命名空间名“TabView”(是否缺少 using 指令或程序集引用?) [D:\fluentapps\repos\ReactorUWP.core\ReactorUWP.core\ReactorUWP.core.csproj]
D:\fluentapps\repos\ReactorUWP.core\ReactorUWP.core\Docking\Native\DockTabTearOff.cs(362,64): error CS0246: 未能找到类型或命名空间名“TabViewItem”(是否缺少 using 指令或程序集引用?) [D:\fluentapps\repos\ReactorUWP.core\ReactorUWP.core\ReactorUWP.core.csproj]
D:\fluentapps\repos\ReactorUWP.core\ReactorUWP.core\Docking\Native\DockTabTearOff.cs(373,46): error CS0246: 未能找到类型或命名空间名“TabView”(是否缺少 using 指令或程序集引用?) [D:\fluentapps\repos\ReactorUWP.core\ReactorUWP.core\ReactorUWP.core.csproj]
D:\fluentapps\repos\ReactorUWP.core\ReactorUWP.core\Docking\Native\DockTabTearOff.cs(383,33): error CS0246: 未能找到类型或命名空间名“TabView”(是否缺少 using 指令或程序集引用?) [D:\fluentapps\repos\ReactorUWP.core\ReactorUWP.core\ReactorUWP.core.csproj]
D:\fluentapps\repos\ReactorUWP.core\ReactorUWP.core\Docking\Native\DockTabTearOff.cs(392,48): error CS0246: 未能找到类型或命名空间名“TabView”(是否缺少 using 指令或程序集引用?) [D:\fluentapps\repos\ReactorUWP.core\ReactorUWP.core\ReactorUWP.core.csproj]
D:\fluentapps\repos\ReactorUWP.core\ReactorUWP.core\Docking\Native\DockTabTearOff.cs(121,50): error CS0246: 未能找到类型或命名空间名“TabView”(是否缺少 using 指令或程序集引用?) [D:\fluentapps\repos\ReactorUWP.core\ReactorUWP.core\ReactorUWP.core.csproj]
D:\fluentapps\repos\ReactorUWP.core\ReactorUWP.core\Core\Element.cs(2575,12): error CS0246: 未能找到类型或命名空间名“NumberBoxSpinButtonPlacementMode”(是否缺少 using 指令或程序集引用?) [D:\fluentapps\repos\ReactorUWP.core\ReactorUWP.core\ReactorUWP.core.csproj]
D:\fluentapps\repos\ReactorUWP.core\ReactorUWP.core\Core\Element.cs(2583,12): error CS0246: 未能找到类型或命名空间名“NumberBoxValidationMode”(是否缺少 using 指令或程序集引用?) [D:\fluentapps\repos\ReactorUWP.core\ReactorUWP.core\ReactorUWP.core.csproj]
D:\fluentapps\repos\ReactorUWP.core\ReactorUWP.core\Core\Element.cs(2586,27): error CS0234: 命名空间“Windows.UI.Xaml.Controls”中不存在类型或命名空间名“NumberBox”(是否缺少程序集引用?) [D:\fluentapps\repos\ReactorUWP.core\ReactorUWP.core\ReactorUWP.core.csproj]
D:\fluentapps\repos\ReactorUWP.core\ReactorUWP.core\Docking\Native\DockTabTearOff.cs(109,25): error CS0246: 未能找到类型或命名空间名“ReactorWindow”(是否缺少 using 指令或程序集引用?) [D:\fluentapps\repos\ReactorUWP.core\ReactorUWP.core\ReactorUWP.core.csproj]
D:\fluentapps\repos\ReactorUWP.core\ReactorUWP.core\Yoga\AlgorithmUtils.cs(373,12): error CS0246: 未能找到类型或命名空间名“List<>”(是否缺少 using 指令或程序集引用?) [D:\fluentapps\repos\ReactorUWP.core\ReactorUWP.core\ReactorUWP.core.csproj]
D:\fluentapps\repos\ReactorUWP.core\ReactorUWP.core\Yoga\AlgorithmUtils.cs(384,21): error CS0246: 未能找到类型或命名空间名“List<>”(是否缺少 using 指令或程序集引用?) [D:\fluentapps\repos\ReactorUWP.core\ReactorUWP.core\ReactorUWP.core.csproj]
D:\fluentapps\repos\ReactorUWP.core\ReactorUWP.core\Yoga\AlgorithmUtils.cs(390,37): error CS0246: 未能找到类型或命名空间名“List<>”(是否缺少 using 指令或程序集引用?) [D:\fluentapps\repos\ReactorUWP.core\ReactorUWP.core\ReactorUWP.core.csproj]
D:\fluentapps\repos\ReactorUWP.core\ReactorUWP.core\Yoga\AlgorithmUtils.cs(405,9): error CS0246: 未能找到类型或命名空间名“List<>”(是否缺少 using 指令或程序集引用?) [D:\fluentapps\repos\ReactorUWP.core\ReactorUWP.core\ReactorUWP.core.csproj]
D:\fluentapps\repos\ReactorUWP.core\ReactorUWP.core\Docking\Native\DockTabTearOff.cs(158,21): error CS0246: 未能找到类型或命名空间名“TabView”(是否缺少 using 指令或程序集引用?) [D:\fluentapps\repos\ReactorUWP.core\ReactorUWP.core\ReactorUWP.core.csproj]
D:\fluentapps\repos\ReactorUWP.core\ReactorUWP.core\Yoga\AlgorithmUtils.cs(382,20): error CS0246: 未能找到类型或命名空间名“Stack<>”(是否缺少 using 指令或程序集引用?) [D:\fluentapps\repos\ReactorUWP.core\ReactorUWP.core\ReactorUWP.core.csproj]
D:\fluentapps\repos\ReactorUWP.core\ReactorUWP.core\Yoga\AlgorithmUtils.cs(382,26): error CS0246: 未能找到类型或命名空间名“List<>”(是否缺少 using 指令或程序集引用?) [D:\fluentapps\repos\ReactorUWP.core\ReactorUWP.core\ReactorUWP.core.csproj]
D:\fluentapps\repos\ReactorUWP.core\ReactorUWP.core\Docking\Native\DockTabTearOff.cs(160,16): error CS0246: 未能找到类型或命名空间名“TabView”(是否缺少 using 指令或程序集引用?) [D:\fluentapps\repos\ReactorUWP.core\ReactorUWP.core\ReactorUWP.core.csproj]
D:\fluentapps\repos\ReactorUWP.core\ReactorUWP.core\Yoga\AlgorithmUtils.cs(381,6): error CS0246: 未能找到类型或命名空间名“ThreadStaticAttribute”(是否缺少 using 指令或程序集引用?) [D:\fluentapps\repos\ReactorUWP.core\ReactorUWP.core\ReactorUWP.core.csproj]
D:\fluentapps\repos\ReactorUWP.core\ReactorUWP.core\Yoga\AlgorithmUtils.cs(381,6): error CS0246: 未能找到类型或命名空间名“ThreadStatic”(是否缺少 using 指令或程序集引用?) [D:\fluentapps\repos\ReactorUWP.core\ReactorUWP.core\ReactorUWP.core.csproj]
D:\fluentapps\repos\ReactorUWP.core\ReactorUWP.core\Docking\Native\DockTabTearOff.cs(161,21): error CS0246: 未能找到类型或命名空间名“TabViewItem”(是否缺少 using 指令或程序集引用?) [D:\fluentapps\repos\ReactorUWP.core\ReactorUWP.core\ReactorUWP.core.csproj]
D:\fluentapps\repos\ReactorUWP.core\ReactorUWP.core\Yoga\YogaEnums.cs(53,2): error CS0246: 未能找到类型或命名空间名“FlagsAttribute”(是否缺少 using 指令或程序集引用?) [D:\fluentapps\repos\ReactorUWP.core\ReactorUWP.core\ReactorUWP.core.csproj]
D:\fluentapps\repos\ReactorUWP.core\ReactorUWP.core\Yoga\YogaEnums.cs(53,2): error CS0246: 未能找到类型或命名空间名“Flags”(是否缺少 using 指令或程序集引用?) [D:\fluentapps\repos\ReactorUWP.core\ReactorUWP.core\ReactorUWP.core.csproj]
D:\fluentapps\repos\ReactorUWP.core\ReactorUWP.core\Docking\Native\DockTabTearOff.cs(169,18): error CS0246: 未能找到类型或命名空间名“TabViewItem”(是否缺少 using 指令或程序集引用?) [D:\fluentapps\repos\ReactorUWP.core\ReactorUWP.core\ReactorUWP.core.csproj]
D:\fluentapps\repos\ReactorUWP.core\ReactorUWP.core\Docking\Native\DockTabTearOff.cs(201,33): error CS0246: 未能找到类型或命名空间名“TabViewItem”(是否缺少 using 指令或程序集引用?) [D:\fluentapps\repos\ReactorUWP.core\ReactorUWP.core\ReactorUWP.core.csproj]
D:\fluentapps\repos\ReactorUWP.core\ReactorUWP.core\Yoga\FlexPanel.cs(30,22): error CS0246: 未能找到类型或命名空间名“Dictionary<,>”(是否缺少 using 指令或程序集引用?) [D:\fluentapps\repos\ReactorUWP.core\ReactorUWP.core\ReactorUWP.core.csproj]
D:\fluentapps\repos\ReactorUWP.core\ReactorUWP.core\Yoga\FlexPanel.cs(32,22): error CS0246: 未能找到类型或命名空间名“HashSet<>”(是否缺少 using 指令或程序集引用?) [D:\fluentapps\repos\ReactorUWP.core\ReactorUWP.core\ReactorUWP.core.csproj]
D:\fluentapps\repos\ReactorUWP.core\ReactorUWP.core\Yoga\FlexPanel.cs(33,22): error CS0246: 未能找到类型或命名空间名“List<>”(是否缺少 using 指令或程序集引用?) [D:\fluentapps\repos\ReactorUWP.core\ReactorUWP.core\ReactorUWP.core.csproj]
D:\fluentapps\repos\ReactorUWP.core\ReactorUWP.core\Yoga\FlexPanel.cs(291,22): error CS0246: 未能找到类型或命名空间名“List<>”(是否缺少 using 指令或程序集引用?) [D:\fluentapps\repos\ReactorUWP.core\ReactorUWP.core\ReactorUWP.core.csproj]
D:\fluentapps\repos\ReactorUWP.core\ReactorUWP.core\Yoga\FlexPanel.cs(305,22): error CS0246: 未能找到类型或命名空间名“HashSet<>”(是否缺少 using 指令或程序集引用?) [D:\fluentapps\repos\ReactorUWP.core\ReactorUWP.core\ReactorUWP.core.csproj]
D:\fluentapps\repos\ReactorUWP.core\ReactorUWP.core\Core\Element.cs(2896,27): error CS0234: 命名空间“Windows.UI.Xaml.Controls”中不存在类型或命名空间名“WebView2”(是否缺少程序集引用?) [D:\fluentapps\repos\ReactorUWP.core\ReactorUWP.core\ReactorUWP.core.csproj]
D:\fluentapps\repos\ReactorUWP.core\ReactorUWP.core\Yoga\YogaNode.cs(91,12): error CS0246: 未能找到类型或命名空间名“IReadOnlyList<>”(是否缺少 using 指令或程序集引用?) [D:\fluentapps\repos\ReactorUWP.core\ReactorUWP.core\ReactorUWP.core.csproj]
D:\fluentapps\repos\ReactorUWP.core\ReactorUWP.core\Yoga\YogaNode.cs(141,31): error CS0246: 未能找到类型或命名空间名“List<>”(是否缺少 using 指令或程序集引用?) [D:\fluentapps\repos\ReactorUWP.core\ReactorUWP.core\ReactorUWP.core.csproj]
D:\fluentapps\repos\ReactorUWP.core\ReactorUWP.core\Yoga\YogaNode.cs(160,14): error CS0246: 未能找到类型或命名空间名“IEnumerable<>”(是否缺少 using 指令或程序集引用?) [D:\fluentapps\repos\ReactorUWP.core\ReactorUWP.core\ReactorUWP.core.csproj]
D:\fluentapps\repos\ReactorUWP.core\ReactorUWP.core\Yoga\YogaNode.cs(181,41): error CS0246: 未能找到类型或命名空间名“List<>”(是否缺少 using 指令或程序集引用?) [D:\fluentapps\repos\ReactorUWP.core\ReactorUWP.core\ReactorUWP.core.csproj]
D:\fluentapps\repos\ReactorUWP.core\ReactorUWP.core\Yoga\YogaNode.cs(55,22): error CS0246: 未能找到类型或命名空间名“List<>”(是否缺少 using 指令或程序集引用?) [D:\fluentapps\repos\ReactorUWP.core\ReactorUWP.core\ReactorUWP.core.csproj]
D:\fluentapps\repos\ReactorUWP.core\ReactorUWP.core\Core\Element.cs(3024,18): error CS0234: 命名空间“Windows.UI.Xaml.Controls”中不存在类型或命名空间名“ScrollingContentOrientation”(是否缺少程序集引用?) [D:\fluentapps\repos\ReactorUWP.core\ReactorUWP.core\ReactorUWP.core.csproj]
D:\fluentapps\repos\ReactorUWP.core\ReactorUWP.core\Core\Element.cs(3025,18): error CS0234: 命名空间“Windows.UI.Xaml.Controls”中不存在类型或命名空间名“ScrollingScrollBarVisibility”(是否缺少程序集引用?) [D:\fluentapps\repos\ReactorUWP.core\ReactorUWP.core\ReactorUWP.core.csproj]
D:\fluentapps\repos\ReactorUWP.core\ReactorUWP.core\Core\Element.cs(3026,18): error CS0234: 命名空间“Windows.UI.Xaml.Controls”中不存在类型或命名空间名“ScrollingScrollBarVisibility”(是否缺少程序集引用?) [D:\fluentapps\repos\ReactorUWP.core\ReactorUWP.core\ReactorUWP.core.csproj]
D:\fluentapps\repos\ReactorUWP.core\ReactorUWP.core\Core\Element.cs(3027,18): error CS0234: 命名空间“Windows.UI.Xaml.Controls”中不存在类型或命名空间名“ScrollingScrollMode”(是否缺少程序集引用?) [D:\fluentapps\repos\ReactorUWP.core\ReactorUWP.core\ReactorUWP.core.csproj]
D:\fluentapps\repos\ReactorUWP.core\ReactorUWP.core\Core\Element.cs(3028,18): error CS0234: 命名空间“Windows.UI.Xaml.Controls”中不存在类型或命名空间名“ScrollingScrollMode”(是否缺少程序集引用?) [D:\fluentapps\repos\ReactorUWP.core\ReactorUWP.core\ReactorUWP.core.csproj]
D:\fluentapps\repos\ReactorUWP.core\ReactorUWP.core\Core\Element.cs(3029,18): error CS0234: 命名空间“Windows.UI.Xaml.Controls”中不存在类型或命名空间名“ScrollingZoomMode”(是否缺少程序集引用?) [D:\fluentapps\repos\ReactorUWP.core\ReactorUWP.core\ReactorUWP.core.csproj]
D:\fluentapps\repos\ReactorUWP.core\ReactorUWP.core\Core\Element.cs(3042,27): error CS0234: 命名空间“Windows.UI.Xaml.Controls”中不存在类型或命名空间名“ScrollView”(是否缺少程序集引用?) [D:\fluentapps\repos\ReactorUWP.core\ReactorUWP.core\ReactorUWP.core.csproj]
D:\fluentapps\repos\ReactorUWP.core\ReactorUWP.core\Core\Element.cs(3064,12): error CS0246: 未能找到类型或命名空间名“ExpandDirection”(是否缺少 using 指令或程序集引用?) [D:\fluentapps\repos\ReactorUWP.core\ReactorUWP.core\ReactorUWP.core.csproj]
D:\fluentapps\repos\ReactorUWP.core\ReactorUWP.core\Core\Element.cs(3069,27): error CS0234: 命名空间“Windows.UI.Xaml.Controls”中不存在类型或命名空间名“Expander”(是否缺少程序集引用?) [D:\fluentapps\repos\ReactorUWP.core\ReactorUWP.core\ReactorUWP.core.csproj]
D:\fluentapps\repos\ReactorUWP.core\ReactorUWP.core\Core\Element.cs(3232,12): error CS0246: 未能找到类型或命名空间名“TabViewWidthMode”(是否缺少 using 指令或程序集引用?) [D:\fluentapps\repos\ReactorUWP.core\ReactorUWP.core\ReactorUWP.core.csproj]
D:\fluentapps\repos\ReactorUWP.core\ReactorUWP.core\Core\Element.cs(3234,12): error CS0246: 未能找到类型或命名空间名“TabViewCloseButtonOverlayMode”(是否缺少 using 指令或程序集引用?) [D:\fluentapps\repos\ReactorUWP.core\ReactorUWP.core\ReactorUWP.core.csproj]
D:\fluentapps\repos\ReactorUWP.core\ReactorUWP.core\Core\Element.cs(3257,27): error CS0234: 命名空间“Windows.UI.Xaml.Controls”中不存在类型或命名空间名“TabView”(是否缺少程序集引用?) [D:\fluentapps\repos\ReactorUWP.core\ReactorUWP.core\ReactorUWP.core.csproj]
D:\fluentapps\repos\ReactorUWP.core\ReactorUWP.core\Core\Element.cs(3217,27): error CS0234: 命名空间“Windows.UI.Xaml.Controls”中不存在类型或命名空间名“TitleBar”(是否缺少程序集引用?) [D:\fluentapps\repos\ReactorUWP.core\ReactorUWP.core\ReactorUWP.core.csproj]
D:\fluentapps\repos\ReactorUWP.core\ReactorUWP.core\Charting\D3\Color\D3Color.cs(157,28): error CS0246: 未能找到类型或命名空间名“IReadOnlyList<>”(是否缺少 using 指令或程序集引用?) [D:\fluentapps\repos\ReactorUWP.core\ReactorUWP.core\ReactorUWP.core.csproj]
D:\fluentapps\repos\ReactorUWP.core\ReactorUWP.core\Charting\D3\Color\D3Color.cs(164,28): error CS0246: 未能找到类型或命名空间名“IReadOnlyList<>”(是否缺少 using 指令或程序集引用?) [D:\fluentapps\repos\ReactorUWP.core\ReactorUWP.core\ReactorUWP.core.csproj]
D:\fluentapps\repos\ReactorUWP.core\ReactorUWP.core\Charting\D3\Color\D3Color.cs(170,29): error CS0246: 未能找到类型或命名空间名“Dictionary<,>”(是否缺少 using 指令或程序集引用?) [D:\fluentapps\repos\ReactorUWP.core\ReactorUWP.core\ReactorUWP.core.csproj]
D:\fluentapps\repos\ReactorUWP.core\ReactorUWP.core\Core\Element.cs(3270,27): error CS0234: 命名空间“Windows.UI.Xaml.Controls”中不存在类型或命名空间名“BreadcrumbBar”(是否缺少程序集引用?) [D:\fluentapps\repos\ReactorUWP.core\ReactorUWP.core\ReactorUWP.core.csproj]
D:\fluentapps\repos\ReactorUWP.core\ReactorUWP.core\Core\Element.cs(3474,12): error CS0246: 未能找到类型或命名空间名“InfoBarSeverity”(是否缺少 using 指令或程序集引用?) [D:\fluentapps\repos\ReactorUWP.core\ReactorUWP.core\ReactorUWP.core.csproj]
D:\fluentapps\repos\ReactorUWP.core\ReactorUWP.core\Core\Element.cs(3485,27): error CS0234: 命名空间“Windows.UI.Xaml.Controls”中不存在类型或命名空间名“InfoBar”(是否缺少程序集引用?) [D:\fluentapps\repos\ReactorUWP.core\ReactorUWP.core\ReactorUWP.core.csproj]
D:\fluentapps\repos\ReactorUWP.core\ReactorUWP.core\Core\Element.cs(3492,27): error CS0234: 命名空间“Windows.UI.Xaml.Controls”中不存在类型或命名空间名“InfoBadge”(是否缺少程序集引用?) [D:\fluentapps\repos\ReactorUWP.core\ReactorUWP.core\ReactorUWP.core.csproj]
D:\fluentapps\repos\ReactorUWP.core\ReactorUWP.core\Charting\D3\Array\Bin.cs(21,30): error CS0246: 未能找到类型或命名空间名“IReadOnlyList<>”(是否缺少 using 指令或程序集引用?) [D:\fluentapps\repos\ReactorUWP.core\ReactorUWP.core\ReactorUWP.core.csproj]
D:\fluentapps\repos\ReactorUWP.core\ReactorUWP.core\Charting\D3\Array\Bin.cs(69,37): error CS0246: 未能找到类型或命名空间名“Func<,>”(是否缺少 using 指令或程序集引用?) [D:\fluentapps\repos\ReactorUWP.core\ReactorUWP.core\ReactorUWP.core.csproj]
D:\fluentapps\repos\ReactorUWP.core\ReactorUWP.core\Charting\D3\Array\Bin.cs(71,42): error CS0246: 未能找到类型或命名空间名“Func<,,>”(是否缺少 using 指令或程序集引用?) [D:\fluentapps\repos\ReactorUWP.core\ReactorUWP.core\ReactorUWP.core.csproj]
D:\fluentapps\repos\ReactorUWP.core\ReactorUWP.core\Charting\D3\Array\Bin.cs(11,13): error CS0246: 未能找到类型或命名空间名“Func<,>”(是否缺少 using 指令或程序集引用?) [D:\fluentapps\repos\ReactorUWP.core\ReactorUWP.core\ReactorUWP.core.csproj]
D:\fluentapps\repos\ReactorUWP.core\ReactorUWP.core\Charting\D3\Array\Bin.cs(12,13): error CS0246: 未能找到类型或命名空间名“Func<,,>”(是否缺少 using 指令或程序集引用?) [D:\fluentapps\repos\ReactorUWP.core\ReactorUWP.core\ReactorUWP.core.csproj]
D:\fluentapps\repos\ReactorUWP.core\ReactorUWP.core\Charting\D3\Array\Bin.cs(15,25): error CS0246: 未能找到类型或命名空间名“Func<,>”(是否缺少 using 指令或程序集引用?) [D:\fluentapps\repos\ReactorUWP.core\ReactorUWP.core\ReactorUWP.core.csproj]
D:\fluentapps\repos\ReactorUWP.core\ReactorUWP.core\Charting\D3\Array\Bin.cs(105,21): error CS0246: 未能找到类型或命名空间名“List<>”(是否缺少 using 指令或程序集引用?) [D:\fluentapps\repos\ReactorUWP.core\ReactorUWP.core\ReactorUWP.core.csproj]
D:\fluentapps\repos\ReactorUWP.core\ReactorUWP.core\Charting\D3\Array\Bin.cs(115,45): error CS0246: 未能找到类型或命名空间名“Func<,>”(是否缺少 using 指令或程序集引用?) [D:\fluentapps\repos\ReactorUWP.core\ReactorUWP.core\ReactorUWP.core.csproj]
D:\fluentapps\repos\ReactorUWP.core\ReactorUWP.core\Charting\D3\Array\Extent.cs(13,51): error CS0246: 未能找到类型或命名空间名“IEnumerable<>”(是否缺少 using 指令或程序集引用?) [D:\fluentapps\repos\ReactorUWP.core\ReactorUWP.core\ReactorUWP.core.csproj]
D:\fluentapps\repos\ReactorUWP.core\ReactorUWP.core\Charting\D3\Array\Extent.cs(40,54): error CS0246: 未能找到类型或命名空间名“IEnumerable<>”(是否缺少 using 指令或程序集引用?) [D:\fluentapps\repos\ReactorUWP.core\ReactorUWP.core\ReactorUWP.core.csproj]
D:\fluentapps\repos\ReactorUWP.core\ReactorUWP.core\Charting\D3\Array\Extent.cs(40,77): error CS0246: 未能找到类型或命名空间名“Func<,>”(是否缺少 using 指令或程序集引用?) [D:\fluentapps\repos\ReactorUWP.core\ReactorUWP.core\ReactorUWP.core.csproj]
D:\fluentapps\repos\ReactorUWP.core\ReactorUWP.core\Charting\D3\Array\Group.cs(15,9): error CS0246: 未能找到类型或命名空间名“IEnumerable<>”(是否缺少 using 指令或程序集引用?) [D:\fluentapps\repos\ReactorUWP.core\ReactorUWP.core\ReactorUWP.core.csproj]
D:\fluentapps\repos\ReactorUWP.core\ReactorUWP.core\Charting\D3\Array\Group.cs(16,9): error CS0246: 未能找到类型或命名空间名“Func<,>”(是否缺少 using 指令或程序集引用?) [D:\fluentapps\repos\ReactorUWP.core\ReactorUWP.core\ReactorUWP.core.csproj]
D:\fluentapps\repos\ReactorUWP.core\ReactorUWP.core\Charting\D3\Array\Group.cs(14,19): error CS0246: 未能找到类型或命名空间名“Dictionary<,>”(是否缺少 using 指令或程序集引用?) [D:\fluentapps\repos\ReactorUWP.core\ReactorUWP.core\ReactorUWP.core.csproj]
D:\fluentapps\repos\ReactorUWP.core\ReactorUWP.core\Charting\D3\Array\Group.cs(14,36): error CS0246: 未能找到类型或命名空间名“List<>”(是否缺少 using 指令或程序集引用?) [D:\fluentapps\repos\ReactorUWP.core\ReactorUWP.core\ReactorUWP.core.csproj]
D:\fluentapps\repos\ReactorUWP.core\ReactorUWP.core\Charting\D3\Array\Group.cs(36,9): error CS0246: 未能找到类型或命名空间名“IEnumerable<>”(是否缺少 using 指令或程序集引用?) [D:\fluentapps\repos\ReactorUWP.core\ReactorUWP.core\ReactorUWP.core.csproj]
D:\fluentapps\repos\ReactorUWP.core\ReactorUWP.core\Charting\D3\Array\Group.cs(37,9): error CS0246: 未能找到类型或命名空间名“Func<,>”(是否缺少 using 指令或程序集引用?) [D:\fluentapps\repos\ReactorUWP.core\ReactorUWP.core\ReactorUWP.core.csproj]
D:\fluentapps\repos\ReactorUWP.core\ReactorUWP.core\Charting\D3\Array\Group.cs(38,9): error CS0246: 未能找到类型或命名空间名“Func<,>”(是否缺少 using 指令或程序集引用?) [D:\fluentapps\repos\ReactorUWP.core\ReactorUWP.core\ReactorUWP.core.csproj]
D:\fluentapps\repos\ReactorUWP.core\ReactorUWP.core\Charting\D3\Array\Group.cs(38,14): error CS0246: 未能找到类型或命名空间名“IEnumerable<>”(是否缺少 using 指令或程序集引用?) [D:\fluentapps\repos\ReactorUWP.core\ReactorUWP.core\ReactorUWP.core.csproj]
D:\fluentapps\repos\ReactorUWP.core\ReactorUWP.core\Charting\D3\Array\Group.cs(35,19): error CS0246: 未能找到类型或命名空间名“Dictionary<,>”(是否缺少 using 指令或程序集引用?) [D:\fluentapps\repos\ReactorUWP.core\ReactorUWP.core\ReactorUWP.core.csproj]
D:\fluentapps\repos\ReactorUWP.core\ReactorUWP.core\Charting\D3\Array\Group.cs(53,9): error CS0246: 未能找到类型或命名空间名“IEnumerable<>”(是否缺少 using 指令或程序集引用?) [D:\fluentapps\repos\ReactorUWP.core\ReactorUWP.core\ReactorUWP.core.csproj]
D:\fluentapps\repos\ReactorUWP.core\ReactorUWP.core\Charting\D3\Array\Group.cs(54,9): error CS0246: 未能找到类型或命名空间名“Func<,>”(是否缺少 using 指令或程序集引用?) [D:\fluentapps\repos\ReactorUWP.core\ReactorUWP.core\ReactorUWP.core.csproj]
D:\fluentapps\repos\ReactorUWP.core\ReactorUWP.core\Charting\D3\Array\Group.cs(52,19): error CS0246: 未能找到类型或命名空间名“Dictionary<,>”(是否缺少 using 指令或程序集引用?) [D:\fluentapps\repos\ReactorUWP.core\ReactorUWP.core\ReactorUWP.core.csproj]
D:\fluentapps\repos\ReactorUWP.core\ReactorUWP.core\Charting\D3\Array\Statistics.cs(12,30): error CS0246: 未能找到类型或命名空间名“IEnumerable<>”(是否缺少 using 指令或程序集引用?) [D:\fluentapps\repos\ReactorUWP.core\ReactorUWP.core\ReactorUWP.core.csproj]
D:\fluentapps\repos\ReactorUWP.core\ReactorUWP.core\Charting\D3\Array\Statistics.cs(28,33): error CS0246: 未能找到类型或命名空间名“IEnumerable<>”(是否缺少 using 指令或程序集引用?) [D:\fluentapps\repos\ReactorUWP.core\ReactorUWP.core\ReactorUWP.core.csproj]
D:\fluentapps\repos\ReactorUWP.core\ReactorUWP.core\Charting\D3\Array\Statistics.cs(28,56): error CS0246: 未能找到类型或命名空间名“Func<,>”(是否缺少 using 指令或程序集引用?) [D:\fluentapps\repos\ReactorUWP.core\ReactorUWP.core\ReactorUWP.core.csproj]
D:\fluentapps\repos\ReactorUWP.core\ReactorUWP.core\Charting\D3\Array\Statistics.cs(45,30): error CS0246: 未能找到类型或命名空间名“IEnumerable<>”(是否缺少 using 指令或程序集引用?) [D:\fluentapps\repos\ReactorUWP.core\ReactorUWP.core\ReactorUWP.core.csproj]
D:\fluentapps\repos\ReactorUWP.core\ReactorUWP.core\Core\Element.cs(4245,27): error CS0234: 命名空间“Windows.UI.Xaml.Controls”中不存在类型或命名空间名“AnimatedVisualPlayer”(是否缺少程序集引用?) [D:\fluentapps\repos\ReactorUWP.core\ReactorUWP.core\ReactorUWP.core.csproj]
D:\fluentapps\repos\ReactorUWP.core\ReactorUWP.core\Charting\D3\Array\Statistics.cs(61,33): error CS0246: 未能找到类型或命名空间名“IEnumerable<>”(是否缺少 using 指令或程序集引用?) [D:\fluentapps\repos\ReactorUWP.core\ReactorUWP.core\ReactorUWP.core.csproj]
D:\fluentapps\repos\ReactorUWP.core\ReactorUWP.core\Charting\D3\Array\Statistics.cs(61,56): error CS0246: 未能找到类型或命名空间名“Func<,>”(是否缺少 using 指令或程序集引用?) [D:\fluentapps\repos\ReactorUWP.core\ReactorUWP.core\ReactorUWP.core.csproj]
D:\fluentapps\repos\ReactorUWP.core\ReactorUWP.core\Charting\D3\Array\Statistics.cs(78,30): error CS0246: 未能找到类型或命名空间名“IEnumerable<>”(是否缺少 using 指令或程序集引用?) [D:\fluentapps\repos\ReactorUWP.core\ReactorUWP.core\ReactorUWP.core.csproj]
D:\fluentapps\repos\ReactorUWP.core\ReactorUWP.core\Charting\D3\Array\Statistics.cs(89,33): error CS0246: 未能找到类型或命名空间名“IEnumerable<>”(是否缺少 using 指令或程序集引用?) [D:\fluentapps\repos\ReactorUWP.core\ReactorUWP.core\ReactorUWP.core.csproj]
D:\fluentapps\repos\ReactorUWP.core\ReactorUWP.core\Charting\D3\Array\Statistics.cs(89,56): error CS0246: 未能找到类型或命名空间名“Func<,>”(是否缺少 using 指令或程序集引用?) [D:\fluentapps\repos\ReactorUWP.core\ReactorUWP.core\ReactorUWP.core.csproj]
D:\fluentapps\repos\ReactorUWP.core\ReactorUWP.core\Charting\D3\Array\Statistics.cs(101,31): error CS0246: 未能找到类型或命名空间名“IEnumerable<>”(是否缺少 using 指令或程序集引用?) [D:\fluentapps\repos\ReactorUWP.core\ReactorUWP.core\ReactorUWP.core.csproj]
D:\fluentapps\repos\ReactorUWP.core\ReactorUWP.core\Charting\D3\Array\Statistics.cs(117,34): error CS0246: 未能找到类型或命名空间名“IEnumerable<>”(是否缺少 using 指令或程序集引用?) [D:\fluentapps\repos\ReactorUWP.core\ReactorUWP.core\ReactorUWP.core.csproj]
D:\fluentapps\repos\ReactorUWP.core\ReactorUWP.core\Charting\D3\Array\Statistics.cs(117,57): error CS0246: 未能找到类型或命名空间名“Func<,>”(是否缺少 using 指令或程序集引用?) [D:\fluentapps\repos\ReactorUWP.core\ReactorUWP.core\ReactorUWP.core.csproj]
D:\fluentapps\repos\ReactorUWP.core\ReactorUWP.core\Charting\D3\Array\Statistics.cs(134,33): error CS0246: 未能找到类型或命名空间名“IEnumerable<>”(是否缺少 using 指令或程序集引用?) [D:\fluentapps\repos\ReactorUWP.core\ReactorUWP.core\ReactorUWP.core.csproj]
D:\fluentapps\repos\ReactorUWP.core\ReactorUWP.core\Charting\D3\Array\Statistics.cs(140,36): error CS0246: 未能找到类型或命名空间名“IEnumerable<>”(是否缺少 using 指令或程序集引用?) [D:\fluentapps\repos\ReactorUWP.core\ReactorUWP.core\ReactorUWP.core.csproj]
D:\fluentapps\repos\ReactorUWP.core\ReactorUWP.core\Charting\D3\Array\Statistics.cs(140,59): error CS0246: 未能找到类型或命名空间名“Func<,>”(是否缺少 using 指令或程序集引用?) [D:\fluentapps\repos\ReactorUWP.core\ReactorUWP.core\ReactorUWP.core.csproj]
D:\fluentapps\repos\ReactorUWP.core\ReactorUWP.core\Charting\D3\Array\Statistics.cs(149,35): error CS0246: 未能找到类型或命名空间名“IEnumerable<>”(是否缺少 using 指令或程序集引用?) [D:\fluentapps\repos\ReactorUWP.core\ReactorUWP.core\ReactorUWP.core.csproj]
D:\fluentapps\repos\ReactorUWP.core\ReactorUWP.core\Charting\D3\Array\Statistics.cs(174,35): error CS0246: 未能找到类型或命名空间名“IEnumerable<>”(是否缺少 using 指令或程序集引用?) [D:\fluentapps\repos\ReactorUWP.core\ReactorUWP.core\ReactorUWP.core.csproj]
D:\fluentapps\repos\ReactorUWP.core\ReactorUWP.core\Charting\D3\Array\Statistics.cs(191,36): error CS0246: 未能找到类型或命名空间名“IEnumerable<>”(是否缺少 using 指令或程序集引用?) [D:\fluentapps\repos\ReactorUWP.core\ReactorUWP.core\ReactorUWP.core.csproj]
D:\fluentapps\repos\ReactorUWP.core\ReactorUWP.core\Charting\D3\Array\Statistics.cs(198,35): error CS0246: 未能找到类型或命名空间名“IEnumerable<>”(是否缺少 using 指令或程序集引用?) [D:\fluentapps\repos\ReactorUWP.core\ReactorUWP.core\ReactorUWP.core.csproj]
D:\fluentapps\repos\ReactorUWP.core\ReactorUWP.core\Core\Element.cs(4280,27): error CS0234: 命名空间“Windows.UI.Xaml.Controls”中不存在类型或命名空间名“SelectorBar”(是否缺少程序集引用?) [D:\fluentapps\repos\ReactorUWP.core\ReactorUWP.core\ReactorUWP.core.csproj]
D:\fluentapps\repos\ReactorUWP.core\ReactorUWP.core\Charting\D3\Contour\Contour.cs(56,13): error CS0246: 未能找到类型或命名空间名“List<>”(是否缺少 using 指令或程序集引用?) [D:\fluentapps\repos\ReactorUWP.core\ReactorUWP.core\ReactorUWP.core.csproj]
D:\fluentapps\repos\ReactorUWP.core\ReactorUWP.core\Charting\D3\Contour\Contour.cs(56,18): error CS0246: 未能找到类型或命名空间名“List<>”(是否缺少 using 指令或程序集引用?) [D:\fluentapps\repos\ReactorUWP.core\ReactorUWP.core\ReactorUWP.core.csproj]
D:\fluentapps\repos\ReactorUWP.core\ReactorUWP.core\Charting\D3\Contour\Contour.cs(116,9): error CS0246: 未能找到类型或命名空间名“List<>”(是否缺少 using 指令或程序集引用?) [D:\fluentapps\repos\ReactorUWP.core\ReactorUWP.core\ReactorUWP.core.csproj]
D:\fluentapps\repos\ReactorUWP.core\ReactorUWP.core\Charting\D3\Contour\Contour.cs(115,20): error CS0246: 未能找到类型或命名空间名“List<>”(是否缺少 using 指令或程序集引用?) [D:\fluentapps\repos\ReactorUWP.core\ReactorUWP.core\ReactorUWP.core.csproj]
D:\fluentapps\repos\ReactorUWP.core\ReactorUWP.core\Charting\D3\Contour\Contour.cs(115,25): error CS0246: 未能找到类型或命名空间名“List<>”(是否缺少 using 指令或程序集引用?) [D:\fluentapps\repos\ReactorUWP.core\ReactorUWP.core\ReactorUWP.core.csproj]
D:\fluentapps\repos\ReactorUWP.core\ReactorUWP.core\Charting\D3\Contour\Contour.cs(188,43): error CS0246: 未能找到类型或命名空间名“IReadOnlyList<>”(是否缺少 using 指令或程序集引用?) [D:\fluentapps\repos\ReactorUWP.core\ReactorUWP.core\ReactorUWP.core.csproj]
D:\fluentapps\repos\ReactorUWP.core\ReactorUWP.core\Core\Element.cs(4292,12): error CS0246: 未能找到类型或命名空间名“PipsPagerWrapMode”(是否缺少 using 指令或程序集引用?) [D:\fluentapps\repos\ReactorUWP.core\ReactorUWP.core\ReactorUWP.core.csproj]
D:\fluentapps\repos\ReactorUWP.core\ReactorUWP.core\Charting\D3\Contour\Contour.cs(254,21): error CS0246: 未能找到类型或命名空间名“List<>”(是否缺少 using 指令或程序集引用?) [D:\fluentapps\repos\ReactorUWP.core\ReactorUWP.core\ReactorUWP.core.csproj]
D:\fluentapps\repos\ReactorUWP.core\ReactorUWP.core\Charting\D3\Contour\Contour.cs(254,26): error CS0246: 未能找到类型或命名空间名“List<>”(是否缺少 using 指令或程序集引用?) [D:\fluentapps\repos\ReactorUWP.core\ReactorUWP.core\ReactorUWP.core.csproj]
D:\fluentapps\repos\ReactorUWP.core\ReactorUWP.core\Core\Element.cs(4296,12): error CS0246: 未能找到类型或命名空间名“PipsPagerButtonVisibility”(是否缺少 using 指令或程序集引用?) [D:\fluentapps\repos\ReactorUWP.core\ReactorUWP.core\ReactorUWP.core.csproj]
D:\fluentapps\repos\ReactorUWP.core\ReactorUWP.core\Charting\D3\Format\Format.cs(21,19): error CS0246: 未能找到类型或命名空间名“Func<,>”(是否缺少 using 指令或程序集引用?) [D:\fluentapps\repos\ReactorUWP.core\ReactorUWP.core\ReactorUWP.core.csproj]
D:\fluentapps\repos\ReactorUWP.core\ReactorUWP.core\Charting\D3\Format\Format.cs(37,19): error CS0246: 未能找到类型或命名空间名“Func<,>”(是否缺少 using 指令或程序集引用?) [D:\fluentapps\repos\ReactorUWP.core\ReactorUWP.core\ReactorUWP.core.csproj]
D:\fluentapps\repos\ReactorUWP.core\ReactorUWP.core\Core\Element.cs(4298,12): error CS0246: 未能找到类型或命名空间名“PipsPagerButtonVisibility”(是否缺少 using 指令或程序集引用?) [D:\fluentapps\repos\ReactorUWP.core\ReactorUWP.core\ReactorUWP.core.csproj]
D:\fluentapps\repos\ReactorUWP.core\ReactorUWP.core\Charting\D3\Ease\Ease.cs(44,19): error CS0246: 未能找到类型或命名空间名“Func<,>”(是否缺少 using 指令或程序集引用?) [D:\fluentapps\repos\ReactorUWP.core\ReactorUWP.core\ReactorUWP.core.csproj]
D:\fluentapps\repos\ReactorUWP.core\ReactorUWP.core\Charting\D3\Ease\Ease.cs(48,19): error CS0246: 未能找到类型或命名空间名“Func<,>”(是否缺少 using 指令或程序集引用?) [D:\fluentapps\repos\ReactorUWP.core\ReactorUWP.core\ReactorUWP.core.csproj]
D:\fluentapps\repos\ReactorUWP.core\ReactorUWP.core\Core\Element.cs(4299,27): error CS0234: 命名空间“Windows.UI.Xaml.Controls”中不存在类型或命名空间名“PipsPager”(是否缺少程序集引用?) [D:\fluentapps\repos\ReactorUWP.core\ReactorUWP.core\ReactorUWP.core.csproj]
D:\fluentapps\repos\ReactorUWP.core\ReactorUWP.core\Charting\D3\Ease\Ease.cs(52,19): error CS0246: 未能找到类型或命名空间名“Func<,>”(是否缺少 using 指令或程序集引用?) [D:\fluentapps\repos\ReactorUWP.core\ReactorUWP.core\ReactorUWP.core.csproj]
D:\fluentapps\repos\ReactorUWP.core\ReactorUWP.core\Charting\D3\Ease\Ease.cs(97,19): error CS0246: 未能找到类型或命名空间名“Func<,>”(是否缺少 using 指令或程序集引用?) [D:\fluentapps\repos\ReactorUWP.core\ReactorUWP.core\ReactorUWP.core.csproj]
D:\fluentapps\repos\ReactorUWP.core\ReactorUWP.core\Charting\D3\Ease\Ease.cs(104,19): error CS0246: 未能找到类型或命名空间名“Func<,>”(是否缺少 using 指令或程序集引用?) [D:\fluentapps\repos\ReactorUWP.core\ReactorUWP.core\ReactorUWP.core.csproj]
D:\fluentapps\repos\ReactorUWP.core\ReactorUWP.core\Charting\D3\Ease\Ease.cs(111,19): error CS0246: 未能找到类型或命名空间名“Func<,>”(是否缺少 using 指令或程序集引用?) [D:\fluentapps\repos\ReactorUWP.core\ReactorUWP.core\ReactorUWP.core.csproj]
D:\fluentapps\repos\ReactorUWP.core\ReactorUWP.core\Charting\D3\Interpolate\Interpolate.cs(14,19): error CS0246: 未能找到类型或命名空间名“Func<,>”(是否缺少 using 指令或程序集引用?) [D:\fluentapps\repos\ReactorUWP.core\ReactorUWP.core\ReactorUWP.core.csproj]
D:\fluentapps\repos\ReactorUWP.core\ReactorUWP.core\Charting\D3\Ease\Ease.cs(124,19): error CS0246: 未能找到类型或命名空间名“Func<,>”(是否缺少 using 指令或程序集引用?) [D:\fluentapps\repos\ReactorUWP.core\ReactorUWP.core\ReactorUWP.core.csproj]
D:\fluentapps\repos\ReactorUWP.core\ReactorUWP.core\Charting\D3\Interpolate\Interpolate.cs(22,19): error CS0246: 未能找到类型或命名空间名“Func<,>”(是否缺少 using 指令或程序集引用?) [D:\fluentapps\repos\ReactorUWP.core\ReactorUWP.core\ReactorUWP.core.csproj]
D:\fluentapps\repos\ReactorUWP.core\ReactorUWP.core\Charting\D3\Ease\Ease.cs(132,19): error CS0246: 未能找到类型或命名空间名“Func<,>”(是否缺少 using 指令或程序集引用?) [D:\fluentapps\repos\ReactorUWP.core\ReactorUWP.core\ReactorUWP.core.csproj]
D:\fluentapps\repos\ReactorUWP.core\ReactorUWP.core\Charting\D3\Ease\Ease.cs(140,19): error CS0246: 未能找到类型或命名空间名“Func<,>”(是否缺少 using 指令或程序集引用?) [D:\fluentapps\repos\ReactorUWP.core\ReactorUWP.core\ReactorUWP.core.csproj]
D:\fluentapps\repos\ReactorUWP.core\ReactorUWP.core\Charting\D3\Interpolate\InterpolateColor.cs(15,19): error CS0246: 未能找到类型或命名空间名“Func<,>”(是否缺少 using 指令或程序集引用?) [D:\fluentapps\repos\ReactorUWP.core\ReactorUWP.core\ReactorUWP.core.csproj]
D:\fluentapps\repos\ReactorUWP.core\ReactorUWP.core\Charting\D3\Interpolate\InterpolateColor.cs(28,19): error CS0246: 未能找到类型或命名空间名“Func<,>”(是否缺少 using 指令或程序集引用?) [D:\fluentapps\repos\ReactorUWP.core\ReactorUWP.core\ReactorUWP.core.csproj]
D:\fluentapps\repos\ReactorUWP.core\ReactorUWP.core\Charting\D3\Interpolate\InterpolateColor.cs(37,19): error CS0246: 未能找到类型或命名空间名“Func<,>”(是否缺少 using 指令或程序集引用?) [D:\fluentapps\repos\ReactorUWP.core\ReactorUWP.core\ReactorUWP.core.csproj]
D:\fluentapps\repos\ReactorUWP.core\ReactorUWP.core\Charting\D3\Interpolate\InterpolateColor.cs(61,47): error CS0246: 未能找到类型或命名空间名“DateTime”(是否缺少 using 指令或程序集引用?) [D:\fluentapps\repos\ReactorUWP.core\ReactorUWP.core\ReactorUWP.core.csproj]
D:\fluentapps\repos\ReactorUWP.core\ReactorUWP.core\Charting\D3\Interpolate\InterpolateColor.cs(61,59): error CS0246: 未能找到类型或命名空间名“DateTime”(是否缺少 using 指令或程序集引用?) [D:\fluentapps\repos\ReactorUWP.core\ReactorUWP.core\ReactorUWP.core.csproj]
D:\fluentapps\repos\ReactorUWP.core\ReactorUWP.core\Charting\D3\Interpolate\InterpolateColor.cs(61,19): error CS0246: 未能找到类型或命名空间名“Func<,>”(是否缺少 using 指令或程序集引用?) [D:\fluentapps\repos\ReactorUWP.core\ReactorUWP.core\ReactorUWP.core.csproj]
D:\fluentapps\repos\ReactorUWP.core\ReactorUWP.core\Charting\D3\Interpolate\InterpolateColor.cs(61,32): error CS0246: 未能找到类型或命名空间名“DateTime”(是否缺少 using 指令或程序集引用?) [D:\fluentapps\repos\ReactorUWP.core\ReactorUWP.core\ReactorUWP.core.csproj]
D:\fluentapps\repos\ReactorUWP.core\ReactorUWP.core\Charting\D3\Interpolate\InterpolateColor.cs(72,19): error CS0246: 未能找到类型或命名空间名“Func<,>”(是否缺少 using 指令或程序集引用?) [D:\fluentapps\repos\ReactorUWP.core\ReactorUWP.core\ReactorUWP.core.csproj]
D:\fluentapps\repos\ReactorUWP.core\ReactorUWP.core\Core\Element.cs(3460,12): error CS0246: 未能找到类型或命名空间名“TeachingTipPlacementMode”(是否缺少 using 指令或程序集引用?) [D:\fluentapps\repos\ReactorUWP.core\ReactorUWP.core\ReactorUWP.core.csproj]
D:\fluentapps\repos\ReactorUWP.core\ReactorUWP.core\Core\Element.cs(3461,27): error CS0234: 命名空间“Windows.UI.Xaml.Controls”中不存在类型或命名空间名“TeachingTip”(是否缺少程序集引用?) [D:\fluentapps\repos\ReactorUWP.core\ReactorUWP.core\ReactorUWP.core.csproj]
D:\fluentapps\repos\ReactorUWP.core\ReactorUWP.core\Core\Element.cs(4305,27): error CS0234: 命名空间“Windows.UI.Xaml.Controls”中不存在类型或命名空间名“AnnotatedScrollBar”(是否缺少程序集引用?) [D:\fluentapps\repos\ReactorUWP.core\ReactorUWP.core\ReactorUWP.core.csproj]
D:\fluentapps\repos\ReactorUWP.core\ReactorUWP.core\Charting\D3\Layout\Cluster.cs(23,40): error CS0246: 未能找到类型或命名空间名“Func<,,>”(是否缺少 using 指令或程序集引用?) [D:\fluentapps\repos\ReactorUWP.core\ReactorUWP.core\ReactorUWP.core.csproj]
D:\fluentapps\repos\ReactorUWP.core\ReactorUWP.core\Charting\D3\Layout\Cluster.cs(33,42): error CS0246: 未能找到类型或命名空间名“Func<,>”(是否缺少 using 指令或程序集引用?) [D:\fluentapps\repos\ReactorUWP.core\ReactorUWP.core\ReactorUWP.core.csproj]
D:\fluentapps\repos\ReactorUWP.core\ReactorUWP.core\Charting\D3\Layout\Cluster.cs(33,50): error CS0246: 未能找到类型或命名空间名“IEnumerable<>”(是否缺少 using 指令或程序集引用?) [D:\fluentapps\repos\ReactorUWP.core\ReactorUWP.core\ReactorUWP.core.csproj]
D:\fluentapps\repos\ReactorUWP.core\ReactorUWP.core\Charting\D3\Layout\Cluster.cs(93,58): error CS0246: 未能找到类型或命名空间名“Func<,>”(是否缺少 using 指令或程序集引用?) [D:\fluentapps\repos\ReactorUWP.core\ReactorUWP.core\ReactorUWP.core.csproj]
D:\fluentapps\repos\ReactorUWP.core\ReactorUWP.core\Charting\D3\Layout\Cluster.cs(93,66): error CS0246: 未能找到类型或命名空间名“IEnumerable<>”(是否缺少 using 指令或程序集引用?) [D:\fluentapps\repos\ReactorUWP.core\ReactorUWP.core\ReactorUWP.core.csproj]
D:\fluentapps\repos\ReactorUWP.core\ReactorUWP.core\Charting\D3\Layout\Cluster.cs(130,49): error CS0246: 未能找到类型或命名空间名“Action<>”(是否缺少 using 指令或程序集引用?) [D:\fluentapps\repos\ReactorUWP.core\ReactorUWP.core\ReactorUWP.core.csproj]
D:\fluentapps\repos\ReactorUWP.core\ReactorUWP.core\Charting\D3\Layout\Cluster.cs(137,54): error CS0246: 未能找到类型或命名空间名“Action<>”(是否缺少 using 指令或程序集引用?) [D:\fluentapps\repos\ReactorUWP.core\ReactorUWP.core\ReactorUWP.core.csproj]
D:\fluentapps\repos\ReactorUWP.core\ReactorUWP.core\Charting\D3\Layout\Cluster.cs(15,13): error CS0246: 未能找到类型或命名空间名“Func<,,>”(是否缺少 using 指令或程序集引用?) [D:\fluentapps\repos\ReactorUWP.core\ReactorUWP.core\ReactorUWP.core.csproj]
D:\fluentapps\repos\ReactorUWP.core\ReactorUWP.core\Charting\D3\Layout\ForceSimulation.cs(56,12): error CS0246: 未能找到类型或命名空间名“IReadOnlyList<>”(是否缺少 using 指令或程序集引用?) [D:\fluentapps\repos\ReactorUWP.core\ReactorUWP.core\ReactorUWP.core.csproj]
D:\fluentapps\repos\ReactorUWP.core\ReactorUWP.core\Charting\D3\Layout\ForceSimulation.cs(57,12): error CS0246: 未能找到类型或命名空间名“IReadOnlyList<>”(是否缺少 using 指令或程序集引用?) [D:\fluentapps\repos\ReactorUWP.core\ReactorUWP.core\ReactorUWP.core.csproj]
D:\fluentapps\repos\ReactorUWP.core\ReactorUWP.core\Core\IItemsRepeaterFactorySource.cs(40,32): error CS0234: 命名空间“Windows.UI.Xaml.Controls”中不存在类型或命名空间名“ItemsRepeater”(是否缺少程序集引用?) [D:\fluentapps\repos\ReactorUWP.core\ReactorUWP.core\ReactorUWP.core.csproj]
D:\fluentapps\repos\ReactorUWP.core\ReactorUWP.core\Charting\D3\Layout\ForceSimulation.cs(62,37): error CS0246: 未能找到类型或命名空间名“IEnumerable<>”(是否缺少 using 指令或程序集引用?) [D:\fluentapps\repos\ReactorUWP.core\ReactorUWP.core\ReactorUWP.core.csproj]
D:\fluentapps\repos\ReactorUWP.core\ReactorUWP.core\Charting\D3\Layout\ForceSimulation.cs(74,37): error CS0246: 未能找到类型或命名空间名“IEnumerable<>”(是否缺少 using 指令或程序集引用?) [D:\fluentapps\repos\ReactorUWP.core\ReactorUWP.core\ReactorUWP.core.csproj]
D:\fluentapps\repos\ReactorUWP.core\ReactorUWP.core\Charting\D3\Layout\Sankey.cs(180,36): error CS0246: 未能找到类型或命名空间名“List<>”(是否缺少 using 指令或程序集引用?) [D:\fluentapps\repos\ReactorUWP.core\ReactorUWP.core\ReactorUWP.core.csproj]
D:\fluentapps\repos\ReactorUWP.core\ReactorUWP.core\Core\IItemsRepeaterFactorySource.cs(72,62): error CS0234: 命名空间“Windows.UI.Xaml.Controls”中不存在类型或命名空间名“ItemsRepeater”(是否缺少程序集引用?) [D:\fluentapps\repos\ReactorUWP.core\ReactorUWP.core\ReactorUWP.core.csproj]
D:\fluentapps\repos\ReactorUWP.core\ReactorUWP.core\Charting\D3\Layout\ForceSimulation.cs(38,22): error CS0246: 未能找到类型或命名空间名“List<>”(是否缺少 using 指令或程序集引用?) [D:\fluentapps\repos\ReactorUWP.core\ReactorUWP.core\ReactorUWP.core.csproj]
D:\fluentapps\repos\ReactorUWP.core\ReactorUWP.core\Charting\D3\Layout\ForceSimulation.cs(39,22): error CS0246: 未能找到类型或命名空间名“List<>”(是否缺少 using 指令或程序集引用?) [D:\fluentapps\repos\ReactorUWP.core\ReactorUWP.core\ReactorUWP.core.csproj]
D:\fluentapps\repos\ReactorUWP.core\ReactorUWP.core\Charting\D3\Layout\ForceSimulation.cs(247,22): error CS0246: 未能找到类型或命名空间名“Random”(是否缺少 using 指令或程序集引用?) [D:\fluentapps\repos\ReactorUWP.core\ReactorUWP.core\ReactorUWP.core.csproj]
D:\fluentapps\repos\ReactorUWP.core\ReactorUWP.core\Charting\D3\Layout\Sankey.cs(288,12): error CS0246: 未能找到类型或命名空间名“List<>”(是否缺少 using 指令或程序集引用?) [D:\fluentapps\repos\ReactorUWP.core\ReactorUWP.core\ReactorUWP.core.csproj]
D:\fluentapps\repos\ReactorUWP.core\ReactorUWP.core\Charting\D3\Layout\Sankey.cs(289,12): error CS0246: 未能找到类型或命名空间名“List<>”(是否缺少 using 指令或程序集引用?) [D:\fluentapps\repos\ReactorUWP.core\ReactorUWP.core\ReactorUWP.core.csproj]
D:\fluentapps\repos\ReactorUWP.core\ReactorUWP.core\Charting\D3\Layout\Sankey.cs(304,12): error CS0246: 未能找到类型或命名空间名“List<>”(是否缺少 using 指令或程序集引用?) [D:\fluentapps\repos\ReactorUWP.core\ReactorUWP.core\ReactorUWP.core.csproj]
D:\fluentapps\repos\ReactorUWP.core\ReactorUWP.core\Charting\D3\Layout\Sankey.cs(305,12): error CS0246: 未能找到类型或命名空间名“List<>”(是否缺少 using 指令或程序集引用?) [D:\fluentapps\repos\ReactorUWP.core\ReactorUWP.core\ReactorUWP.core.csproj]
D:\fluentapps\repos\ReactorUWP.core\ReactorUWP.core\Charting\D3\Layout\Pack.cs(18,39): error CS0246: 未能找到类型或命名空间名“Func<,>”(是否缺少 using 指令或程序集引用?) [D:\fluentapps\repos\ReactorUWP.core\ReactorUWP.core\ReactorUWP.core.csproj]
D:\fluentapps\repos\ReactorUWP.core\ReactorUWP.core\Charting\D3\Layout\Pack.cs(18,47): error CS0246: 未能找到类型或命名空间名“IEnumerable<>”(是否缺少 using 指令或程序集引用?) [D:\fluentapps\repos\ReactorUWP.core\ReactorUWP.core\ReactorUWP.core.csproj]
D:\fluentapps\repos\ReactorUWP.core\ReactorUWP.core\Charting\D3\Layout\Pack.cs(18,74): error CS0246: 未能找到类型或命名空间名“Func<,>”(是否缺少 using 指令或程序集引用?) [D:\fluentapps\repos\ReactorUWP.core\ReactorUWP.core\ReactorUWP.core.csproj]
D:\fluentapps\repos\ReactorUWP.core\ReactorUWP.core\Charting\D3\Layout\Pack.cs(30,43): error CS0246: 未能找到类型或命名空间名“Func<,>”(是否缺少 using 指令或程序集引用?) [D:\fluentapps\repos\ReactorUWP.core\ReactorUWP.core\ReactorUWP.core.csproj]
D:\fluentapps\repos\ReactorUWP.core\ReactorUWP.core\Charting\D3\Layout\Pack.cs(30,51): error CS0246: 未能找到类型或命名空间名“IEnumerable<>”(是否缺少 using 指令或程序集引用?) [D:\fluentapps\repos\ReactorUWP.core\ReactorUWP.core\ReactorUWP.core.csproj]
D:\fluentapps\repos\ReactorUWP.core\ReactorUWP.core\Charting\D3\Layout\Pack.cs(42,46): error CS0246: 未能找到类型或命名空间名“Func<,>”(是否缺少 using 指令或程序集引用?) [D:\fluentapps\repos\ReactorUWP.core\ReactorUWP.core\ReactorUWP.core.csproj]
D:\fluentapps\repos\ReactorUWP.core\ReactorUWP.core\Charting\D3\Layout\Pack.cs(163,20): error CS0246: 未能找到类型或命名空间名“List<>”(是否缺少 using 指令或程序集引用?) [D:\fluentapps\repos\ReactorUWP.core\ReactorUWP.core\ReactorUWP.core.csproj]
D:\fluentapps\repos\ReactorUWP.core\ReactorUWP.core\Charting\D3\Layout\Stratify.cs(14,30): error CS0246: 未能找到类型或命名空间名“Func<,>”(是否缺少 using 指令或程序集引用?) [D:\fluentapps\repos\ReactorUWP.core\ReactorUWP.core\ReactorUWP.core.csproj]
D:\fluentapps\repos\ReactorUWP.core\ReactorUWP.core\Charting\D3\Layout\Stratify.cs(15,36): error CS0246: 未能找到类型或命名空间名“Func<,>”(是否缺少 using 指令或程序集引用?) [D:\fluentapps\repos\ReactorUWP.core\ReactorUWP.core\ReactorUWP.core.csproj]
D:\fluentapps\repos\ReactorUWP.core\ReactorUWP.core\Charting\D3\Layout\Pack.cs(208,12): error CS0246: 未能找到类型或命名空间名“List<>”(是否缺少 using 指令或程序集引用?) [D:\fluentapps\repos\ReactorUWP.core\ReactorUWP.core\ReactorUWP.core.csproj]
D:\fluentapps\repos\ReactorUWP.core\ReactorUWP.core\Charting\D3\Layout\Stratify.cs(21,30): error CS0246: 未能找到类型或命名空间名“IEnumerable<>”(是否缺少 using 指令或程序集引用?) [D:\fluentapps\repos\ReactorUWP.core\ReactorUWP.core\ReactorUWP.core.csproj]
D:\fluentapps\repos\ReactorUWP.core\ReactorUWP.core\Charting\D3\Layout\Stratify.cs(71,40): error CS0246: 未能找到类型或命名空间名“IEnumerable<>”(是否缺少 using 指令或程序集引用?) [D:\fluentapps\repos\ReactorUWP.core\ReactorUWP.core\ReactorUWP.core.csproj]
D:\fluentapps\repos\ReactorUWP.core\ReactorUWP.core\Charting\D3\Layout\Stratify.cs(71,61): error CS0246: 未能找到类型或命名空间名“Func<,>”(是否缺少 using 指令或程序集引用?) [D:\fluentapps\repos\ReactorUWP.core\ReactorUWP.core\ReactorUWP.core.csproj]
D:\fluentapps\repos\ReactorUWP.core\ReactorUWP.core\Charting\D3\Layout\Pack.cs(216,12): error CS0246: 未能找到类型或命名空间名“IEnumerable<>”(是否缺少 using 指令或程序集引用?) [D:\fluentapps\repos\ReactorUWP.core\ReactorUWP.core\ReactorUWP.core.csproj]
D:\fluentapps\repos\ReactorUWP.core\ReactorUWP.core\Charting\D3\Layout\Pack.cs(237,12): error CS0246: 未能找到类型或命名空间名“IEnumerable<>”(是否缺少 using 指令或程序集引用?) [D:\fluentapps\repos\ReactorUWP.core\ReactorUWP.core\ReactorUWP.core.csproj]
D:\fluentapps\repos\ReactorUWP.core\ReactorUWP.core\Charting\D3\Layout\Stratify.cs(80,44): error CS0246: 未能找到类型或命名空间名“IEnumerable<>”(是否缺少 using 指令或程序集引用?) [D:\fluentapps\repos\ReactorUWP.core\ReactorUWP.core\ReactorUWP.core.csproj]
D:\fluentapps\repos\ReactorUWP.core\ReactorUWP.core\Charting\D3\Layout\Stratify.cs(80,65): error CS0246: 未能找到类型或命名空间名“Func<,>”(是否缺少 using 指令或程序集引用?) [D:\fluentapps\repos\ReactorUWP.core\ReactorUWP.core\ReactorUWP.core.csproj]
D:\fluentapps\repos\ReactorUWP.core\ReactorUWP.core\Core\Element.cs(3952,27): error CS0234: 命名空间“Windows.UI.Xaml.Controls”中不存在类型或命名空间名“ItemsRepeater”(是否缺少程序集引用?) [D:\fluentapps\repos\ReactorUWP.core\ReactorUWP.core\ReactorUWP.core.csproj]
D:\fluentapps\repos\ReactorUWP.core\ReactorUWP.core\Charting\D3\Layout\Stratify.cs(93,96): error CS0246: 未能找到类型或命名空间名“Func<,>”(是否缺少 using 指令或程序集引用?) [D:\fluentapps\repos\ReactorUWP.core\ReactorUWP.core\ReactorUWP.core.csproj]
D:\fluentapps\repos\ReactorUWP.core\ReactorUWP.core\Charting\D3\Layout\Stratify.cs(107,102): error CS0246: 未能找到类型或命名空间名“Func<,>”(是否缺少 using 指令或程序集引用?) [D:\fluentapps\repos\ReactorUWP.core\ReactorUWP.core\ReactorUWP.core.csproj]
D:\fluentapps\repos\ReactorUWP.core\ReactorUWP.core\Charting\D3\Layout\Stratify.cs(11,13): error CS0246: 未能找到类型或命名空间名“Func<,>”(是否缺少 using 指令或程序集引用?) [D:\fluentapps\repos\ReactorUWP.core\ReactorUWP.core\ReactorUWP.core.csproj]
D:\fluentapps\repos\ReactorUWP.core\ReactorUWP.core\Charting\D3\Layout\Stratify.cs(12,13): error CS0246: 未能找到类型或命名空间名“Func<,>”(是否缺少 using 指令或程序集引用?) [D:\fluentapps\repos\ReactorUWP.core\ReactorUWP.core\ReactorUWP.core.csproj]
D:\fluentapps\repos\ReactorUWP.core\ReactorUWP.core\Core\Element.cs(4412,27): error CS0234: 命名空间“Windows.UI.Xaml.Controls”中不存在类型或命名空间名“AnimatedIcon”(是否缺少程序集引用?) [D:\fluentapps\repos\ReactorUWP.core\ReactorUWP.core\ReactorUWP.core.csproj]
D:\fluentapps\repos\ReactorUWP.core\ReactorUWP.core\Core\Element.cs(3924,78): error CS0234: 命名空间“Windows.UI.Xaml.Controls”中不存在类型或命名空间名“ItemsRepeater”(是否缺少程序集引用?) [D:\fluentapps\repos\ReactorUWP.core\ReactorUWP.core\ReactorUWP.core.csproj]
D:\fluentapps\repos\ReactorUWP.core\ReactorUWP.core\Charting\D3\Layout\Partition.cs(19,44): error CS0246: 未能找到类型或命名空间名“Func<,>”(是否缺少 using 指令或程序集引用?) [D:\fluentapps\repos\ReactorUWP.core\ReactorUWP.core\ReactorUWP.core.csproj]
D:\fluentapps\repos\ReactorUWP.core\ReactorUWP.core\Charting\D3\Layout\Partition.cs(19,52): error CS0246: 未能找到类型或命名空间名“IEnumerable<>”(是否缺少 using 指令或程序集引用?) [D:\fluentapps\repos\ReactorUWP.core\ReactorUWP.core\ReactorUWP.core.csproj]
D:\fluentapps\repos\ReactorUWP.core\ReactorUWP.core\Charting\D3\Layout\Partition.cs(19,79): error CS0246: 未能找到类型或命名空间名“Func<,>”(是否缺少 using 指令或程序集引用?) [D:\fluentapps\repos\ReactorUWP.core\ReactorUWP.core\ReactorUWP.core.csproj]
D:\fluentapps\repos\ReactorUWP.core\ReactorUWP.core\Core\Element.cs(3935,60): error CS0234: 命名空间“Windows.UI.Xaml.Controls”中不存在类型或命名空间名“ItemsRepeater”(是否缺少程序集引用?) [D:\fluentapps\repos\ReactorUWP.core\ReactorUWP.core\ReactorUWP.core.csproj]
D:\fluentapps\repos\ReactorUWP.core\ReactorUWP.core\Charting\D3\Layout\Partition.cs(88,48): error CS0246: 未能找到类型或命名空间名“Func<,>”(是否缺少 using 指令或程序集引用?) [D:\fluentapps\repos\ReactorUWP.core\ReactorUWP.core\ReactorUWP.core.csproj]
D:\fluentapps\repos\ReactorUWP.core\ReactorUWP.core\Charting\D3\Layout\Partition.cs(88,56): error CS0246: 未能找到类型或命名空间名“IEnumerable<>”(是否缺少 using 指令或程序集引用?) [D:\fluentapps\repos\ReactorUWP.core\ReactorUWP.core\ReactorUWP.core.csproj]
D:\fluentapps\repos\ReactorUWP.core\ReactorUWP.core\Charting\D3\Layout\TreeLayout.cs(13,12): error CS0246: 未能找到类型或命名空间名“List<>”(是否缺少 using 指令或程序集引用?) [D:\fluentapps\repos\ReactorUWP.core\ReactorUWP.core\ReactorUWP.core.csproj]
D:\fluentapps\repos\ReactorUWP.core\ReactorUWP.core\Charting\D3\Layout\Partition.cs(100,51): error CS0246: 未能找到类型或命名空间名“Func<,>”(是否缺少 using 指令或程序集引用?) [D:\fluentapps\repos\ReactorUWP.core\ReactorUWP.core\ReactorUWP.core.csproj]
D:\fluentapps\repos\ReactorUWP.core\ReactorUWP.core\Charting\D3\Layout\Partition.cs(127,54): error CS0246: 未能找到类型或命名空间名“Action<>”(是否缺少 using 指令或程序集引用?) [D:\fluentapps\repos\ReactorUWP.core\ReactorUWP.core\ReactorUWP.core.csproj]
D:\fluentapps\repos\ReactorUWP.core\ReactorUWP.core\Charting\D3\Layout\TreeLayout.cs(30,12): error CS0246: 未能找到类型或命名空间名“IEnumerable<>”(是否缺少 using 指令或程序集引用?) [D:\fluentapps\repos\ReactorUWP.core\ReactorUWP.core\ReactorUWP.core.csproj]
D:\fluentapps\repos\ReactorUWP.core\ReactorUWP.core\Charting\D3\Layout\Partition.cs(139,12): error CS0246: 未能找到类型或命名空间名“List<>”(是否缺少 using 指令或程序集引用?) [D:\fluentapps\repos\ReactorUWP.core\ReactorUWP.core\ReactorUWP.core.csproj]
D:\fluentapps\repos\ReactorUWP.core\ReactorUWP.core\Charting\D3\Layout\Partition.cs(154,12): error CS0246: 未能找到类型或命名空间名“IEnumerable<>”(是否缺少 using 指令或程序集引用?) [D:\fluentapps\repos\ReactorUWP.core\ReactorUWP.core\ReactorUWP.core.csproj]
D:\fluentapps\repos\ReactorUWP.core\ReactorUWP.core\Charting\D3\Layout\Partition.cs(175,12): error CS0246: 未能找到类型或命名空间名“IEnumerable<>”(是否缺少 using 指令或程序集引用?) [D:\fluentapps\repos\ReactorUWP.core\ReactorUWP.core\ReactorUWP.core.csproj]
D:\fluentapps\repos\ReactorUWP.core\ReactorUWP.core\Charting\D3\Layout\Partition.cs(181,12): error CS0246: 未能找到类型或命名空间名“IEnumerable<>”(是否缺少 using 指令或程序集引用?) [D:\fluentapps\repos\ReactorUWP.core\ReactorUWP.core\ReactorUWP.core.csproj]
D:\fluentapps\repos\ReactorUWP.core\ReactorUWP.core\Charting\D3\Layout\TreeLayout.cs(67,42): error CS0246: 未能找到类型或命名空间名“Func<,>”(是否缺少 using 指令或程序集引用?) [D:\fluentapps\repos\ReactorUWP.core\ReactorUWP.core\ReactorUWP.core.csproj]
D:\fluentapps\repos\ReactorUWP.core\ReactorUWP.core\Charting\D3\Layout\TreeLayout.cs(67,50): error CS0246: 未能找到类型或命名空间名“IEnumerable<>”(是否缺少 using 指令或程序集引用?) [D:\fluentapps\repos\ReactorUWP.core\ReactorUWP.core\ReactorUWP.core.csproj]
D:\fluentapps\repos\ReactorUWP.core\ReactorUWP.core\Charting\D3\Layout\TreeLayout.cs(74,58): error CS0246: 未能找到类型或命名空间名“Func<,>”(是否缺少 using 指令或程序集引用?) [D:\fluentapps\repos\ReactorUWP.core\ReactorUWP.core\ReactorUWP.core.csproj]
D:\fluentapps\repos\ReactorUWP.core\ReactorUWP.core\Charting\D3\Layout\TreeLayout.cs(74,66): error CS0246: 未能找到类型或命名空间名“IEnumerable<>”(是否缺少 using 指令或程序集引用?) [D:\fluentapps\repos\ReactorUWP.core\ReactorUWP.core\ReactorUWP.core.csproj]
D:\fluentapps\repos\ReactorUWP.core\ReactorUWP.core\Charting\D3\Layout\TreeLayout.cs(274,49): error CS0246: 未能找到类型或命名空间名“Action<>”(是否缺少 using 指令或程序集引用?) [D:\fluentapps\repos\ReactorUWP.core\ReactorUWP.core\ReactorUWP.core.csproj]
D:\fluentapps\repos\ReactorUWP.core\ReactorUWP.core\Charting\D3\Scale\LinearScale.cs(157,20): error CS0246: 未能找到类型或命名空间名“Func<,>”(是否缺少 using 指令或程序集引用?) [D:\fluentapps\repos\ReactorUWP.core\ReactorUWP.core\ReactorUWP.core.csproj]
D:\fluentapps\repos\ReactorUWP.core\ReactorUWP.core\Charting\D3\Scale\LinearScale.cs(164,20): error CS0246: 未能找到类型或命名空间名“Func<,>”(是否缺少 using 指令或程序集引用?) [D:\fluentapps\repos\ReactorUWP.core\ReactorUWP.core\ReactorUWP.core.csproj]
D:\fluentapps\repos\ReactorUWP.core\ReactorUWP.core\Charting\D3\Scale\LinearScale.cs(186,20): error CS0246: 未能找到类型或命名空间名“Func<,>”(是否缺少 using 指令或程序集引用?) [D:\fluentapps\repos\ReactorUWP.core\ReactorUWP.core\ReactorUWP.core.csproj]
D:\fluentapps\repos\ReactorUWP.core\ReactorUWP.core\Charting\D3\Scale\LinearScale.cs(214,20): error CS0246: 未能找到类型或命名空间名“Func<,>”(是否缺少 using 指令或程序集引用?) [D:\fluentapps\repos\ReactorUWP.core\ReactorUWP.core\ReactorUWP.core.csproj]
D:\fluentapps\repos\ReactorUWP.core\ReactorUWP.core\Charting\D3\Scale\LinearScale.cs(17,13): error CS0246: 未能找到类型或命名空间名“Func<,>”(是否缺少 using 指令或程序集引用?) [D:\fluentapps\repos\ReactorUWP.core\ReactorUWP.core\ReactorUWP.core.csproj]
D:\fluentapps\repos\ReactorUWP.core\ReactorUWP.core\Charting\D3\Scale\LinearScale.cs(18,13): error CS0246: 未能找到类型或命名空间名“Func<,>”(是否缺少 using 指令或程序集引用?) [D:\fluentapps\repos\ReactorUWP.core\ReactorUWP.core\ReactorUWP.core.csproj]
D:\fluentapps\repos\ReactorUWP.core\ReactorUWP.core\Charting\D3\Layout\Treemap.cs(34,45): error CS0246: 未能找到类型或命名空间名“Func<,>”(是否缺少 using 指令或程序集引用?) [D:\fluentapps\repos\ReactorUWP.core\ReactorUWP.core\ReactorUWP.core.csproj]
D:\fluentapps\repos\ReactorUWP.core\ReactorUWP.core\Charting\D3\Layout\Treemap.cs(34,53): error CS0246: 未能找到类型或命名空间名“IEnumerable<>”(是否缺少 using 指令或程序集引用?) [D:\fluentapps\repos\ReactorUWP.core\ReactorUWP.core\ReactorUWP.core.csproj]
D:\fluentapps\repos\ReactorUWP.core\ReactorUWP.core\Charting\D3\Layout\Treemap.cs(34,80): error CS0246: 未能找到类型或命名空间名“Func<,>”(是否缺少 using 指令或程序集引用?) [D:\fluentapps\repos\ReactorUWP.core\ReactorUWP.core\ReactorUWP.core.csproj]
D:\fluentapps\repos\ReactorUWP.core\ReactorUWP.core\Charting\D3\Layout\Treemap.cs(47,46): error CS0246: 未能找到类型或命名空间名“Func<,>”(是否缺少 using 指令或程序集引用?) [D:\fluentapps\repos\ReactorUWP.core\ReactorUWP.core\ReactorUWP.core.csproj]
D:\fluentapps\repos\ReactorUWP.core\ReactorUWP.core\Charting\D3\Layout\Treemap.cs(47,54): error CS0246: 未能找到类型或命名空间名“IEnumerable<>”(是否缺少 using 指令或程序集引用?) [D:\fluentapps\repos\ReactorUWP.core\ReactorUWP.core\ReactorUWP.core.csproj]
D:\fluentapps\repos\ReactorUWP.core\ReactorUWP.core\Charting\D3\Layout\Treemap.cs(59,49): error CS0246: 未能找到类型或命名空间名“Func<,>”(是否缺少 using 指令或程序集引用?) [D:\fluentapps\repos\ReactorUWP.core\ReactorUWP.core\ReactorUWP.core.csproj]
D:\fluentapps\repos\ReactorUWP.core\ReactorUWP.core\Core\Element.cs(4440,27): error CS0234: 命名空间“Windows.UI.Xaml.Controls”中不存在类型或命名空间名“MapControl”(是否缺少程序集引用?) [D:\fluentapps\repos\ReactorUWP.core\ReactorUWP.core\ReactorUWP.core.csproj]
D:\fluentapps\repos\ReactorUWP.core\ReactorUWP.core\Charting\D3\Layout\Treemap.cs(112,28): error CS0246: 未能找到类型或命名空间名“List<>”(是否缺少 using 指令或程序集引用?) [D:\fluentapps\repos\ReactorUWP.core\ReactorUWP.core\ReactorUWP.core.csproj]
D:\fluentapps\repos\ReactorUWP.core\ReactorUWP.core\Charting\D3\Layout\Treemap.cs(127,27): error CS0246: 未能找到类型或命名空间名“List<>”(是否缺少 using 指令或程序集引用?) [D:\fluentapps\repos\ReactorUWP.core\ReactorUWP.core\ReactorUWP.core.csproj]
D:\fluentapps\repos\ReactorUWP.core\ReactorUWP.core\Charting\D3\Layout\Treemap.cs(142,31): error CS0246: 未能找到类型或命名空间名“List<>”(是否缺少 using 指令或程序集引用?) [D:\fluentapps\repos\ReactorUWP.core\ReactorUWP.core\ReactorUWP.core.csproj]
D:\fluentapps\repos\ReactorUWP.core\ReactorUWP.core\Charting\D3\Shape\Area.cs(93,46): error CS0246: 未能找到类型或命名空间名“Func<,>”(是否缺少 using 指令或程序集引用?) [D:\fluentapps\repos\ReactorUWP.core\ReactorUWP.core\ReactorUWP.core.csproj]
D:\fluentapps\repos\ReactorUWP.core\ReactorUWP.core\Charting\D3\Shape\Area.cs(93,65): error CS0246: 未能找到类型或命名空间名“Func<,>”(是否缺少 using 指令或程序集引用?) [D:\fluentapps\repos\ReactorUWP.core\ReactorUWP.core\ReactorUWP.core.csproj]
D:\fluentapps\repos\ReactorUWP.core\ReactorUWP.core\Charting\D3\Shape\Area.cs(93,85): error CS0246: 未能找到类型或命名空间名“Func<,>”(是否缺少 using 指令或程序集引用?) [D:\fluentapps\repos\ReactorUWP.core\ReactorUWP.core\ReactorUWP.core.csproj]
D:\fluentapps\repos\ReactorUWP.core\ReactorUWP.core\Charting\D3\Shape\Area.cs(97,46): error CS0246: 未能找到类型或命名空间名“Func<,>”(是否缺少 using 指令或程序集引用?) [D:\fluentapps\repos\ReactorUWP.core\ReactorUWP.core\ReactorUWP.core.csproj]
D:\fluentapps\repos\ReactorUWP.core\ReactorUWP.core\Charting\D3\Shape\Area.cs(97,65): error CS0246: 未能找到类型或命名空间名“Func<,>”(是否缺少 using 指令或程序集引用?) [D:\fluentapps\repos\ReactorUWP.core\ReactorUWP.core\ReactorUWP.core.csproj]
D:\fluentapps\repos\ReactorUWP.core\ReactorUWP.core\Charting\D3\Layout\Treemap.cs(206,12): error CS0246: 未能找到类型或命名空间名“List<>”(是否缺少 using 指令或程序集引用?) [D:\fluentapps\repos\ReactorUWP.core\ReactorUWP.core\ReactorUWP.core.csproj]
D:\fluentapps\repos\ReactorUWP.core\ReactorUWP.core\Charting\D3\Layout\Treemap.cs(221,12): error CS0246: 未能找到类型或命名空间名“IEnumerable<>”(是否缺少 using 指令或程序集引用?) [D:\fluentapps\repos\ReactorUWP.core\ReactorUWP.core\ReactorUWP.core.csproj]
D:\fluentapps\repos\ReactorUWP.core\ReactorUWP.core\Charting\D3\Layout\Treemap.cs(242,12): error CS0246: 未能找到类型或命名空间名“IEnumerable<>”(是否缺少 using 指令或程序集引用?) [D:\fluentapps\repos\ReactorUWP.core\ReactorUWP.core\ReactorUWP.core.csproj]
D:\fluentapps\repos\ReactorUWP.core\ReactorUWP.core\Core\ObservableTreeTracker.cs(28,37): error CS0234: 命名空间“Windows.System”中不存在类型或命名空间名“CoreDispatcher”(是否缺少程序集引用?) [D:\fluentapps\repos\ReactorUWP.core\ReactorUWP.core\ReactorUWP.core.csproj]
D:\fluentapps\repos\ReactorUWP.core\ReactorUWP.core\Core\Element.cs(4480,27): error CS0234: 命名空间“Windows.UI.Xaml.Controls”中不存在类型或命名空间名“ItemContainer”(是否缺少程序集引用?) [D:\fluentapps\repos\ReactorUWP.core\ReactorUWP.core\ReactorUWP.core.csproj]
D:\fluentapps\repos\ReactorUWP.core\ReactorUWP.core\Charting\D3\Path\PathBuilder.cs(20,31): error CS0103: 当前上下文中不存在名称“Math” [D:\fluentapps\repos\ReactorUWP.core\ReactorUWP.core\ReactorUWP.core.csproj]
D:\fluentapps\repos\ReactorUWP.core\ReactorUWP.core\Charting\D3\Polygon\Polygon.cs(16,31): error CS0246: 未能找到类型或命名空间名“IReadOnlyList<>”(是否缺少 using 指令或程序集引用?) [D:\fluentapps\repos\ReactorUWP.core\ReactorUWP.core\ReactorUWP.core.csproj]
D:\fluentapps\repos\ReactorUWP.core\ReactorUWP.core\Core\Element.cs(4508,12): error CS0246: 未能找到类型或命名空间名“ItemsViewSelectionMode”(是否缺少 using 指令或程序集引用?) [D:\fluentapps\repos\ReactorUWP.core\ReactorUWP.core\ReactorUWP.core.csproj]
D:\fluentapps\repos\ReactorUWP.core\ReactorUWP.core\Charting\D3\Polygon\Polygon.cs(35,49): error CS0246: 未能找到类型或命名空间名“IReadOnlyList<>”(是否缺少 using 指令或程序集引用?) [D:\fluentapps\repos\ReactorUWP.core\ReactorUWP.core\ReactorUWP.core.csproj]
D:\fluentapps\repos\ReactorUWP.core\ReactorUWP.core\Charting\D3\Polygon\Polygon.cs(65,33): error CS0246: 未能找到类型或命名空间名“IReadOnlyList<>”(是否缺少 using 指令或程序集引用?) [D:\fluentapps\repos\ReactorUWP.core\ReactorUWP.core\ReactorUWP.core.csproj]
D:\fluentapps\repos\ReactorUWP.core\ReactorUWP.core\Core\Element.cs(4533,27): error CS0234: 命名空间“Windows.UI.Xaml.Controls”中不存在类型或命名空间名“ItemsView”(是否缺少程序集引用?) [D:\fluentapps\repos\ReactorUWP.core\ReactorUWP.core\ReactorUWP.core.csproj]
D:\fluentapps\repos\ReactorUWP.core\ReactorUWP.core\Charting\D3\Polygon\Polygon.cs(88,33): error CS0246: 未能找到类型或命名空间名“IReadOnlyList<>”(是否缺少 using 指令或程序集引用?) [D:\fluentapps\repos\ReactorUWP.core\ReactorUWP.core\ReactorUWP.core.csproj]
D:\fluentapps\repos\ReactorUWP.core\ReactorUWP.core\Charting\D3\Polygon\Polygon.cs(108,48): error CS0246: 未能找到类型或命名空间名“IReadOnlyList<>”(是否缺少 using 指令或程序集引用?) [D:\fluentapps\repos\ReactorUWP.core\ReactorUWP.core\ReactorUWP.core.csproj]
D:\fluentapps\repos\ReactorUWP.core\ReactorUWP.core\Charting\D3\Random\Random.cs(17,19): error CS0246: 未能找到类型或命名空间名“Func<>”(是否缺少 using 指令或程序集引用?) [D:\fluentapps\repos\ReactorUWP.core\ReactorUWP.core\ReactorUWP.core.csproj]
D:\fluentapps\repos\ReactorUWP.core\ReactorUWP.core\Charting\D3\Random\Random.cs(26,19): error CS0246: 未能找到类型或命名空间名“Func<>”(是否缺少 using 指令或程序集引用?) [D:\fluentapps\repos\ReactorUWP.core\ReactorUWP.core\ReactorUWP.core.csproj]
D:\fluentapps\repos\ReactorUWP.core\ReactorUWP.core\Core\Element.cs(4516,78): error CS0234: 命名空间“Windows.UI.Xaml.Controls”中不存在类型或命名空间名“ItemsRepeater”(是否缺少程序集引用?) [D:\fluentapps\repos\ReactorUWP.core\ReactorUWP.core\ReactorUWP.core.csproj]
D:\fluentapps\repos\ReactorUWP.core\ReactorUWP.core\Charting\D3\Random\Random.cs(35,19): error CS0246: 未能找到类型或命名空间名“Func<>”(是否缺少 using 指令或程序集引用?) [D:\fluentapps\repos\ReactorUWP.core\ReactorUWP.core\ReactorUWP.core.csproj]
D:\fluentapps\repos\ReactorUWP.core\ReactorUWP.core\Charting\D3\Random\Random.cs(51,19): error CS0246: 未能找到类型或命名空间名“Func<>”(是否缺少 using 指令或程序集引用?) [D:\fluentapps\repos\ReactorUWP.core\ReactorUWP.core\ReactorUWP.core.csproj]
D:\fluentapps\repos\ReactorUWP.core\ReactorUWP.core\Charting\D3\Random\Random.cs(61,19): error CS0246: 未能找到类型或命名空间名“Func<>”(是否缺少 using 指令或程序集引用?) [D:\fluentapps\repos\ReactorUWP.core\ReactorUWP.core\ReactorUWP.core.csproj]
D:\fluentapps\repos\ReactorUWP.core\ReactorUWP.core\Charting\D3\Random\Random.cs(71,19): error CS0246: 未能找到类型或命名空间名“Func<>”(是否缺少 using 指令或程序集引用?) [D:\fluentapps\repos\ReactorUWP.core\ReactorUWP.core\ReactorUWP.core.csproj]
D:\fluentapps\repos\ReactorUWP.core\ReactorUWP.core\Charting\D3\Shape\Curve.cs(264,45): error CS0246: 未能找到类型或命名空间名“List<>”(是否缺少 using 指令或程序集引用?) [D:\fluentapps\repos\ReactorUWP.core\ReactorUWP.core\ReactorUWP.core.csproj]
D:\fluentapps\repos\ReactorUWP.core\ReactorUWP.core\Charting\D3\Random\Random.cs(80,19): error CS0246: 未能找到类型或命名空间名“Func<>”(是否缺少 using 指令或程序集引用?) [D:\fluentapps\repos\ReactorUWP.core\ReactorUWP.core\ReactorUWP.core.csproj]
D:\fluentapps\repos\ReactorUWP.core\ReactorUWP.core\Charting\D3\Random\Random.cs(95,19): error CS0246: 未能找到类型或命名空间名“Func<>”(是否缺少 using 指令或程序集引用?) [D:\fluentapps\repos\ReactorUWP.core\ReactorUWP.core\ReactorUWP.core.csproj]
D:\fluentapps\repos\ReactorUWP.core\ReactorUWP.core\Charting\D3\Random\Random.cs(106,19): error CS0246: 未能找到类型或命名空间名“Func<>”(是否缺少 using 指令或程序集引用?) [D:\fluentapps\repos\ReactorUWP.core\ReactorUWP.core\ReactorUWP.core.csproj]
D:\fluentapps\repos\ReactorUWP.core\ReactorUWP.core\Charting\D3\Shape\Curve.cs(226,22): error CS0246: 未能找到类型或命名空间名“List<>”(是否缺少 using 指令或程序集引用?) [D:\fluentapps\repos\ReactorUWP.core\ReactorUWP.core\ReactorUWP.core.csproj]
D:\fluentapps\repos\ReactorUWP.core\ReactorUWP.core\Charting\D3\Random\Random.cs(127,19): error CS0246: 未能找到类型或命名空间名“Func<>”(是否缺少 using 指令或程序集引用?) [D:\fluentapps\repos\ReactorUWP.core\ReactorUWP.core\ReactorUWP.core.csproj]
D:\fluentapps\repos\ReactorUWP.core\ReactorUWP.core\Charting\D3\Shape\Curve.cs(227,22): error CS0246: 未能找到类型或命名空间名“List<>”(是否缺少 using 指令或程序集引用?) [D:\fluentapps\repos\ReactorUWP.core\ReactorUWP.core\ReactorUWP.core.csproj]
D:\fluentapps\repos\ReactorUWP.core\ReactorUWP.core\Charting\D3\Random\Random.cs(138,19): error CS0246: 未能找到类型或命名空间名“Func<>”(是否缺少 using 指令或程序集引用?) [D:\fluentapps\repos\ReactorUWP.core\ReactorUWP.core\ReactorUWP.core.csproj]
D:\fluentapps\repos\ReactorUWP.core\ReactorUWP.core\Charting\D3\Random\Random.cs(147,19): error CS0246: 未能找到类型或命名空间名“Func<>”(是否缺少 using 指令或程序集引用?) [D:\fluentapps\repos\ReactorUWP.core\ReactorUWP.core\ReactorUWP.core.csproj]
D:\fluentapps\repos\ReactorUWP.core\ReactorUWP.core\Charting\D3\Random\Random.cs(159,19): error CS0246: 未能找到类型或命名空间名“Func<>”(是否缺少 using 指令或程序集引用?) [D:\fluentapps\repos\ReactorUWP.core\ReactorUWP.core\ReactorUWP.core.csproj]
D:\fluentapps\repos\ReactorUWP.core\ReactorUWP.core\Charting\D3\Random\Random.cs(174,19): error CS0246: 未能找到类型或命名空间名“Func<>”(是否缺少 using 指令或程序集引用?) [D:\fluentapps\repos\ReactorUWP.core\ReactorUWP.core\ReactorUWP.core.csproj]
D:\fluentapps\repos\ReactorUWP.core\ReactorUWP.core\Charting\D3\Random\Random.cs(11,29): error CS0246: 未能找到类型或命名空间名“ThreadLocal<>”(是否缺少 using 指令或程序集引用?) [D:\fluentapps\repos\ReactorUWP.core\ReactorUWP.core\ReactorUWP.core.csproj]
D:\fluentapps\repos\ReactorUWP.core\ReactorUWP.core\Charting\D3\Random\Random.cs(11,41): error CS0246: 未能找到类型或命名空间名“Random”(是否缺少 using 指令或程序集引用?) [D:\fluentapps\repos\ReactorUWP.core\ReactorUWP.core\ReactorUWP.core.csproj]
D:\fluentapps\repos\ReactorUWP.core\ReactorUWP.core\Charting\D3\Scale\BandScale.cs(11,22): error CS0246: 未能找到类型或命名空间名“List<>”(是否缺少 using 指令或程序集引用?) [D:\fluentapps\repos\ReactorUWP.core\ReactorUWP.core\ReactorUWP.core.csproj]
D:\fluentapps\repos\ReactorUWP.core\ReactorUWP.core\Charting\D3\Scale\BandScale.cs(12,22): error CS0246: 未能找到类型或命名空间名“Dictionary<,>”(是否缺少 using 指令或程序集引用?) [D:\fluentapps\repos\ReactorUWP.core\ReactorUWP.core\ReactorUWP.core.csproj]
D:\fluentapps\repos\ReactorUWP.core\ReactorUWP.core\Charting\D3\Scale\LogScale.cs(154,13): error CS0246: 未能找到类型或命名空间名“Func<,>”(是否缺少 using 指令或程序集引用?) [D:\fluentapps\repos\ReactorUWP.core\ReactorUWP.core\ReactorUWP.core.csproj]
D:\fluentapps\repos\ReactorUWP.core\ReactorUWP.core\Core\Element.cs(4596,78): error CS0234: 命名空间“Windows.UI.Xaml.Controls”中不存在类型或命名空间名“ItemsRepeater”(是否缺少程序集引用?) [D:\fluentapps\repos\ReactorUWP.core\ReactorUWP.core\ReactorUWP.core.csproj]
D:\fluentapps\repos\ReactorUWP.core\ReactorUWP.core\Charting\D3\Scale\LogScale.cs(16,13): error CS0246: 未能找到类型或命名空间名“Func<,>”(是否缺少 using 指令或程序集引用?) [D:\fluentapps\repos\ReactorUWP.core\ReactorUWP.core\ReactorUWP.core.csproj]
D:\fluentapps\repos\ReactorUWP.core\ReactorUWP.core\Charting\D3\Scale\LogScale.cs(17,13): error CS0246: 未能找到类型或命名空间名“Func<,>”(是否缺少 using 指令或程序集引用?) [D:\fluentapps\repos\ReactorUWP.core\ReactorUWP.core\ReactorUWP.core.csproj]
D:\fluentapps\repos\ReactorUWP.core\ReactorUWP.core\Charting\D3\Shape\Line.cs(24,29): error CS0246: 未能找到类型或命名空间名“IReadOnlyList<>”(是否缺少 using 指令或程序集引用?) [D:\fluentapps\repos\ReactorUWP.core\ReactorUWP.core\ReactorUWP.core.csproj]
D:\fluentapps\repos\ReactorUWP.core\ReactorUWP.core\Charting\D3\Shape\Line.cs(91,46): error CS0246: 未能找到类型或命名空间名“Func<,>”(是否缺少 using 指令或程序集引用?) [D:\fluentapps\repos\ReactorUWP.core\ReactorUWP.core\ReactorUWP.core.csproj]
D:\fluentapps\repos\ReactorUWP.core\ReactorUWP.core\Charting\D3\Shape\Line.cs(91,65): error CS0246: 未能找到类型或命名空间名“Func<,>”(是否缺少 using 指令或程序集引用?) [D:\fluentapps\repos\ReactorUWP.core\ReactorUWP.core\ReactorUWP.core.csproj]
D:\fluentapps\repos\ReactorUWP.core\ReactorUWP.core\Charting\D3\Shape\Line.cs(69,34): error CS0246: 未能找到类型或命名空间名“Func<,,>”(是否缺少 using 指令或程序集引用?) [D:\fluentapps\repos\ReactorUWP.core\ReactorUWP.core\ReactorUWP.core.csproj]
D:\fluentapps\repos\ReactorUWP.core\ReactorUWP.core\Charting\D3\Shape\Line.cs(70,34): error CS0246: 未能找到类型或命名空间名“Func<,,>”(是否缺少 using 指令或程序集引用?) [D:\fluentapps\repos\ReactorUWP.core\ReactorUWP.core\ReactorUWP.core.csproj]
D:\fluentapps\repos\ReactorUWP.core\ReactorUWP.core\Charting\D3\Shape\Line.cs(71,40): error CS0246: 未能找到类型或命名空间名“Func<,,>”(是否缺少 using 指令或程序集引用?) [D:\fluentapps\repos\ReactorUWP.core\ReactorUWP.core\ReactorUWP.core.csproj]
D:\fluentapps\repos\ReactorUWP.core\ReactorUWP.core\Charting\D3\Shape\Line.cs(11,13): error CS0246: 未能找到类型或命名空间名“Func<,,>”(是否缺少 using 指令或程序集引用?) [D:\fluentapps\repos\ReactorUWP.core\ReactorUWP.core\ReactorUWP.core.csproj]
D:\fluentapps\repos\ReactorUWP.core\ReactorUWP.core\Charting\D3\Shape\Link.cs(52,39): error CS0246: 未能找到类型或命名空间名“Func<,>”(是否缺少 using 指令或程序集引用?) [D:\fluentapps\repos\ReactorUWP.core\ReactorUWP.core\ReactorUWP.core.csproj]
D:\fluentapps\repos\ReactorUWP.core\ReactorUWP.core\Charting\D3\Shape\Line.cs(12,13): error CS0246: 未能找到类型或命名空间名“Func<,,>”(是否缺少 using 指令或程序集引用?) [D:\fluentapps\repos\ReactorUWP.core\ReactorUWP.core\ReactorUWP.core.csproj]
D:\fluentapps\repos\ReactorUWP.core\ReactorUWP.core\Charting\D3\Shape\Line.cs(13,13): error CS0246: 未能找到类型或命名空间名“Func<,,>”(是否缺少 using 指令或程序集引用?) [D:\fluentapps\repos\ReactorUWP.core\ReactorUWP.core\ReactorUWP.core.csproj]
D:\fluentapps\repos\ReactorUWP.core\ReactorUWP.core\Charting\D3\Shape\Link.cs(53,39): error CS0246: 未能找到类型或命名空间名“Func<,>”(是否缺少 using 指令或程序集引用?) [D:\fluentapps\repos\ReactorUWP.core\ReactorUWP.core\ReactorUWP.core.csproj]
D:\fluentapps\repos\ReactorUWP.core\ReactorUWP.core\Charting\D3\Shape\Link.cs(11,13): error CS0246: 未能找到类型或命名空间名“Func<,>”(是否缺少 using 指令或程序集引用?) [D:\fluentapps\repos\ReactorUWP.core\ReactorUWP.core\ReactorUWP.core.csproj]
D:\fluentapps\repos\ReactorUWP.core\ReactorUWP.core\Charting\D3\Shape\Line.cs(17,26): error CS0246: 未能找到类型或命名空间名“Func<,,>”(是否缺少 using 指令或程序集引用?) [D:\fluentapps\repos\ReactorUWP.core\ReactorUWP.core\ReactorUWP.core.csproj]
D:\fluentapps\repos\ReactorUWP.core\ReactorUWP.core\Charting\D3\Shape\Line.cs(17,50): error CS0246: 未能找到类型或命名空间名“Func<,,>”(是否缺少 using 指令或程序集引用?) [D:\fluentapps\repos\ReactorUWP.core\ReactorUWP.core\ReactorUWP.core.csproj]
D:\fluentapps\repos\ReactorUWP.core\ReactorUWP.core\Charting\D3\Shape\Link.cs(12,13): error CS0246: 未能找到类型或命名空间名“Func<,>”(是否缺少 using 指令或程序集引用?) [D:\fluentapps\repos\ReactorUWP.core\ReactorUWP.core\ReactorUWP.core.csproj]
D:\fluentapps\repos\ReactorUWP.core\ReactorUWP.core\Charting\D3\Shape\Link.cs(17,9): error CS0246: 未能找到类型或命名空间名“Func<,>”(是否缺少 using 指令或程序集引用?) [D:\fluentapps\repos\ReactorUWP.core\ReactorUWP.core\ReactorUWP.core.csproj]
D:\fluentapps\repos\ReactorUWP.core\ReactorUWP.core\Charting\D3\Shape\Link.cs(18,9): error CS0246: 未能找到类型或命名空间名“Func<,>”(是否缺少 using 指令或程序集引用?) [D:\fluentapps\repos\ReactorUWP.core\ReactorUWP.core\ReactorUWP.core.csproj]
D:\fluentapps\repos\ReactorUWP.core\ReactorUWP.core\Charting\D3\Shape\Stack.cs(15,35): error CS0246: 未能找到类型或命名空间名“IReadOnlyList<>”(是否缺少 using 指令或程序集引用?) [D:\fluentapps\repos\ReactorUWP.core\ReactorUWP.core\ReactorUWP.core.csproj]
D:\fluentapps\repos\ReactorUWP.core\ReactorUWP.core\Charting\D3\Shape\Stack.cs(47,39): error CS0246: 未能找到类型或命名空间名“Func<,,>”(是否缺少 using 指令或程序集引用?) [D:\fluentapps\repos\ReactorUWP.core\ReactorUWP.core\ReactorUWP.core.csproj]
D:\fluentapps\repos\ReactorUWP.core\ReactorUWP.core\Charting\D3\Shape\Stack.cs(12,13): error CS0246: 未能找到类型或命名空间名“Func<,,>”(是否缺少 using 指令或程序集引用?) [D:\fluentapps\repos\ReactorUWP.core\ReactorUWP.core\ReactorUWP.core.csproj]
D:\fluentapps\repos\ReactorUWP.core\ReactorUWP.core\Charting\D3\Shape\Link.cs(67,9): error CS0246: 未能找到类型或命名空间名“Func<,>”(是否缺少 using 指令或程序集引用?) [D:\fluentapps\repos\ReactorUWP.core\ReactorUWP.core\ReactorUWP.core.csproj]
D:\fluentapps\repos\ReactorUWP.core\ReactorUWP.core\Charting\D3\Shape\Link.cs(67,32): error CS0246: 未能找到类型或命名空间名“Func<,>”(是否缺少 using 指令或程序集引用?) [D:\fluentapps\repos\ReactorUWP.core\ReactorUWP.core\ReactorUWP.core.csproj]
D:\fluentapps\repos\ReactorUWP.core\ReactorUWP.core\Charting\D3\Shape\Link.cs(72,9): error CS0246: 未能找到类型或命名空间名“Func<,>”(是否缺少 using 指令或程序集引用?) [D:\fluentapps\repos\ReactorUWP.core\ReactorUWP.core\ReactorUWP.core.csproj]
D:\fluentapps\repos\ReactorUWP.core\ReactorUWP.core\Charting\D3\Shape\Link.cs(72,32): error CS0246: 未能找到类型或命名空间名“Func<,>”(是否缺少 using 指令或程序集引用?) [D:\fluentapps\repos\ReactorUWP.core\ReactorUWP.core\ReactorUWP.core.csproj]
D:\fluentapps\repos\ReactorUWP.core\ReactorUWP.core\Core\ElementFactory.cs(177,65): error CS0234: 命名空间“Windows.UI.Xaml.Controls”中不存在类型或命名空间名“ItemsRepeater”(是否缺少程序集引用?) [D:\fluentapps\repos\ReactorUWP.core\ReactorUWP.core\ReactorUWP.core.csproj]
D:\fluentapps\repos\ReactorUWP.core\ReactorUWP.core\Charting\D3\Shape\Pie.cs(24,33): error CS0246: 未能找到类型或命名空间名“IReadOnlyList<>”(是否缺少 using 指令或程序集引用?) [D:\fluentapps\repos\ReactorUWP.core\ReactorUWP.core\ReactorUWP.core.csproj]
D:\fluentapps\repos\ReactorUWP.core\ReactorUWP.core\Charting\D3\Shape\Pie.cs(69,37): error CS0246: 未能找到类型或命名空间名“Func<,,>”(是否缺少 using 指令或程序集引用?) [D:\fluentapps\repos\ReactorUWP.core\ReactorUWP.core\ReactorUWP.core.csproj]
D:\fluentapps\repos\ReactorUWP.core\ReactorUWP.core\Charting\D3\Shape\Pie.cs(70,42): error CS0246: 未能找到类型或命名空间名“Comparison<>”(是否缺少 using 指令或程序集引用?) [D:\fluentapps\repos\ReactorUWP.core\ReactorUWP.core\ReactorUWP.core.csproj]
D:\fluentapps\repos\ReactorUWP.core\ReactorUWP.core\Charting\D3\Shape\Pie.cs(71,36): error CS0246: 未能找到类型或命名空间名“Comparison<>”(是否缺少 using 指令或程序集引用?) [D:\fluentapps\repos\ReactorUWP.core\ReactorUWP.core\ReactorUWP.core.csproj]
D:\fluentapps\repos\ReactorUWP.core\ReactorUWP.core\Charting\D3\Shape\Pie.cs(11,13): error CS0246: 未能找到类型或命名空间名“Func<,,>”(是否缺少 using 指令或程序集引用?) [D:\fluentapps\repos\ReactorUWP.core\ReactorUWP.core\ReactorUWP.core.csproj]
D:\fluentapps\repos\ReactorUWP.core\ReactorUWP.core\Charting\D3\Shape\Pie.cs(12,13): error CS0246: 未能找到类型或命名空间名“Comparison<>”(是否缺少 using 指令或程序集引用?) [D:\fluentapps\repos\ReactorUWP.core\ReactorUWP.core\ReactorUWP.core.csproj]
D:\fluentapps\repos\ReactorUWP.core\ReactorUWP.core\Charting\D3\Shape\Pie.cs(13,13): error CS0246: 未能找到类型或命名空间名“Comparison<>”(是否缺少 using 指令或程序集引用?) [D:\fluentapps\repos\ReactorUWP.core\ReactorUWP.core\ReactorUWP.core.csproj]
D:\fluentapps\repos\ReactorUWP.core\ReactorUWP.core\Charting\D3\Shape\Pie.cs(18,25): error CS0246: 未能找到类型或命名空间名“Func<,,>”(是否缺少 using 指令或程序集引用?) [D:\fluentapps\repos\ReactorUWP.core\ReactorUWP.core\ReactorUWP.core.csproj]
D:\fluentapps\repos\ReactorUWP.core\ReactorUWP.core\Charting\D3\Shape\Symbol.cs(38,39): error CS0246: 未能找到类型或命名空间名“Func<,,>”(是否缺少 using 指令或程序集引用?) [D:\fluentapps\repos\ReactorUWP.core\ReactorUWP.core\ReactorUWP.core.csproj]
D:\fluentapps\repos\ReactorUWP.core\ReactorUWP.core\Charting\D3\Shape\Symbol.cs(40,39): error CS0246: 未能找到类型或命名空间名“Func<,,>”(是否缺少 using 指令或程序集引用?) [D:\fluentapps\repos\ReactorUWP.core\ReactorUWP.core\ReactorUWP.core.csproj]
D:\fluentapps\repos\ReactorUWP.core\ReactorUWP.core\Charting\D3\Shape\Symbol.cs(19,13): error CS0246: 未能找到类型或命名空间名“Func<,,>”(是否缺少 using 指令或程序集引用?) [D:\fluentapps\repos\ReactorUWP.core\ReactorUWP.core\ReactorUWP.core.csproj]
D:\fluentapps\repos\ReactorUWP.core\ReactorUWP.core\Charting\D3\Shape\Symbol.cs(20,13): error CS0246: 未能找到类型或命名空间名“Func<,,>”(是否缺少 using 指令或程序集引用?) [D:\fluentapps\repos\ReactorUWP.core\ReactorUWP.core\ReactorUWP.core.csproj]
D:\fluentapps\repos\ReactorUWP.core\ReactorUWP.core\Charting\D3\Shape\Symbol.cs(23,28): error CS0246: 未能找到类型或命名空间名“Func<,,>”(是否缺少 using 指令或程序集引用?) [D:\fluentapps\repos\ReactorUWP.core\ReactorUWP.core\ReactorUWP.core.csproj]
D:\fluentapps\repos\ReactorUWP.core\ReactorUWP.core\Charting\D3\Shape\Symbol.cs(23,60): error CS0246: 未能找到类型或命名空间名“Func<,,>”(是否缺少 using 指令或程序集引用?) [D:\fluentapps\repos\ReactorUWP.core\ReactorUWP.core\ReactorUWP.core.csproj]
D:\fluentapps\repos\ReactorUWP.core\ReactorUWP.core\Charting\D3\Shape\Pie.cs(87,45): error CS0246: 未能找到类型或命名空间名“Func<,>”(是否缺少 using 指令或程序集引用?) [D:\fluentapps\repos\ReactorUWP.core\ReactorUWP.core\ReactorUWP.core.csproj]
D:\fluentapps\repos\ReactorUWP.core\ReactorUWP.core\Charting\D3\Shape\Pie.cs(91,43): error CS0246: 未能找到类型或命名空间名“IReadOnlyList<>”(是否缺少 using 指令或程序集引用?) [D:\fluentapps\repos\ReactorUWP.core\ReactorUWP.core\ReactorUWP.core.csproj]
D:\fluentapps\repos\ReactorUWP.core\ReactorUWP.core\Charting\D3\Shape\Pie.cs(91,66): error CS0246: 未能找到类型或命名空间名“Func<,>”(是否缺少 using 指令或程序集引用?) [D:\fluentapps\repos\ReactorUWP.core\ReactorUWP.core\ReactorUWP.core.csproj]
D:\fluentapps\repos\ReactorUWP.core\ReactorUWP.core\Charting\D3\Scale\OrdinalScale.cs(11,22): error CS0246: 未能找到类型或命名空间名“List<>”(是否缺少 using 指令或程序集引用?) [D:\fluentapps\repos\ReactorUWP.core\ReactorUWP.core\ReactorUWP.core.csproj]
D:\fluentapps\repos\ReactorUWP.core\ReactorUWP.core\Charting\D3\Scale\OrdinalScale.cs(12,22): error CS0246: 未能找到类型或命名空间名“Dictionary<,>”(是否缺少 using 指令或程序集引用?) [D:\fluentapps\repos\ReactorUWP.core\ReactorUWP.core\ReactorUWP.core.csproj]
D:\fluentapps\repos\ReactorUWP.core\ReactorUWP.core\Charting\D3\Shape\Radial.cs(24,29): error CS0246: 未能找到类型或命名空间名“IReadOnlyList<>”(是否缺少 using 指令或程序集引用?) [D:\fluentapps\repos\ReactorUWP.core\ReactorUWP.core\ReactorUWP.core.csproj]
D:\fluentapps\repos\ReactorUWP.core\ReactorUWP.core\Charting\D3\Scale\OrdinalScale.cs(19,25): error CS0246: 未能找到类型或命名空间名“IEnumerable<>”(是否缺少 using 指令或程序集引用?) [D:\fluentapps\repos\ReactorUWP.core\ReactorUWP.core\ReactorUWP.core.csproj]
D:\fluentapps\repos\ReactorUWP.core\ReactorUWP.core\Charting\D3\Shape\Radial.cs(57,44): error CS0246: 未能找到类型或命名空间名“Func<,,>”(是否缺少 using 指令或程序集引用?) [D:\fluentapps\repos\ReactorUWP.core\ReactorUWP.core\ReactorUWP.core.csproj]
D:\fluentapps\repos\ReactorUWP.core\ReactorUWP.core\Charting\D3\Shape\Radial.cs(58,45): error CS0246: 未能找到类型或命名空间名“Func<,,>”(是否缺少 using 指令或程序集引用?) [D:\fluentapps\repos\ReactorUWP.core\ReactorUWP.core\ReactorUWP.core.csproj]
D:\fluentapps\repos\ReactorUWP.core\ReactorUWP.core\Charting\D3\Shape\Radial.cs(59,46): error CS0246: 未能找到类型或命名空间名“Func<,,>”(是否缺少 using 指令或程序集引用?) [D:\fluentapps\repos\ReactorUWP.core\ReactorUWP.core\ReactorUWP.core.csproj]
D:\fluentapps\repos\ReactorUWP.core\ReactorUWP.core\Charting\D3\Shape\Radial.cs(11,13): error CS0246: 未能找到类型或命名空间名“Func<,,>”(是否缺少 using 指令或程序集引用?) [D:\fluentapps\repos\ReactorUWP.core\ReactorUWP.core\ReactorUWP.core.csproj]
D:\fluentapps\repos\ReactorUWP.core\ReactorUWP.core\Charting\D3\Scale\OrdinalScale.cs(109,57): error CS0246: 未能找到类型或命名空间名“IEnumerable<>”(是否缺少 using 指令或程序集引用?) [D:\fluentapps\repos\ReactorUWP.core\ReactorUWP.core\ReactorUWP.core.csproj]
D:\fluentapps\repos\ReactorUWP.core\ReactorUWP.core\Charting\D3\Shape\Radial.cs(12,13): error CS0246: 未能找到类型或命名空间名“Func<,,>”(是否缺少 using 指令或程序集引用?) [D:\fluentapps\repos\ReactorUWP.core\ReactorUWP.core\ReactorUWP.core.csproj]
D:\fluentapps\repos\ReactorUWP.core\ReactorUWP.core\Charting\D3\Shape\Radial.cs(13,13): error CS0246: 未能找到类型或命名空间名“Func<,,>”(是否缺少 using 指令或程序集引用?) [D:\fluentapps\repos\ReactorUWP.core\ReactorUWP.core\ReactorUWP.core.csproj]
D:\fluentapps\repos\ReactorUWP.core\ReactorUWP.core\Charting\D3\Shape\Radial.cs(17,32): error CS0246: 未能找到类型或命名空间名“Func<,,>”(是否缺少 using 指令或程序集引用?) [D:\fluentapps\repos\ReactorUWP.core\ReactorUWP.core\ReactorUWP.core.csproj]
D:\fluentapps\repos\ReactorUWP.core\ReactorUWP.core\Charting\D3\Shape\Radial.cs(17,60): error CS0246: 未能找到类型或命名空间名“Func<,,>”(是否缺少 using 指令或程序集引用?) [D:\fluentapps\repos\ReactorUWP.core\ReactorUWP.core\ReactorUWP.core.csproj]
D:\fluentapps\repos\ReactorUWP.core\ReactorUWP.core\Charting\D3\Shape\Radial.cs(88,29): error CS0246: 未能找到类型或命名空间名“IReadOnlyList<>”(是否缺少 using 指令或程序集引用?) [D:\fluentapps\repos\ReactorUWP.core\ReactorUWP.core\ReactorUWP.core.csproj]
D:\fluentapps\repos\ReactorUWP.core\ReactorUWP.core\Charting\D3\Scale\PowScale.cs(104,13): error CS0246: 未能找到类型或命名空间名“Func<,>”(是否缺少 using 指令或程序集引用?) [D:\fluentapps\repos\ReactorUWP.core\ReactorUWP.core\ReactorUWP.core.csproj]
D:\fluentapps\repos\ReactorUWP.core\ReactorUWP.core\Charting\D3\Shape\Radial.cs(136,44): error CS0246: 未能找到类型或命名空间名“Func<,,>”(是否缺少 using 指令或程序集引用?) [D:\fluentapps\repos\ReactorUWP.core\ReactorUWP.core\ReactorUWP.core.csproj]
D:\fluentapps\repos\ReactorUWP.core\ReactorUWP.core\Charting\D3\Shape\Radial.cs(137,49): error CS0246: 未能找到类型或命名空间名“Func<,,>”(是否缺少 using 指令或程序集引用?) [D:\fluentapps\repos\ReactorUWP.core\ReactorUWP.core\ReactorUWP.core.csproj]
D:\fluentapps\repos\ReactorUWP.core\ReactorUWP.core\Charting\D3\Scale\PowScale.cs(16,13): error CS0246: 未能找到类型或命名空间名“Func<,>”(是否缺少 using 指令或程序集引用?) [D:\fluentapps\repos\ReactorUWP.core\ReactorUWP.core\ReactorUWP.core.csproj]
D:\fluentapps\repos\ReactorUWP.core\ReactorUWP.core\Charting\D3\Shape\Radial.cs(138,47): error CS0246: 未能找到类型或命名空间名“Func<,,>”(是否缺少 using 指令或程序集引用?) [D:\fluentapps\repos\ReactorUWP.core\ReactorUWP.core\ReactorUWP.core.csproj]
D:\fluentapps\repos\ReactorUWP.core\ReactorUWP.core\Charting\D3\Scale\PowScale.cs(17,13): error CS0246: 未能找到类型或命名空间名“Func<,>”(是否缺少 using 指令或程序集引用?) [D:\fluentapps\repos\ReactorUWP.core\ReactorUWP.core\ReactorUWP.core.csproj]
D:\fluentapps\repos\ReactorUWP.core\ReactorUWP.core\Charting\D3\Shape\Radial.cs(139,50): error CS0246: 未能找到类型或命名空间名“Func<,,>”(是否缺少 using 指令或程序集引用?) [D:\fluentapps\repos\ReactorUWP.core\ReactorUWP.core\ReactorUWP.core.csproj]
D:\fluentapps\repos\ReactorUWP.core\ReactorUWP.core\Charting\D3\Shape\Radial.cs(140,50): error CS0246: 未能找到类型或命名空间名“Func<,,>”(是否缺少 using 指令或程序集引用?) [D:\fluentapps\repos\ReactorUWP.core\ReactorUWP.core\ReactorUWP.core.csproj]
D:\fluentapps\repos\ReactorUWP.core\ReactorUWP.core\Charting\D3\Shape\Radial.cs(141,46): error CS0246: 未能找到类型或命名空间名“Func<,,>”(是否缺少 using 指令或程序集引用?) [D:\fluentapps\repos\ReactorUWP.core\ReactorUWP.core\ReactorUWP.core.csproj]
D:\fluentapps\repos\ReactorUWP.core\ReactorUWP.core\Charting\D3\Shape\Radial.cs(70,13): error CS0246: 未能找到类型或命名空间名“Func<,,>”(是否缺少 using 指令或程序集引用?) [D:\fluentapps\repos\ReactorUWP.core\ReactorUWP.core\ReactorUWP.core.csproj]
D:\fluentapps\repos\ReactorUWP.core\ReactorUWP.core\Charting\D3\Shape\Radial.cs(71,13): error CS0246: 未能找到类型或命名空间名“Func<,,>”(是否缺少 using 指令或程序集引用?) [D:\fluentapps\repos\ReactorUWP.core\ReactorUWP.core\ReactorUWP.core.csproj]
D:\fluentapps\repos\ReactorUWP.core\ReactorUWP.core\Charting\D3\Shape\Radial.cs(72,13): error CS0246: 未能找到类型或命名空间名“Func<,,>”(是否缺少 using 指令或程序集引用?) [D:\fluentapps\repos\ReactorUWP.core\ReactorUWP.core\ReactorUWP.core.csproj]
D:\fluentapps\repos\ReactorUWP.core\ReactorUWP.core\Charting\D3\Voronoi\Delaunay.cs(48,33): error CS0246: 未能找到类型或命名空间名“IReadOnlyList<>”(是否缺少 using 指令或程序集引用?) [D:\fluentapps\repos\ReactorUWP.core\ReactorUWP.core\ReactorUWP.core.csproj]
D:\fluentapps\repos\ReactorUWP.core\ReactorUWP.core\Charting\D3\Shape\Radial.cs(73,13): error CS0246: 未能找到类型或命名空间名“Func<,,>”(是否缺少 using 指令或程序集引用?) [D:\fluentapps\repos\ReactorUWP.core\ReactorUWP.core\ReactorUWP.core.csproj]
D:\fluentapps\repos\ReactorUWP.core\ReactorUWP.core\Charting\D3\Shape\Radial.cs(74,13): error CS0246: 未能找到类型或命名空间名“Func<,,>”(是否缺少 using 指令或程序集引用?) [D:\fluentapps\repos\ReactorUWP.core\ReactorUWP.core\ReactorUWP.core.csproj]
D:\fluentapps\repos\ReactorUWP.core\ReactorUWP.core\Charting\D3\Voronoi\Delaunay.cs(224,12): error CS0246: 未能找到类型或命名空间名“IEnumerable<>”(是否缺少 using 指令或程序集引用?) [D:\fluentapps\repos\ReactorUWP.core\ReactorUWP.core\ReactorUWP.core.csproj]
D:\fluentapps\repos\ReactorUWP.core\ReactorUWP.core\Charting\D3\Shape\Radial.cs(78,9): error CS0246: 未能找到类型或命名空间名“Func<,,>”(是否缺少 using 指令或程序集引用?) [D:\fluentapps\repos\ReactorUWP.core\ReactorUWP.core\ReactorUWP.core.csproj]
D:\fluentapps\repos\ReactorUWP.core\ReactorUWP.core\Charting\D3\Shape\Radial.cs(79,9): error CS0246: 未能找到类型或命名空间名“Func<,,>”(是否缺少 using 指令或程序集引用?) [D:\fluentapps\repos\ReactorUWP.core\ReactorUWP.core\ReactorUWP.core.csproj]
D:\fluentapps\repos\ReactorUWP.core\ReactorUWP.core\Charting\D3\Shape\Radial.cs(80,9): error CS0246: 未能找到类型或命名空间名“Func<,,>”(是否缺少 using 指令或程序集引用?) [D:\fluentapps\repos\ReactorUWP.core\ReactorUWP.core\ReactorUWP.core.csproj]
D:\fluentapps\repos\ReactorUWP.core\ReactorUWP.core\Charting\D3\Shape\Radial.cs(189,45): error CS0246: 未能找到类型或命名空间名“Func<,>”(是否缺少 using 指令或程序集引用?) [D:\fluentapps\repos\ReactorUWP.core\ReactorUWP.core\ReactorUWP.core.csproj]
D:\fluentapps\repos\ReactorUWP.core\ReactorUWP.core\Charting\D3\Shape\Radial.cs(190,45): error CS0246: 未能找到类型或命名空间名“Func<,>”(是否缺少 using 指令或程序集引用?) [D:\fluentapps\repos\ReactorUWP.core\ReactorUWP.core\ReactorUWP.core.csproj]
D:\fluentapps\repos\ReactorUWP.core\ReactorUWP.core\Charting\D3\Shape\Radial.cs(151,13): error CS0246: 未能找到类型或命名空间名“Func<,>”(是否缺少 using 指令或程序集引用?) [D:\fluentapps\repos\ReactorUWP.core\ReactorUWP.core\ReactorUWP.core.csproj]
D:\fluentapps\repos\ReactorUWP.core\ReactorUWP.core\Charting\D3\Shape\Radial.cs(152,13): error CS0246: 未能找到类型或命名空间名“Func<,>”(是否缺少 using 指令或程序集引用?) [D:\fluentapps\repos\ReactorUWP.core\ReactorUWP.core\ReactorUWP.core.csproj]
D:\fluentapps\repos\ReactorUWP.core\ReactorUWP.core\Charting\D3\Voronoi\Delaunay.cs(420,53): error CS0246: 未能找到类型或命名空间名“List<>”(是否缺少 using 指令或程序集引用?) [D:\fluentapps\repos\ReactorUWP.core\ReactorUWP.core\ReactorUWP.core.csproj]
D:\fluentapps\repos\ReactorUWP.core\ReactorUWP.core\Charting\D3\Voronoi\Delaunay.cs(420,13): error CS0246: 未能找到类型或命名空间名“List<>”(是否缺少 using 指令或程序集引用?) [D:\fluentapps\repos\ReactorUWP.core\ReactorUWP.core\ReactorUWP.core.csproj]
D:\fluentapps\repos\ReactorUWP.core\ReactorUWP.core\Charting\D3\Shape\Radial.cs(156,9): error CS0246: 未能找到类型或命名空间名“Func<,>”(是否缺少 using 指令或程序集引用?) [D:\fluentapps\repos\ReactorUWP.core\ReactorUWP.core\ReactorUWP.core.csproj]
D:\fluentapps\repos\ReactorUWP.core\ReactorUWP.core\Charting\D3\Shape\Radial.cs(157,9): error CS0246: 未能找到类型或命名空间名“Func<,>”(是否缺少 using 指令或程序集引用?) [D:\fluentapps\repos\ReactorUWP.core\ReactorUWP.core\ReactorUWP.core.csproj]
D:\fluentapps\repos\ReactorUWP.core\ReactorUWP.core\Charting\D3\Voronoi\Delaunay.cs(431,51): error CS0246: 未能找到类型或命名空间名“List<>”(是否缺少 using 指令或程序集引用?) [D:\fluentapps\repos\ReactorUWP.core\ReactorUWP.core\ReactorUWP.core.csproj]
D:\fluentapps\repos\ReactorUWP.core\ReactorUWP.core\Charting\D3\Voronoi\Delaunay.cs(431,13): error CS0246: 未能找到类型或命名空间名“List<>”(是否缺少 using 指令或程序集引用?) [D:\fluentapps\repos\ReactorUWP.core\ReactorUWP.core\ReactorUWP.core.csproj]
D:\fluentapps\repos\ReactorUWP.core\ReactorUWP.core\Charting\D3\Shape\Radial.cs(201,52): error CS0246: 未能找到类型或命名空间名“Func<,>”(是否缺少 using 指令或程序集引用?) [D:\fluentapps\repos\ReactorUWP.core\ReactorUWP.core\ReactorUWP.core.csproj]
D:\fluentapps\repos\ReactorUWP.core\ReactorUWP.core\Charting\D3\Shape\Radial.cs(201,75): error CS0246: 未能找到类型或命名空间名“Func<,>”(是否缺少 using 指令或程序集引用?) [D:\fluentapps\repos\ReactorUWP.core\ReactorUWP.core\ReactorUWP.core.csproj]
D:\fluentapps\repos\ReactorUWP.core\ReactorUWP.core\Charting\D3\Shape\Radial.cs(209,9): error CS0246: 未能找到类型或命名空间名“Func<,>”(是否缺少 using 指令或程序集引用?) [D:\fluentapps\repos\ReactorUWP.core\ReactorUWP.core\ReactorUWP.core.csproj]
D:\fluentapps\repos\ReactorUWP.core\ReactorUWP.core\Charting\D3\Shape\Radial.cs(209,32): error CS0246: 未能找到类型或命名空间名“Func<,>”(是否缺少 using 指令或程序集引用?) [D:\fluentapps\repos\ReactorUWP.core\ReactorUWP.core\ReactorUWP.core.csproj]
D:\fluentapps\repos\ReactorUWP.core\ReactorUWP.core\Charting\D3\Shape\Radial.cs(209,61): error CS0246: 未能找到类型或命名空间名“Func<,>”(是否缺少 using 指令或程序集引用?) [D:\fluentapps\repos\ReactorUWP.core\ReactorUWP.core\ReactorUWP.core.csproj]
D:\fluentapps\repos\ReactorUWP.core\ReactorUWP.core\Charting\D3\Shape\Radial.cs(217,9): error CS0246: 未能找到类型或命名空间名“Func<,>”(是否缺少 using 指令或程序集引用?) [D:\fluentapps\repos\ReactorUWP.core\ReactorUWP.core\ReactorUWP.core.csproj]
D:\fluentapps\repos\ReactorUWP.core\ReactorUWP.core\Charting\D3\Shape\Radial.cs(217,36): error CS0246: 未能找到类型或命名空间名“Func<,>”(是否缺少 using 指令或程序集引用?) [D:\fluentapps\repos\ReactorUWP.core\ReactorUWP.core\ReactorUWP.core.csproj]
D:\fluentapps\repos\ReactorUWP.core\ReactorUWP.core\Charting\D3\Shape\Arc.cs(17,31): error CS0103: 当前上下文中不存在名称“Math” [D:\fluentapps\repos\ReactorUWP.core\ReactorUWP.core\ReactorUWP.core.csproj]
D:\fluentapps\repos\ReactorUWP.core\ReactorUWP.core\Core\Element.cs(3980,78): error CS0234: 命名空间“Windows.UI.Xaml.Controls”中不存在类型或命名空间名“ItemsRepeater”(是否缺少程序集引用?) [D:\fluentapps\repos\ReactorUWP.core\ReactorUWP.core\ReactorUWP.core.csproj]
D:\fluentapps\repos\ReactorUWP.core\ReactorUWP.core\Charting\D3\Shape\Area.cs(29,29): error CS0246: 未能找到类型或命名空间名“IReadOnlyList<>”(是否缺少 using 指令或程序集引用?) [D:\fluentapps\repos\ReactorUWP.core\ReactorUWP.core\ReactorUWP.core.csproj]
D:\fluentapps\repos\ReactorUWP.core\ReactorUWP.core\Charting\D3\Shape\Area.cs(77,34): error CS0246: 未能找到类型或命名空间名“Func<,,>”(是否缺少 using 指令或程序集引用?) [D:\fluentapps\repos\ReactorUWP.core\ReactorUWP.core\ReactorUWP.core.csproj]
D:\fluentapps\repos\ReactorUWP.core\ReactorUWP.core\Charting\D3\Shape\Area.cs(78,35): error CS0246: 未能找到类型或命名空间名“Func<,,>”(是否缺少 using 指令或程序集引用?) [D:\fluentapps\repos\ReactorUWP.core\ReactorUWP.core\ReactorUWP.core.csproj]
D:\fluentapps\repos\ReactorUWP.core\ReactorUWP.core\Charting\D3\Shape\Area.cs(79,35): error CS0246: 未能找到类型或命名空间名“Func<,,>”(是否缺少 using 指令或程序集引用?) [D:\fluentapps\repos\ReactorUWP.core\ReactorUWP.core\ReactorUWP.core.csproj]
D:\fluentapps\repos\ReactorUWP.core\ReactorUWP.core\Charting\D3\Shape\Area.cs(80,35): error CS0246: 未能找到类型或命名空间名“Func<,,>”(是否缺少 using 指令或程序集引用?) [D:\fluentapps\repos\ReactorUWP.core\ReactorUWP.core\ReactorUWP.core.csproj]
D:\fluentapps\repos\ReactorUWP.core\ReactorUWP.core\Charting\D3\Shape\Area.cs(81,35): error CS0246: 未能找到类型或命名空间名“Func<,,>”(是否缺少 using 指令或程序集引用?) [D:\fluentapps\repos\ReactorUWP.core\ReactorUWP.core\ReactorUWP.core.csproj]
D:\fluentapps\repos\ReactorUWP.core\ReactorUWP.core\Charting\D3\Shape\Area.cs(82,40): error CS0246: 未能找到类型或命名空间名“Func<,,>”(是否缺少 using 指令或程序集引用?) [D:\fluentapps\repos\ReactorUWP.core\ReactorUWP.core\ReactorUWP.core.csproj]
D:\fluentapps\repos\ReactorUWP.core\ReactorUWP.core\Charting\D3\Shape\Area.cs(11,13): error CS0246: 未能找到类型或命名空间名“Func<,,>”(是否缺少 using 指令或程序集引用?) [D:\fluentapps\repos\ReactorUWP.core\ReactorUWP.core\ReactorUWP.core.csproj]
D:\fluentapps\repos\ReactorUWP.core\ReactorUWP.core\Charting\D3\Shape\Area.cs(12,13): error CS0246: 未能找到类型或命名空间名“Func<,,>”(是否缺少 using 指令或程序集引用?) [D:\fluentapps\repos\ReactorUWP.core\ReactorUWP.core\ReactorUWP.core.csproj]
D:\fluentapps\repos\ReactorUWP.core\ReactorUWP.core\Charting\D3\Shape\Area.cs(13,13): error CS0246: 未能找到类型或命名空间名“Func<,,>”(是否缺少 using 指令或程序集引用?) [D:\fluentapps\repos\ReactorUWP.core\ReactorUWP.core\ReactorUWP.core.csproj]
D:\fluentapps\repos\ReactorUWP.core\ReactorUWP.core\Charting\D3\Shape\Area.cs(14,13): error CS0246: 未能找到类型或命名空间名“Func<,,>”(是否缺少 using 指令或程序集引用?) [D:\fluentapps\repos\ReactorUWP.core\ReactorUWP.core\ReactorUWP.core.csproj]
D:\fluentapps\repos\ReactorUWP.core\ReactorUWP.core\Charting\D3\Shape\Area.cs(15,13): error CS0246: 未能找到类型或命名空间名“Func<,,>”(是否缺少 using 指令或程序集引用?) [D:\fluentapps\repos\ReactorUWP.core\ReactorUWP.core\ReactorUWP.core.csproj]
D:\fluentapps\repos\ReactorUWP.core\ReactorUWP.core\Charting\D3\Shape\Area.cs(19,9): error CS0246: 未能找到类型或命名空间名“Func<,,>”(是否缺少 using 指令或程序集引用?) [D:\fluentapps\repos\ReactorUWP.core\ReactorUWP.core\ReactorUWP.core.csproj]
D:\fluentapps\repos\ReactorUWP.core\ReactorUWP.core\Charting\D3\Shape\Area.cs(20,9): error CS0246: 未能找到类型或命名空间名“Func<,,>”(是否缺少 using 指令或程序集引用?) [D:\fluentapps\repos\ReactorUWP.core\ReactorUWP.core\ReactorUWP.core.csproj]
D:\fluentapps\repos\ReactorUWP.core\ReactorUWP.core\Charting\D3\Shape\Area.cs(21,9): error CS0246: 未能找到类型或命名空间名“Func<,,>”(是否缺少 using 指令或程序集引用?) [D:\fluentapps\repos\ReactorUWP.core\ReactorUWP.core\ReactorUWP.core.csproj]
D:\fluentapps\repos\ReactorUWP.core\ReactorUWP.core\Core\Element.cs(4016,78): error CS0234: 命名空间“Windows.UI.Xaml.Controls”中不存在类型或命名空间名“ItemsRepeater”(是否缺少程序集引用?) [D:\fluentapps\repos\ReactorUWP.core\ReactorUWP.core\ReactorUWP.core.csproj]
D:\fluentapps\repos\ReactorUWP.core\ReactorUWP.core\Core\V1Protocol\ControlEventPayloads.cs(32,12): error CS0246: 未能找到类型或命名空间名“Action<,>”(是否缺少 using 指令或程序集引用?) [D:\fluentapps\repos\ReactorUWP.core\ReactorUWP.core\ReactorUWP.core.csproj]
D:\fluentapps\repos\ReactorUWP.core\ReactorUWP.core\Core\Reconciler.KeyedItemsBinding.cs(165,15): error CS0234: 命名空间“Windows.UI.Xaml.Controls”中不存在类型或命名空间名“ItemsRepeater”(是否缺少程序集引用?) [D:\fluentapps\repos\ReactorUWP.core\ReactorUWP.core\ReactorUWP.core.csproj]
D:\fluentapps\repos\ReactorUWP.core\ReactorUWP.core\Core\V1Protocol\ControlEventPayloads.cs(38,12): error CS0246: 未能找到类型或命名空间名“Action<,>”(是否缺少 using 指令或程序集引用?) [D:\fluentapps\repos\ReactorUWP.core\ReactorUWP.core\ReactorUWP.core.csproj]
D:\fluentapps\repos\ReactorUWP.core\ReactorUWP.core\Core\Reconciler.KeyedItemsBinding.cs(221,15): error CS0234: 命名空间“Windows.UI.Xaml.Controls”中不存在类型或命名空间名“ItemsRepeater”(是否缺少程序集引用?) [D:\fluentapps\repos\ReactorUWP.core\ReactorUWP.core\ReactorUWP.core.csproj]
D:\fluentapps\repos\ReactorUWP.core\ReactorUWP.core\Core\Reconciler.KeyedItemsBinding.cs(252,15): error CS0234: 命名空间“Windows.UI.Xaml.Controls”中不存在类型或命名空间名“ItemsView”(是否缺少程序集引用?) [D:\fluentapps\repos\ReactorUWP.core\ReactorUWP.core\ReactorUWP.core.csproj]
D:\fluentapps\repos\ReactorUWP.core\ReactorUWP.core\Core\V1Protocol\ControlEventPayloads.cs(44,12): error CS0246: 未能找到类型或命名空间名“Action<,>”(是否缺少 using 指令或程序集引用?) [D:\fluentapps\repos\ReactorUWP.core\ReactorUWP.core\ReactorUWP.core.csproj]
D:\fluentapps\repos\ReactorUWP.core\ReactorUWP.core\Core\Reconciler.KeyedItemsBinding.cs(294,15): error CS0234: 命名空间“Windows.UI.Xaml.Controls”中不存在类型或命名空间名“ItemsView”(是否缺少程序集引用?) [D:\fluentapps\repos\ReactorUWP.core\ReactorUWP.core\ReactorUWP.core.csproj]
D:\fluentapps\repos\ReactorUWP.core\ReactorUWP.core\Core\Reconciler.KeyedItemsBinding.cs(295,15): error CS0234: 命名空间“Windows.UI.Xaml.Controls”中不存在类型或命名空间名“ItemsRepeater”(是否缺少程序集引用?) [D:\fluentapps\repos\ReactorUWP.core\ReactorUWP.core\ReactorUWP.core.csproj]
D:\fluentapps\repos\ReactorUWP.core\ReactorUWP.core\Core\V1Protocol\ControlEventPayloads.cs(46,12): error CS0246: 未能找到类型或命名空间名“Action<,>”(是否缺少 using 指令或程序集引用?) [D:\fluentapps\repos\ReactorUWP.core\ReactorUWP.core\ReactorUWP.core.csproj]
D:\fluentapps\repos\ReactorUWP.core\ReactorUWP.core\Core\V1Protocol\ControlEventPayloads.cs(59,12): error CS0246: 未能找到类型或命名空间名“Action<,>”(是否缺少 using 指令或程序集引用?) [D:\fluentapps\repos\ReactorUWP.core\ReactorUWP.core\ReactorUWP.core.csproj]
D:\fluentapps\repos\ReactorUWP.core\ReactorUWP.core\Core\V1Protocol\ControlEventPayloads.cs(61,12): error CS0246: 未能找到类型或命名空间名“Action<,>”(是否缺少 using 指令或程序集引用?) [D:\fluentapps\repos\ReactorUWP.core\ReactorUWP.core\ReactorUWP.core.csproj]
D:\fluentapps\repos\ReactorUWP.core\ReactorUWP.core\Core\Element.cs(4070,18): error CS0234: 命名空间“Windows.UI.Xaml.Controls”中不存在类型或命名空间名“Layout”(是否缺少程序集引用?) [D:\fluentapps\repos\ReactorUWP.core\ReactorUWP.core\ReactorUWP.core.csproj]
D:\fluentapps\repos\ReactorUWP.core\ReactorUWP.core\Core\Reconciler.Mount.cs(254,70): error CS0234: 命名空间“Windows.UI.Xaml.Controls”中不存在类型或命名空间名“NumberBox”(是否缺少程序集引用?) [D:\fluentapps\repos\ReactorUWP.core\ReactorUWP.core\ReactorUWP.core.csproj]
D:\fluentapps\repos\ReactorUWP.core\ReactorUWP.core\Core\V1Protocol\ControlEventPayloads.cs(67,12): error CS0246: 未能找到类型或命名空间名“Action<,>”(是否缺少 using 指令或程序集引用?) [D:\fluentapps\repos\ReactorUWP.core\ReactorUWP.core\ReactorUWP.core.csproj]
D:\fluentapps\repos\ReactorUWP.core\ReactorUWP.core\Core\Reconciler.Mount.cs(281,68): error CS0234: 命名空间“Windows.UI.Xaml.Controls”中不存在类型或命名空间名“NumberBox”(是否缺少程序集引用?) [D:\fluentapps\repos\ReactorUWP.core\ReactorUWP.core\ReactorUWP.core.csproj]
D:\fluentapps\repos\ReactorUWP.core\ReactorUWP.core\Core\Element.cs(4072,27): error CS0234: 命名空间“Windows.UI.Xaml.Controls”中不存在类型或命名空间名“ItemsRepeater”(是否缺少程序集引用?) [D:\fluentapps\repos\ReactorUWP.core\ReactorUWP.core\ReactorUWP.core.csproj]
D:\fluentapps\repos\ReactorUWP.core\ReactorUWP.core\Core\V1Protocol\ControlEventPayloads.cs(72,82): error CS0234: 命名空间“Windows.UI.Xaml.Controls”中不存在类型或命名空间名“ScrollView”(是否缺少程序集引用?) [D:\fluentapps\repos\ReactorUWP.core\ReactorUWP.core\ReactorUWP.core.csproj]
D:\fluentapps\repos\ReactorUWP.core\ReactorUWP.core\Core\V1Protocol\ControlEventPayloads.cs(209,34): error CS0234: 命名空间“Windows.UI.Xaml.Controls”中不存在类型或命名空间名“Expander”(是否缺少程序集引用?) [D:\fluentapps\repos\ReactorUWP.core\ReactorUWP.core\ReactorUWP.core.csproj]
D:\fluentapps\repos\ReactorUWP.core\ReactorUWP.core\Core\V1Protocol\ControlEventPayloads.cs(210,34): error CS0234: 命名空间“Windows.UI.Xaml.Controls”中不存在类型或命名空间名“ExpanderExpandingEventArgs”(是否缺少程序集引用?) [D:\fluentapps\repos\ReactorUWP.core\ReactorUWP.core\ReactorUWP.core.csproj]
D:\fluentapps\repos\ReactorUWP.core\ReactorUWP.core\Core\V1Protocol\ControlEventPayloads.cs(73,12): error CS0246: 未能找到类型或命名空间名“Action<,>”(是否缺少 using 指令或程序集引用?) [D:\fluentapps\repos\ReactorUWP.core\ReactorUWP.core\ReactorUWP.core.csproj]
D:\fluentapps\repos\ReactorUWP.core\ReactorUWP.core\Core\V1Protocol\ControlEventPayloads.cs(212,34): error CS0234: 命名空间“Windows.UI.Xaml.Controls”中不存在类型或命名空间名“Expander”(是否缺少程序集引用?) [D:\fluentapps\repos\ReactorUWP.core\ReactorUWP.core\ReactorUWP.core.csproj]
D:\fluentapps\repos\ReactorUWP.core\ReactorUWP.core\Core\V1Protocol\ControlEventPayloads.cs(213,34): error CS0234: 命名空间“Windows.UI.Xaml.Controls”中不存在类型或命名空间名“ExpanderCollapsedEventArgs”(是否缺少程序集引用?) [D:\fluentapps\repos\ReactorUWP.core\ReactorUWP.core\ReactorUWP.core.csproj]
D:\fluentapps\repos\ReactorUWP.core\ReactorUWP.core\Core\V1Protocol\ControlEventPayloads.cs(78,82): error CS0234: 命名空间“Windows.UI.Xaml.Controls”中不存在类型或命名空间名“NumberBox”(是否缺少程序集引用?) [D:\fluentapps\repos\ReactorUWP.core\ReactorUWP.core\ReactorUWP.core.csproj]
D:\fluentapps\repos\ReactorUWP.core\ReactorUWP.core\Core\V1Protocol\ControlEventPayloads.cs(78,118): error CS0234: 命名空间“Windows.UI.Xaml.Controls”中不存在类型或命名空间名“NumberBoxValueChangedEventArgs”(是否缺少程序集引用?) [D:\fluentapps\repos\ReactorUWP.core\ReactorUWP.core\ReactorUWP.core.csproj]
D:\fluentapps\repos\ReactorUWP.core\ReactorUWP.core\Core\V1Protocol\ControlEventPayloads.cs(79,12): error CS0246: 未能找到类型或命名空间名“Action<,>”(是否缺少 using 指令或程序集引用?) [D:\fluentapps\repos\ReactorUWP.core\ReactorUWP.core\ReactorUWP.core.csproj]
D:\fluentapps\repos\ReactorUWP.core\ReactorUWP.core\Core\V1Protocol\ControlEventPayloads.cs(79,53): error CS0234: 命名空间“Windows.UI.Xaml.Controls”中不存在类型或命名空间名“NumberBoxValueChangedEventArgs”(是否缺少程序集引用?) [D:\fluentapps\repos\ReactorUWP.core\ReactorUWP.core\ReactorUWP.core.csproj]
D:\fluentapps\repos\ReactorUWP.core\ReactorUWP.core\Core\Reconciler.Mount.cs(721,26): error CS0234: 命名空间“Windows.UI.Xaml.Controls”中不存在类型或命名空间名“Layout”(是否缺少程序集引用?) [D:\fluentapps\repos\ReactorUWP.core\ReactorUWP.core\ReactorUWP.core.csproj]
D:\fluentapps\repos\ReactorUWP.core\ReactorUWP.core\Core\Element.cs(4077,78): error CS0234: 命名空间“Windows.UI.Xaml.Controls”中不存在类型或命名空间名“ItemsRepeater”(是否缺少程序集引用?) [D:\fluentapps\repos\ReactorUWP.core\ReactorUWP.core\ReactorUWP.core.csproj]
D:\fluentapps\repos\ReactorUWP.core\ReactorUWP.core\Core\V1Protocol\ControlEventPayloads.cs(240,34): error CS0234: 命名空间“Windows.UI.Xaml.Controls”中不存在类型或命名空间名“InfoBar”(是否缺少程序集引用?) [D:\fluentapps\repos\ReactorUWP.core\ReactorUWP.core\ReactorUWP.core.csproj]
D:\fluentapps\repos\ReactorUWP.core\ReactorUWP.core\Core\V1Protocol\ControlEventPayloads.cs(241,34): error CS0234: 命名空间“Windows.UI.Xaml.Controls”中不存在类型或命名空间名“InfoBarClosedEventArgs”(是否缺少程序集引用?) [D:\fluentapps\repos\ReactorUWP.core\ReactorUWP.core\ReactorUWP.core.csproj]
D:\fluentapps\repos\ReactorUWP.core\ReactorUWP.core\Core\V1Protocol\ControlEventPayloads.cs(106,12): error CS0246: 未能找到类型或命名空间名“Action<,>”(是否缺少 using 指令或程序集引用?) [D:\fluentapps\repos\ReactorUWP.core\ReactorUWP.core\ReactorUWP.core.csproj]
D:\fluentapps\repos\ReactorUWP.core\ReactorUWP.core\Core\V1Protocol\ControlEventPayloads.cs(251,34): error CS0234: 命名空间“Windows.UI.Xaml.Controls”中不存在类型或命名空间名“TeachingTip”(是否缺少程序集引用?) [D:\fluentapps\repos\ReactorUWP.core\ReactorUWP.core\ReactorUWP.core.csproj]
D:\fluentapps\repos\ReactorUWP.core\ReactorUWP.core\Core\V1Protocol\ControlEventPayloads.cs(252,34): error CS0234: 命名空间“Windows.UI.Xaml.Controls”中不存在类型或命名空间名“TeachingTipClosedEventArgs”(是否缺少程序集引用?) [D:\fluentapps\repos\ReactorUWP.core\ReactorUWP.core\ReactorUWP.core.csproj]
D:\fluentapps\repos\ReactorUWP.core\ReactorUWP.core\Core\V1Protocol\ControlEventPayloads.cs(254,34): error CS0234: 命名空间“Windows.UI.Xaml.Controls”中不存在类型或命名空间名“TeachingTip”(是否缺少程序集引用?) [D:\fluentapps\repos\ReactorUWP.core\ReactorUWP.core\ReactorUWP.core.csproj]
D:\fluentapps\repos\ReactorUWP.core\ReactorUWP.core\Core\Element.cs(4087,60): error CS0234: 命名空间“Windows.UI.Xaml.Controls”中不存在类型或命名空间名“ItemsRepeater”(是否缺少程序集引用?) [D:\fluentapps\repos\ReactorUWP.core\ReactorUWP.core\ReactorUWP.core.csproj]
D:\fluentapps\repos\ReactorUWP.core\ReactorUWP.core\Core\V1Protocol\ControlEventPayloads.cs(265,34): error CS0234: 命名空间“Windows.UI.Xaml.Controls”中不存在类型或命名空间名“PipsPager”(是否缺少程序集引用?) [D:\fluentapps\repos\ReactorUWP.core\ReactorUWP.core\ReactorUWP.core.csproj]
D:\fluentapps\repos\ReactorUWP.core\ReactorUWP.core\Core\V1Protocol\ControlEventPayloads.cs(266,34): error CS0234: 命名空间“Windows.UI.Xaml.Controls”中不存在类型或命名空间名“PipsPagerSelectedIndexChangedEventArgs”(是否缺少程序集引用?) [D:\fluentapps\repos\ReactorUWP.core\ReactorUWP.core\ReactorUWP.core.csproj]
D:\fluentapps\repos\ReactorUWP.core\ReactorUWP.core\Core\V1Protocol\ControlEventPayloads.cs(396,34): error CS0234: 命名空间“Windows.UI.Xaml.Controls”中不存在类型或命名空间名“BreadcrumbBar”(是否缺少程序集引用?) [D:\fluentapps\repos\ReactorUWP.core\ReactorUWP.core\ReactorUWP.core.csproj]
D:\fluentapps\repos\ReactorUWP.core\ReactorUWP.core\Core\V1Protocol\ControlEventPayloads.cs(397,34): error CS0234: 命名空间“Windows.UI.Xaml.Controls”中不存在类型或命名空间名“BreadcrumbBarItemClickedEventArgs”(是否缺少程序集引用?) [D:\fluentapps\repos\ReactorUWP.core\ReactorUWP.core\ReactorUWP.core.csproj]
D:\fluentapps\repos\ReactorUWP.core\ReactorUWP.core\Core\V1Protocol\ControlEventPayloads.cs(304,34): error CS0234: 命名空间“Windows.UI.Xaml.Controls”中不存在类型或命名空间名“ItemsView”(是否缺少程序集引用?) [D:\fluentapps\repos\ReactorUWP.core\ReactorUWP.core\ReactorUWP.core.csproj]
D:\fluentapps\repos\ReactorUWP.core\ReactorUWP.core\Core\V1Protocol\ControlEventPayloads.cs(305,34): error CS0234: 命名空间“Windows.UI.Xaml.Controls”中不存在类型或命名空间名“ItemsViewItemInvokedEventArgs”(是否缺少程序集引用?) [D:\fluentapps\repos\ReactorUWP.core\ReactorUWP.core\ReactorUWP.core.csproj]
D:\fluentapps\repos\ReactorUWP.core\ReactorUWP.core\Core\V1Protocol\ControlEventPayloads.cs(307,34): error CS0234: 命名空间“Windows.UI.Xaml.Controls”中不存在类型或命名空间名“ItemsView”(是否缺少程序集引用?) [D:\fluentapps\repos\ReactorUWP.core\ReactorUWP.core\ReactorUWP.core.csproj]
D:\fluentapps\repos\ReactorUWP.core\ReactorUWP.core\Core\V1Protocol\ControlEventPayloads.cs(308,34): error CS0234: 命名空间“Windows.UI.Xaml.Controls”中不存在类型或命名空间名“ItemsViewSelectionChangedEventArgs”(是否缺少程序集引用?) [D:\fluentapps\repos\ReactorUWP.core\ReactorUWP.core\ReactorUWP.core.csproj]
D:\fluentapps\repos\ReactorUWP.core\ReactorUWP.core\Core\V1Protocol\ControlEventPayloads.cs(318,34): error CS0234: 命名空间“Windows.UI.Xaml.Controls”中不存在类型或命名空间名“SelectorBar”(是否缺少程序集引用?) [D:\fluentapps\repos\ReactorUWP.core\ReactorUWP.core\ReactorUWP.core.csproj]
D:\fluentapps\repos\ReactorUWP.core\ReactorUWP.core\Core\V1Protocol\ControlEventPayloads.cs(319,34): error CS0234: 命名空间“Windows.UI.Xaml.Controls”中不存在类型或命名空间名“SelectorBarSelectionChangedEventArgs”(是否缺少程序集引用?) [D:\fluentapps\repos\ReactorUWP.core\ReactorUWP.core\ReactorUWP.core.csproj]
D:\fluentapps\repos\ReactorUWP.core\ReactorUWP.core\Core\V1Protocol\ControlEventPayloads.cs(412,34): error CS0234: 命名空间“Windows.UI.Xaml.Controls”中不存在类型或命名空间名“WebView2”(是否缺少程序集引用?) [D:\fluentapps\repos\ReactorUWP.core\ReactorUWP.core\ReactorUWP.core.csproj]
D:\fluentapps\repos\ReactorUWP.core\ReactorUWP.core\Core\V1Protocol\ControlEventPayloads.cs(415,34): error CS0234: 命名空间“Windows.UI.Xaml.Controls”中不存在类型或命名空间名“WebView2”(是否缺少程序集引用?) [D:\fluentapps\repos\ReactorUWP.core\ReactorUWP.core\ReactorUWP.core.csproj]
D:\fluentapps\repos\ReactorUWP.core\ReactorUWP.core\Core\V1Protocol\ControlEventPayloads.cs(418,34): error CS0234: 命名空间“Windows.UI.Xaml.Controls”中不存在类型或命名空间名“WebView2”(是否缺少程序集引用?) [D:\fluentapps\repos\ReactorUWP.core\ReactorUWP.core\ReactorUWP.core.csproj]
D:\fluentapps\repos\ReactorUWP.core\ReactorUWP.core\Core\V1Protocol\ControlEventPayloads.cs(421,34): error CS0234: 命名空间“Windows.UI.Xaml.Controls”中不存在类型或命名空间名“WebView2”(是否缺少程序集引用?) [D:\fluentapps\repos\ReactorUWP.core\ReactorUWP.core\ReactorUWP.core.csproj]
D:\fluentapps\repos\ReactorUWP.core\ReactorUWP.core\Core\V1Protocol\ControlEventPayloads.cs(422,34): error CS0234: 命名空间“Windows.UI.Xaml.Controls”中不存在类型或命名空间名“CoreWebView2InitializedEventArgs”(是否缺少程序集引用?) [D:\fluentapps\repos\ReactorUWP.core\ReactorUWP.core\ReactorUWP.core.csproj]
D:\fluentapps\repos\ReactorUWP.core\ReactorUWP.core\Core\V1Protocol\ControlEventPayloads.cs(352,34): error CS0234: 命名空间“Windows.UI.Xaml.Controls”中不存在类型或命名空间名“TabView”(是否缺少程序集引用?) [D:\fluentapps\repos\ReactorUWP.core\ReactorUWP.core\ReactorUWP.core.csproj]
D:\fluentapps\repos\ReactorUWP.core\ReactorUWP.core\Core\V1Protocol\ControlEventPayloads.cs(353,34): error CS0234: 命名空间“Windows.UI.Xaml.Controls”中不存在类型或命名空间名“TabViewTabCloseRequestedEventArgs”(是否缺少程序集引用?) [D:\fluentapps\repos\ReactorUWP.core\ReactorUWP.core\ReactorUWP.core.csproj]
D:\fluentapps\repos\ReactorUWP.core\ReactorUWP.core\Core\Element.cs(4122,78): error CS0234: 命名空间“Windows.UI.Xaml.Controls”中不存在类型或命名空间名“ItemsRepeater”(是否缺少程序集引用?) [D:\fluentapps\repos\ReactorUWP.core\ReactorUWP.core\ReactorUWP.core.csproj]
D:\fluentapps\repos\ReactorUWP.core\ReactorUWP.core\Core\V1Protocol\ControlEventPayloads.cs(355,34): error CS0234: 命名空间“Windows.UI.Xaml.Controls”中不存在类型或命名空间名“TabView”(是否缺少程序集引用?) [D:\fluentapps\repos\ReactorUWP.core\ReactorUWP.core\ReactorUWP.core.csproj]
D:\fluentapps\repos\ReactorUWP.core\ReactorUWP.core\Core\V1Protocol\ControlEventPayloads.cs(428,82): error CS0234: 命名空间“Windows.UI.Xaml.Controls”中不存在类型或命名空间名“TitleBar”(是否缺少程序集引用?) [D:\fluentapps\repos\ReactorUWP.core\ReactorUWP.core\ReactorUWP.core.csproj]
D:\fluentapps\repos\ReactorUWP.core\ReactorUWP.core\Core\V1Protocol\ControlEventPayloads.cs(429,82): error CS0234: 命名空间“Windows.UI.Xaml.Controls”中不存在类型或命名空间名“TitleBar”(是否缺少程序集引用?) [D:\fluentapps\repos\ReactorUWP.core\ReactorUWP.core\ReactorUWP.core.csproj]
D:\fluentapps\repos\ReactorUWP.core\ReactorUWP.core\Core\V1Protocol\ControlEventPayloads.cs(361,34): error CS0234: 命名空间“Windows.UI.Xaml.Controls”中不存在类型或命名空间名“TabView”(是否缺少程序集引用?) [D:\fluentapps\repos\ReactorUWP.core\ReactorUWP.core\ReactorUWP.core.csproj]
D:\fluentapps\repos\ReactorUWP.core\ReactorUWP.core\Core\V1Protocol\ControlEventPayloads.cs(362,34): error CS0234: 命名空间“Windows.UI.Xaml.Controls”中不存在类型或命名空间名“TabViewTabDragStartingEventArgs”(是否缺少程序集引用?) [D:\fluentapps\repos\ReactorUWP.core\ReactorUWP.core\ReactorUWP.core.csproj]
D:\fluentapps\repos\ReactorUWP.core\ReactorUWP.core\Core\V1Protocol\ControlEventPayloads.cs(364,34): error CS0234: 命名空间“Windows.UI.Xaml.Controls”中不存在类型或命名空间名“TabView”(是否缺少程序集引用?) [D:\fluentapps\repos\ReactorUWP.core\ReactorUWP.core\ReactorUWP.core.csproj]
D:\fluentapps\repos\ReactorUWP.core\ReactorUWP.core\Core\V1Protocol\ControlEventPayloads.cs(365,34): error CS0234: 命名空间“Windows.UI.Xaml.Controls”中不存在类型或命名空间名“TabViewTabDragCompletedEventArgs”(是否缺少程序集引用?) [D:\fluentapps\repos\ReactorUWP.core\ReactorUWP.core\ReactorUWP.core.csproj]
D:\fluentapps\repos\ReactorUWP.core\ReactorUWP.core\Core\V1Protocol\ControlEventPayloads.cs(452,12): error CS0246: 未能找到类型或命名空间名“List<>”(是否缺少 using 指令或程序集引用?) [D:\fluentapps\repos\ReactorUWP.core\ReactorUWP.core\ReactorUWP.core.csproj]
D:\fluentapps\repos\ReactorUWP.core\ReactorUWP.core\Core\V1Protocol\ControlEventPayloads.cs(452,17): error CS0246: 未能找到类型或命名空间名“Delegate”(是否缺少 using 指令或程序集引用?) [D:\fluentapps\repos\ReactorUWP.core\ReactorUWP.core\ReactorUWP.core.csproj]
D:\fluentapps\repos\ReactorUWP.core\ReactorUWP.core\Core\Reconciler.Update.cs(1203,53): error CS0234: 命名空间“Windows.UI.Xaml.Controls”中不存在类型或命名空间名“ItemsRepeater”(是否缺少程序集引用?) [D:\fluentapps\repos\ReactorUWP.core\ReactorUWP.core\ReactorUWP.core.csproj]
D:\fluentapps\repos\ReactorUWP.core\ReactorUWP.core\Core\V1Protocol\LazyStackLifecycle.cs(102,83): error CS0234: 命名空间“Windows.UI.Xaml.Controls”中不存在类型或命名空间名“ItemsRepeater”(是否缺少程序集引用?) [D:\fluentapps\repos\ReactorUWP.core\ReactorUWP.core\ReactorUWP.core.csproj]
D:\fluentapps\repos\ReactorUWP.core\ReactorUWP.core\Core\V1Protocol\Descriptor\Descriptors\AnimatedIconDescriptor.cs(30,73): error CS0234: 命名空间“Windows.UI.Xaml.Controls”中不存在类型或命名空间名“AnimatedIcon”(是否缺少程序集引用?) [D:\fluentapps\repos\ReactorUWP.core\ReactorUWP.core\ReactorUWP.core.csproj]
D:\fluentapps\repos\ReactorUWP.core\ReactorUWP.core\Core\V1Protocol\Descriptor\Descriptors\AnimatedIconDescriptor.cs(55,52): error CS0234: 命名空间“Windows.UI.Xaml.Controls”中不存在类型或命名空间名“AnimatedIcon”(是否缺少程序集引用?) [D:\fluentapps\repos\ReactorUWP.core\ReactorUWP.core\ReactorUWP.core.csproj]
D:\fluentapps\repos\ReactorUWP.core\ReactorUWP.core\Core\V1Protocol\Descriptor\Descriptors\AnimatedVisualPlayerDescriptor.cs(17,81): error CS0234: 命名空间“Windows.UI.Xaml.Controls”中不存在类型或命名空间名“AnimatedVisualPlayer”(是否缺少程序集引用?) [D:\fluentapps\repos\ReactorUWP.core\ReactorUWP.core\ReactorUWP.core.csproj]
D:\fluentapps\repos\ReactorUWP.core\ReactorUWP.core\Core\V1Protocol\Descriptor\Descriptors\AnimatedVisualPlayerDescriptor.cs(34,60): error CS0234: 命名空间“Windows.UI.Xaml.Controls”中不存在类型或命名空间名“AnimatedVisualPlayer”(是否缺少程序集引用?) [D:\fluentapps\repos\ReactorUWP.core\ReactorUWP.core\ReactorUWP.core.csproj]
D:\fluentapps\repos\ReactorUWP.core\ReactorUWP.core\Core\V1Protocol\Descriptor\Descriptors\AnnotatedScrollBarDescriptor.cs(17,79): error CS0234: 命名空间“Windows.UI.Xaml.Controls”中不存在类型或命名空间名“AnnotatedScrollBar”(是否缺少程序集引用?) [D:\fluentapps\repos\ReactorUWP.core\ReactorUWP.core\ReactorUWP.core.csproj]
D:\fluentapps\repos\ReactorUWP.core\ReactorUWP.core\Core\V1Protocol\Descriptor\Descriptors\AnnotatedScrollBarDescriptor.cs(31,58): error CS0234: 命名空间“Windows.UI.Xaml.Controls”中不存在类型或命名空间名“AnnotatedScrollBar”(是否缺少程序集引用?) [D:\fluentapps\repos\ReactorUWP.core\ReactorUWP.core\ReactorUWP.core.csproj]
D:\fluentapps\repos\ReactorUWP.core\ReactorUWP.core\Core\V1Protocol\Descriptor\Descriptors\BreadcrumbBarDescriptor.cs(32,53): error CS0234: 命名空间“Windows.UI.Xaml.Controls”中不存在类型或命名空间名“BreadcrumbBar”(是否缺少程序集引用?) [D:\fluentapps\repos\ReactorUWP.core\ReactorUWP.core\ReactorUWP.core.csproj]
D:\fluentapps\repos\ReactorUWP.core\ReactorUWP.core\Core\V1Protocol\Descriptor\Descriptors\BreadcrumbBarDescriptor.cs(32,74): error CS0234: 命名空间“Windows.UI.Xaml.Controls”中不存在类型或命名空间名“BreadcrumbBarItemClickedEventArgs”(是否缺少程序集引用?) [D:\fluentapps\repos\ReactorUWP.core\ReactorUWP.core\ReactorUWP.core.csproj]
D:\fluentapps\repos\ReactorUWP.core\ReactorUWP.core\Core\V1Protocol\Descriptor\Descriptors\BreadcrumbBarDescriptor.cs(41,74): error CS0234: 命名空间“Windows.UI.Xaml.Controls”中不存在类型或命名空间名“BreadcrumbBar”(是否缺少程序集引用?) [D:\fluentapps\repos\ReactorUWP.core\ReactorUWP.core\ReactorUWP.core.csproj]
D:\fluentapps\repos\ReactorUWP.core\ReactorUWP.core\Core\V1Protocol\Descriptor\Descriptors\BreadcrumbBarDescriptor.cs(65,53): error CS0234: 命名空间“Windows.UI.Xaml.Controls”中不存在类型或命名空间名“BreadcrumbBar”(是否缺少程序集引用?) [D:\fluentapps\repos\ReactorUWP.core\ReactorUWP.core\ReactorUWP.core.csproj]
D:\fluentapps\repos\ReactorUWP.core\ReactorUWP.core\Core\V1Protocol\Descriptor\Descriptors\ExpanderDescriptor.cs(51,66): error CS0234: 命名空间“Windows.UI.Xaml.Controls”中不存在类型或命名空间名“Expander”(是否缺少程序集引用?) [D:\fluentapps\repos\ReactorUWP.core\ReactorUWP.core\ReactorUWP.core.csproj]
D:\fluentapps\repos\ReactorUWP.core\ReactorUWP.core\Core\V1Protocol\Descriptor\Descriptors\ExpanderDescriptor.cs(62,53): error CS0234: 命名空间“Windows.UI.Xaml.Controls”中不存在类型或命名空间名“Expander”(是否缺少程序集引用?) [D:\fluentapps\repos\ReactorUWP.core\ReactorUWP.core\ReactorUWP.core.csproj]
D:\fluentapps\repos\ReactorUWP.core\ReactorUWP.core\Core\V1Protocol\Descriptor\Descriptors\ExpanderDescriptor.cs(62,69): error CS0234: 命名空间“Windows.UI.Xaml.Controls”中不存在类型或命名空间名“ExpanderExpandingEventArgs”(是否缺少程序集引用?) [D:\fluentapps\repos\ReactorUWP.core\ReactorUWP.core\ReactorUWP.core.csproj]
D:\fluentapps\repos\ReactorUWP.core\ReactorUWP.core\Core\V1Protocol\Descriptor\Descriptors\ExpanderDescriptor.cs(70,53): error CS0234: 命名空间“Windows.UI.Xaml.Controls”中不存在类型或命名空间名“Expander”(是否缺少程序集引用?) [D:\fluentapps\repos\ReactorUWP.core\ReactorUWP.core\ReactorUWP.core.csproj]
D:\fluentapps\repos\ReactorUWP.core\ReactorUWP.core\Core\V1Protocol\Descriptor\Descriptors\ExpanderDescriptor.cs(70,69): error CS0234: 命名空间“Windows.UI.Xaml.Controls”中不存在类型或命名空间名“ExpanderCollapsedEventArgs”(是否缺少程序集引用?) [D:\fluentapps\repos\ReactorUWP.core\ReactorUWP.core\ReactorUWP.core.csproj]
D:\fluentapps\repos\ReactorUWP.core\ReactorUWP.core\Core\V1Protocol\Descriptor\Descriptors\ExpanderDescriptor.cs(78,69): error CS0234: 命名空间“Windows.UI.Xaml.Controls”中不存在类型或命名空间名“Expander”(是否缺少程序集引用?) [D:\fluentapps\repos\ReactorUWP.core\ReactorUWP.core\ReactorUWP.core.csproj]
D:\fluentapps\repos\ReactorUWP.core\ReactorUWP.core\Core\V1Protocol\Descriptor\Descriptors\InfoBadgeDescriptor.cs(30,70): error CS0234: 命名空间“Windows.UI.Xaml.Controls”中不存在类型或命名空间名“InfoBadge”(是否缺少程序集引用?) [D:\fluentapps\repos\ReactorUWP.core\ReactorUWP.core\ReactorUWP.core.csproj]
D:\fluentapps\repos\ReactorUWP.core\ReactorUWP.core\Core\RenderContext.cs(1057,33): error CS0234: 命名空间“Microsoft.UI.Reactor”中不存在类型或命名空间名“ReactorWindow”(是否缺少程序集引用?) [D:\fluentapps\repos\ReactorUWP.core\ReactorUWP.core\ReactorUWP.core.csproj]
D:\fluentapps\repos\ReactorUWP.core\ReactorUWP.core\Core\RenderContext.cs(1116,47): error CS0234: 命名空间“Microsoft.UI.Reactor”中不存在类型或命名空间名“DisplayInfo”(是否缺少程序集引用?) [D:\fluentapps\repos\ReactorUWP.core\ReactorUWP.core\ReactorUWP.core.csproj]
D:\fluentapps\repos\ReactorUWP.core\ReactorUWP.core\Core\RenderContext.cs(1191,69): error CS0234: 命名空间“Microsoft.UI.Reactor”中不存在类型或命名空间名“ReactorWindow”(是否缺少程序集引用?) [D:\fluentapps\repos\ReactorUWP.core\ReactorUWP.core\ReactorUWP.core.csproj]
D:\fluentapps\repos\ReactorUWP.core\ReactorUWP.core\Core\RenderContext.cs(1202,33): error CS0234: 命名空间“Microsoft.UI.Reactor”中不存在类型或命名空间名“WindowState”(是否缺少程序集引用?) [D:\fluentapps\repos\ReactorUWP.core\ReactorUWP.core\ReactorUWP.core.csproj]
D:\fluentapps\repos\ReactorUWP.core\ReactorUWP.core\Core\RenderContext.cs(1311,30): error CS0234: 命名空间“Microsoft.UI.Reactor”中不存在类型或命名空间名“WindowKey”(是否缺少程序集引用?) [D:\fluentapps\repos\ReactorUWP.core\ReactorUWP.core\ReactorUWP.core.csproj]
D:\fluentapps\repos\ReactorUWP.core\ReactorUWP.core\Core\RenderContext.cs(1312,30): error CS0234: 命名空间“Microsoft.UI.Reactor”中不存在类型或命名空间名“WindowSpec”(是否缺少程序集引用?) [D:\fluentapps\repos\ReactorUWP.core\ReactorUWP.core\ReactorUWP.core.csproj]
D:\fluentapps\repos\ReactorUWP.core\ReactorUWP.core\Core\RenderContext.cs(1310,33): error CS0234: 命名空间“Microsoft.UI.Reactor”中不存在类型或命名空间名“ReactorWindow”(是否缺少程序集引用?) [D:\fluentapps\repos\ReactorUWP.core\ReactorUWP.core\ReactorUWP.core.csproj]
D:\fluentapps\repos\ReactorUWP.core\ReactorUWP.core\Core\RenderContext.cs(1421,83): error CS0234: 命名空间“Microsoft.UI.Reactor”中不存在类型或命名空间名“TrayIconSpec”(是否缺少程序集引用?) [D:\fluentapps\repos\ReactorUWP.core\ReactorUWP.core\ReactorUWP.core.csproj]
D:\fluentapps\repos\ReactorUWP.core\ReactorUWP.core\Core\RenderContext.cs(1421,33): error CS0234: 命名空间“Microsoft.UI.Reactor”中不存在类型或命名空间名“ReactorTrayIcon”(是否缺少程序集引用?) [D:\fluentapps\repos\ReactorUWP.core\ReactorUWP.core\ReactorUWP.core.csproj]
D:\fluentapps\repos\ReactorUWP.core\ReactorUWP.core\Core\V1Protocol\Descriptor\Descriptors\InfoBadgeDescriptor.cs(47,49): error CS0234: 命名空间“Windows.UI.Xaml.Controls”中不存在类型或命名空间名“InfoBadge”(是否缺少程序集引用?) [D:\fluentapps\repos\ReactorUWP.core\ReactorUWP.core\ReactorUWP.core.csproj]
D:\fluentapps\repos\ReactorUWP.core\ReactorUWP.core\Core\V1Protocol\Descriptor\Descriptors\InfoBarDescriptor.cs(47,62): error CS0234: 命名空间“Windows.UI.Xaml.Controls”中不存在类型或命名空间名“InfoBar”(是否缺少程序集引用?) [D:\fluentapps\repos\ReactorUWP.core\ReactorUWP.core\ReactorUWP.core.csproj]
D:\fluentapps\repos\ReactorUWP.core\ReactorUWP.core\Core\V1Protocol\Descriptor\Descriptors\InfoBarDescriptor.cs(59,53): error CS0234: 命名空间“Windows.UI.Xaml.Controls”中不存在类型或命名空间名“InfoBar”(是否缺少程序集引用?) [D:\fluentapps\repos\ReactorUWP.core\ReactorUWP.core\ReactorUWP.core.csproj]
D:\fluentapps\repos\ReactorUWP.core\ReactorUWP.core\Core\V1Protocol\Descriptor\Descriptors\InfoBarDescriptor.cs(59,68): error CS0234: 命名空间“Windows.UI.Xaml.Controls”中不存在类型或命名空间名“InfoBarClosedEventArgs”(是否缺少程序集引用?) [D:\fluentapps\repos\ReactorUWP.core\ReactorUWP.core\ReactorUWP.core.csproj]
D:\fluentapps\repos\ReactorUWP.core\ReactorUWP.core\Core\V1Protocol\Descriptor\Descriptors\InfoBarDescriptor.cs(63,68): error CS0234: 命名空间“Windows.UI.Xaml.Controls”中不存在类型或命名空间名“InfoBar”(是否缺少程序集引用?) [D:\fluentapps\repos\ReactorUWP.core\ReactorUWP.core\ReactorUWP.core.csproj]
D:\fluentapps\repos\ReactorUWP.core\ReactorUWP.core\Core\V1Protocol\Descriptor\Descriptors\InfoBarDescriptor.cs(133,47): error CS0234: 命名空间“Windows.UI.Xaml.Controls”中不存在类型或命名空间名“InfoBar”(是否缺少程序集引用?) [D:\fluentapps\repos\ReactorUWP.core\ReactorUWP.core\ReactorUWP.core.csproj]
D:\fluentapps\repos\ReactorUWP.core\ReactorUWP.core\Core\V1Protocol\Descriptor\Descriptors\ItemContainerDescriptor.cs(18,74): error CS0234: 命名空间“Windows.UI.Xaml.Controls”中不存在类型或命名空间名“ItemContainer”(是否缺少程序集引用?) [D:\fluentapps\repos\ReactorUWP.core\ReactorUWP.core\ReactorUWP.core.csproj]
D:\fluentapps\repos\ReactorUWP.core\ReactorUWP.core\Core\V1Protocol\Descriptor\Descriptors\ItemContainerDescriptor.cs(38,53): error CS0234: 命名空间“Windows.UI.Xaml.Controls”中不存在类型或命名空间名“ItemContainer”(是否缺少程序集引用?) [D:\fluentapps\repos\ReactorUWP.core\ReactorUWP.core\ReactorUWP.core.csproj]
D:\fluentapps\repos\ReactorUWP.core\ReactorUWP.core\Core\V1Protocol\Descriptor\Descriptors\ItemsRepeaterDescriptor.cs(40,78): error CS0234: 命名空间“Windows.UI.Xaml.Controls”中不存在类型或命名空间名“ItemsRepeater”(是否缺少程序集引用?) [D:\fluentapps\repos\ReactorUWP.core\ReactorUWP.core\ReactorUWP.core.csproj]
D:\fluentapps\repos\ReactorUWP.core\ReactorUWP.core\Core\V1Protocol\Descriptor\Descriptors\ItemsViewDescriptor.cs(74,26): error CS0234: 命名空间“Windows.UI.Xaml.Controls”中不存在类型或命名空间名“Layout”(是否缺少程序集引用?) [D:\fluentapps\repos\ReactorUWP.core\ReactorUWP.core\ReactorUWP.core.csproj]
D:\fluentapps\repos\ReactorUWP.core\ReactorUWP.core\Core\V1Protocol\Descriptor\Descriptors\ItemsViewDescriptor.cs(20,53): error CS0234: 命名空间“Windows.UI.Xaml.Controls”中不存在类型或命名空间名“ItemsView”(是否缺少程序集引用?) [D:\fluentapps\repos\ReactorUWP.core\ReactorUWP.core\ReactorUWP.core.csproj]
D:\fluentapps\repos\ReactorUWP.core\ReactorUWP.core\Core\V1Protocol\Descriptor\Descriptors\ItemsViewDescriptor.cs(20,70): error CS0234: 命名空间“Windows.UI.Xaml.Controls”中不存在类型或命名空间名“ItemsViewItemInvokedEventArgs”(是否缺少程序集引用?) [D:\fluentapps\repos\ReactorUWP.core\ReactorUWP.core\ReactorUWP.core.csproj]
D:\fluentapps\repos\ReactorUWP.core\ReactorUWP.core\Core\V1Protocol\Descriptor\Descriptors\ItemsViewDescriptor.cs(29,53): error CS0234: 命名空间“Windows.UI.Xaml.Controls”中不存在类型或命名空间名“ItemsView”(是否缺少程序集引用?) [D:\fluentapps\repos\ReactorUWP.core\ReactorUWP.core\ReactorUWP.core.csproj]
D:\fluentapps\repos\ReactorUWP.core\ReactorUWP.core\Core\V1Protocol\Descriptor\Descriptors\ItemsViewDescriptor.cs(29,70): error CS0234: 命名空间“Windows.UI.Xaml.Controls”中不存在类型或命名空间名“ItemsViewSelectionChangedEventArgs”(是否缺少程序集引用?) [D:\fluentapps\repos\ReactorUWP.core\ReactorUWP.core\ReactorUWP.core.csproj]
D:\fluentapps\repos\ReactorUWP.core\ReactorUWP.core\Core\V1Protocol\Descriptor\Descriptors\ItemsViewDescriptor.cs(49,74): error CS0234: 命名空间“Windows.UI.Xaml.Controls”中不存在类型或命名空间名“ItemsView”(是否缺少程序集引用?) [D:\fluentapps\repos\ReactorUWP.core\ReactorUWP.core\ReactorUWP.core.csproj]
D:\fluentapps\repos\ReactorUWP.core\ReactorUWP.core\Core\V1Protocol\Descriptor\Descriptors\LazyStackDescriptor.cs(45,74): error CS0234: 命名空间“Windows.UI.Xaml.Controls”中不存在类型或命名空间名“ItemsRepeater”(是否缺少程序集引用?) [D:\fluentapps\repos\ReactorUWP.core\ReactorUWP.core\ReactorUWP.core.csproj]
D:\fluentapps\repos\ReactorUWP.core\ReactorUWP.core\Core\V1Protocol\Descriptor\Descriptors\MapControlDescriptor.cs(17,71): error CS0234: 命名空间“Windows.UI.Xaml.Controls”中不存在类型或命名空间名“MapControl”(是否缺少程序集引用?) [D:\fluentapps\repos\ReactorUWP.core\ReactorUWP.core\ReactorUWP.core.csproj]
D:\fluentapps\repos\ReactorUWP.core\ReactorUWP.core\Core\V1Protocol\Descriptor\Descriptors\MapControlDescriptor.cs(38,50): error CS0234: 命名空间“Windows.UI.Xaml.Controls”中不存在类型或命名空间名“MapControl”(是否缺少程序集引用?) [D:\fluentapps\repos\ReactorUWP.core\ReactorUWP.core\ReactorUWP.core.csproj]
D:\fluentapps\repos\ReactorUWP.core\ReactorUWP.core\Core\V1Protocol\Descriptor\Descriptors\NumberBoxDescriptor.cs(52,53): error CS0234: 命名空间“Windows.UI.Xaml.Controls”中不存在类型或命名空间名“NumberBox”(是否缺少程序集引用?) [D:\fluentapps\repos\ReactorUWP.core\ReactorUWP.core\ReactorUWP.core.csproj]
D:\fluentapps\repos\ReactorUWP.core\ReactorUWP.core\Core\V1Protocol\Descriptor\Descriptors\NumberBoxDescriptor.cs(52,70): error CS0234: 命名空间“Windows.UI.Xaml.Controls”中不存在类型或命名空间名“NumberBoxValueChangedEventArgs”(是否缺少程序集引用?) [D:\fluentapps\repos\ReactorUWP.core\ReactorUWP.core\ReactorUWP.core.csproj]
D:\fluentapps\repos\ReactorUWP.core\ReactorUWP.core\Core\V1Protocol\Descriptor\Descriptors\NumberBoxDescriptor.cs(60,70): error CS0234: 命名空间“Windows.UI.Xaml.Controls”中不存在类型或命名空间名“NumberBox”(是否缺少程序集引用?) [D:\fluentapps\repos\ReactorUWP.core\ReactorUWP.core\ReactorUWP.core.csproj]
D:\fluentapps\repos\ReactorUWP.core\ReactorUWP.core\Core\V1Protocol\Descriptor\Descriptors\NumberBoxDescriptor.cs(147,49): error CS0234: 命名空间“Windows.UI.Xaml.Controls”中不存在类型或命名空间名“NumberBox”(是否缺少程序集引用?) [D:\fluentapps\repos\ReactorUWP.core\ReactorUWP.core\ReactorUWP.core.csproj]
D:\fluentapps\repos\ReactorUWP.core\ReactorUWP.core\Core\V1Protocol\Descriptor\Descriptors\PipsPagerDescriptor.cs(32,53): error CS0234: 命名空间“Windows.UI.Xaml.Controls”中不存在类型或命名空间名“PipsPager”(是否缺少程序集引用?) [D:\fluentapps\repos\ReactorUWP.core\ReactorUWP.core\ReactorUWP.core.csproj]
D:\fluentapps\repos\ReactorUWP.core\ReactorUWP.core\Core\V1Protocol\Descriptor\Descriptors\PipsPagerDescriptor.cs(32,70): error CS0234: 命名空间“Windows.UI.Xaml.Controls”中不存在类型或命名空间名“PipsPagerSelectedIndexChangedEventArgs”(是否缺少程序集引用?) [D:\fluentapps\repos\ReactorUWP.core\ReactorUWP.core\ReactorUWP.core.csproj]
D:\fluentapps\repos\ReactorUWP.core\ReactorUWP.core\Core\V1Protocol\Descriptor\Descriptors\PipsPagerDescriptor.cs(41,70): error CS0234: 命名空间“Windows.UI.Xaml.Controls”中不存在类型或命名空间名“PipsPager”(是否缺少程序集引用?) [D:\fluentapps\repos\ReactorUWP.core\ReactorUWP.core\ReactorUWP.core.csproj]
D:\fluentapps\repos\ReactorUWP.core\ReactorUWP.core\Core\V1Protocol\Descriptor\Descriptors\PipsPagerDescriptor.cs(83,49): error CS0234: 命名空间“Windows.UI.Xaml.Controls”中不存在类型或命名空间名“PipsPager”(是否缺少程序集引用?) [D:\fluentapps\repos\ReactorUWP.core\ReactorUWP.core\ReactorUWP.core.csproj]
D:\fluentapps\repos\ReactorUWP.core\ReactorUWP.core\Core\V1Protocol\Descriptor\Descriptors\RadioButtonsDescriptor.cs(54,73): error CS0234: 命名空间“Windows.UI.Xaml.Controls”中不存在类型或命名空间名“RadioButtons”(是否缺少程序集引用?) [D:\fluentapps\repos\ReactorUWP.core\ReactorUWP.core\ReactorUWP.core.csproj]
D:\fluentapps\repos\ReactorUWP.core\ReactorUWP.core\Core\V1Protocol\Descriptor\Descriptors\RadioButtonsDescriptor.cs(89,52): error CS0234: 命名空间“Windows.UI.Xaml.Controls”中不存在类型或命名空间名“RadioButtons”(是否缺少程序集引用?) [D:\fluentapps\repos\ReactorUWP.core\ReactorUWP.core\ReactorUWP.core.csproj]
D:\fluentapps\repos\ReactorUWP.core\ReactorUWP.core\Core\V1Protocol\Descriptor\Descriptors\ScrollViewDescriptor.cs(35,68): error CS0234: 命名空间“Windows.UI.Xaml.Controls”中不存在类型或命名空间名“ScrollView”(是否缺少程序集引用?) [D:\fluentapps\repos\ReactorUWP.core\ReactorUWP.core\ReactorUWP.core.csproj]
D:\fluentapps\repos\ReactorUWP.core\ReactorUWP.core\Core\V1Protocol\Descriptor\Descriptors\ScrollViewDescriptor.cs(43,53): error CS0234: 命名空间“Windows.UI.Xaml.Controls”中不存在类型或命名空间名“ScrollView”(是否缺少程序集引用?) [D:\fluentapps\repos\ReactorUWP.core\ReactorUWP.core\ReactorUWP.core.csproj]
D:\fluentapps\repos\ReactorUWP.core\ReactorUWP.core\Core\V1Protocol\Descriptor\Descriptors\ScrollViewDescriptor.cs(48,71): error CS0234: 命名空间“Windows.UI.Xaml.Controls”中不存在类型或命名空间名“ScrollView”(是否缺少程序集引用?) [D:\fluentapps\repos\ReactorUWP.core\ReactorUWP.core\ReactorUWP.core.csproj]
D:\fluentapps\repos\ReactorUWP.core\ReactorUWP.core\Core\V1Protocol\Descriptor\Descriptors\ScrollViewDescriptor.cs(98,50): error CS0234: 命名空间“Windows.UI.Xaml.Controls”中不存在类型或命名空间名“ScrollView”(是否缺少程序集引用?) [D:\fluentapps\repos\ReactorUWP.core\ReactorUWP.core\ReactorUWP.core.csproj]
D:\fluentapps\repos\ReactorUWP.core\ReactorUWP.core\Core\V1Protocol\Descriptor\Descriptors\SelectorBarDescriptor.cs(33,53): error CS0234: 命名空间“Windows.UI.Xaml.Controls”中不存在类型或命名空间名“SelectorBar”(是否缺少程序集引用?) [D:\fluentapps\repos\ReactorUWP.core\ReactorUWP.core\ReactorUWP.core.csproj]
D:\fluentapps\repos\ReactorUWP.core\ReactorUWP.core\Core\V1Protocol\Descriptor\Descriptors\SelectorBarDescriptor.cs(33,72): error CS0234: 命名空间“Windows.UI.Xaml.Controls”中不存在类型或命名空间名“SelectorBarSelectionChangedEventArgs”(是否缺少程序集引用?) [D:\fluentapps\repos\ReactorUWP.core\ReactorUWP.core\ReactorUWP.core.csproj]
D:\fluentapps\repos\ReactorUWP.core\ReactorUWP.core\Core\V1Protocol\Descriptor\Descriptors\SelectorBarDescriptor.cs(43,72): error CS0234: 命名空间“Windows.UI.Xaml.Controls”中不存在类型或命名空间名“SelectorBar”(是否缺少程序集引用?) [D:\fluentapps\repos\ReactorUWP.core\ReactorUWP.core\ReactorUWP.core.csproj]
D:\fluentapps\repos\ReactorUWP.core\ReactorUWP.core\Core\V1Protocol\Descriptor\Descriptors\SelectorBarDescriptor.cs(120,51): error CS0234: 命名空间“Windows.UI.Xaml.Controls”中不存在类型或命名空间名“SelectorBar”(是否缺少程序集引用?) [D:\fluentapps\repos\ReactorUWP.core\ReactorUWP.core\ReactorUWP.core.csproj]
D:\fluentapps\repos\ReactorUWP.core\ReactorUWP.core\Core\V1Protocol\Descriptor\Descriptors\WebView2Descriptor.cs(19,53): error CS0234: 命名空间“Windows.UI.Xaml.Controls”中不存在类型或命名空间名“WebView2”(是否缺少程序集引用?) [D:\fluentapps\repos\ReactorUWP.core\ReactorUWP.core\ReactorUWP.core.csproj]
D:\fluentapps\repos\ReactorUWP.core\ReactorUWP.core\Core\V1Protocol\Descriptor\Descriptors\WebView2Descriptor.cs(26,53): error CS0234: 命名空间“Windows.UI.Xaml.Controls”中不存在类型或命名空间名“WebView2”(是否缺少程序集引用?) [D:\fluentapps\repos\ReactorUWP.core\ReactorUWP.core\ReactorUWP.core.csproj]
D:\fluentapps\repos\ReactorUWP.core\ReactorUWP.core\Core\V1Protocol\Descriptor\Descriptors\WebView2Descriptor.cs(30,53): error CS0234: 命名空间“Windows.UI.Xaml.Controls”中不存在类型或命名空间名“WebView2”(是否缺少程序集引用?) [D:\fluentapps\repos\ReactorUWP.core\ReactorUWP.core\ReactorUWP.core.csproj]
D:\fluentapps\repos\ReactorUWP.core\ReactorUWP.core\Core\V1Protocol\Descriptor\Descriptors\WebView2Descriptor.cs(40,53): error CS0234: 命名空间“Windows.UI.Xaml.Controls”中不存在类型或命名空间名“WebView2”(是否缺少程序集引用?) [D:\fluentapps\repos\ReactorUWP.core\ReactorUWP.core\ReactorUWP.core.csproj]
D:\fluentapps\repos\ReactorUWP.core\ReactorUWP.core\Core\V1Protocol\Descriptor\Descriptors\WebView2Descriptor.cs(40,69): error CS0234: 命名空间“Windows.UI.Xaml.Controls”中不存在类型或命名空间名“CoreWebView2InitializedEventArgs”(是否缺少程序集引用?) [D:\fluentapps\repos\ReactorUWP.core\ReactorUWP.core\ReactorUWP.core.csproj]
D:\fluentapps\repos\ReactorUWP.core\ReactorUWP.core\Core\V1Protocol\Descriptor\Descriptors\WebView2Descriptor.cs(44,69): error CS0234: 命名空间“Windows.UI.Xaml.Controls”中不存在类型或命名空间名“WebView2”(是否缺少程序集引用?) [D:\fluentapps\repos\ReactorUWP.core\ReactorUWP.core\ReactorUWP.core.csproj]
D:\fluentapps\repos\ReactorUWP.core\ReactorUWP.core\Core\V1Protocol\Descriptor\Descriptors\WebView2Descriptor.cs(90,48): error CS0234: 命名空间“Windows.UI.Xaml.Controls”中不存在类型或命名空间名“WebView2”(是否缺少程序集引用?) [D:\fluentapps\repos\ReactorUWP.core\ReactorUWP.core\ReactorUWP.core.csproj]
D:\fluentapps\repos\ReactorUWP.core\ReactorUWP.core\Core\V1Protocol\Descriptor\Descriptors\TabViewDescriptor.cs(65,53): error CS0234: 命名空间“Windows.UI.Xaml.Controls”中不存在类型或命名空间名“TabView”(是否缺少程序集引用?) [D:\fluentapps\repos\ReactorUWP.core\ReactorUWP.core\ReactorUWP.core.csproj]
D:\fluentapps\repos\ReactorUWP.core\ReactorUWP.core\Core\V1Protocol\Descriptor\Descriptors\TabViewDescriptor.cs(65,68): error CS0234: 命名空间“Windows.UI.Xaml.Controls”中不存在类型或命名空间名“TabViewTabCloseRequestedEventArgs”(是否缺少程序集引用?) [D:\fluentapps\repos\ReactorUWP.core\ReactorUWP.core\ReactorUWP.core.csproj]
D:\fluentapps\repos\ReactorUWP.core\ReactorUWP.core\Core\V1Protocol\Descriptor\Descriptors\TabViewDescriptor.cs(73,53): error CS0234: 命名空间“Windows.UI.Xaml.Controls”中不存在类型或命名空间名“TabView”(是否缺少程序集引用?) [D:\fluentapps\repos\ReactorUWP.core\ReactorUWP.core\ReactorUWP.core.csproj]
D:\fluentapps\repos\ReactorUWP.core\ReactorUWP.core\Core\V1Protocol\Descriptor\Descriptors\XamlHostDescriptor.cs(17,53): error CS0246: 未能找到类型或命名空间名“XamlHostElement”(是否缺少 using 指令或程序集引用?) [D:\fluentapps\repos\ReactorUWP.core\ReactorUWP.core\ReactorUWP.core.csproj]
D:\fluentapps\repos\ReactorUWP.core\ReactorUWP.core\Core\V1Protocol\Descriptor\Descriptors\TabViewDescriptor.cs(80,53): error CS0234: 命名空间“Windows.UI.Xaml.Controls”中不存在类型或命名空间名“TabView”(是否缺少程序集引用?) [D:\fluentapps\repos\ReactorUWP.core\ReactorUWP.core\ReactorUWP.core.csproj]
D:\fluentapps\repos\ReactorUWP.core\ReactorUWP.core\Core\V1Protocol\Descriptor\Descriptors\TabViewDescriptor.cs(80,68): error CS0234: 命名空间“Windows.UI.Xaml.Controls”中不存在类型或命名空间名“TabViewTabDragStartingEventArgs”(是否缺少程序集引用?) [D:\fluentapps\repos\ReactorUWP.core\ReactorUWP.core\ReactorUWP.core.csproj]
D:\fluentapps\repos\ReactorUWP.core\ReactorUWP.core\Core\V1Protocol\Descriptor\Descriptors\XamlHostDescriptor.cs(19,69): error CS0246: 未能找到类型或命名空间名“XamlHostElement”(是否缺少 using 指令或程序集引用?) [D:\fluentapps\repos\ReactorUWP.core\ReactorUWP.core\ReactorUWP.core.csproj]
D:\fluentapps\repos\ReactorUWP.core\ReactorUWP.core\Core\V1Protocol\Descriptor\Descriptors\XamlHostDescriptor.cs(21,50): error CS0246: 未能找到类型或命名空间名“XamlHostElement”(是否缺少 using 指令或程序集引用?) [D:\fluentapps\repos\ReactorUWP.core\ReactorUWP.core\ReactorUWP.core.csproj]
D:\fluentapps\repos\ReactorUWP.core\ReactorUWP.core\Core\V1Protocol\Descriptor\Descriptors\XamlHostDescriptor.cs(29,52): error CS0246: 未能找到类型或命名空间名“XamlHostElement”(是否缺少 using 指令或程序集引用?) [D:\fluentapps\repos\ReactorUWP.core\ReactorUWP.core\ReactorUWP.core.csproj]
D:\fluentapps\repos\ReactorUWP.core\ReactorUWP.core\Core\V1Protocol\Descriptor\Descriptors\XamlHostDescriptor.cs(29,75): error CS0246: 未能找到类型或命名空间名“XamlHostElement”(是否缺少 using 指令或程序集引用?) [D:\fluentapps\repos\ReactorUWP.core\ReactorUWP.core\ReactorUWP.core.csproj]
D:\fluentapps\repos\ReactorUWP.core\ReactorUWP.core\Core\V1Protocol\Descriptor\Descriptors\XamlHostDescriptor.cs(37,65): error CS0246: 未能找到类型或命名空间名“XamlHostElement”(是否缺少 using 指令或程序集引用?) [D:\fluentapps\repos\ReactorUWP.core\ReactorUWP.core\ReactorUWP.core.csproj]
D:\fluentapps\repos\ReactorUWP.core\ReactorUWP.core\Core\V1Protocol\Descriptor\Descriptors\XamlHostDescriptor.cs(19,44): error CS0535: “XamlHostDescriptor.XamlHostHandler”不实现接口成员“IDecoratorElementHandler<XamlHostElement>.Unmount(UnmountContext, XamlHostElement?, UIElement)” [D:\fluentapps\repos\ReactorUWP.core\ReactorUWP.core\ReactorUWP.core.csproj]
D:\fluentapps\repos\ReactorUWP.core\ReactorUWP.core\Core\V1Protocol\Descriptor\Descriptors\XamlPageDescriptor.cs(18,53): error CS0246: 未能找到类型或命名空间名“XamlPageElement”(是否缺少 using 指令或程序集引用?) [D:\fluentapps\repos\ReactorUWP.core\ReactorUWP.core\ReactorUWP.core.csproj]
D:\fluentapps\repos\ReactorUWP.core\ReactorUWP.core\Core\V1Protocol\Descriptor\Descriptors\XamlPageDescriptor.cs(20,69): error CS0246: 未能找到类型或命名空间名“XamlPageElement”(是否缺少 using 指令或程序集引用?) [D:\fluentapps\repos\ReactorUWP.core\ReactorUWP.core\ReactorUWP.core.csproj]
D:\fluentapps\repos\ReactorUWP.core\ReactorUWP.core\Core\V1Protocol\Descriptor\Descriptors\XamlPageDescriptor.cs(22,50): error CS0246: 未能找到类型或命名空间名“XamlPageElement”(是否缺少 using 指令或程序集引用?) [D:\fluentapps\repos\ReactorUWP.core\ReactorUWP.core\ReactorUWP.core.csproj]
D:\fluentapps\repos\ReactorUWP.core\ReactorUWP.core\Core\V1Protocol\Descriptor\Descriptors\XamlPageDescriptor.cs(30,52): error CS0246: 未能找到类型或命名空间名“XamlPageElement”(是否缺少 using 指令或程序集引用?) [D:\fluentapps\repos\ReactorUWP.core\ReactorUWP.core\ReactorUWP.core.csproj]
D:\fluentapps\repos\ReactorUWP.core\ReactorUWP.core\Core\V1Protocol\Descriptor\Descriptors\XamlPageDescriptor.cs(30,75): error CS0246: 未能找到类型或命名空间名“XamlPageElement”(是否缺少 using 指令或程序集引用?) [D:\fluentapps\repos\ReactorUWP.core\ReactorUWP.core\ReactorUWP.core.csproj]
D:\fluentapps\repos\ReactorUWP.core\ReactorUWP.core\Core\V1Protocol\Descriptor\Descriptors\XamlPageDescriptor.cs(39,65): error CS0246: 未能找到类型或命名空间名“XamlPageElement”(是否缺少 using 指令或程序集引用?) [D:\fluentapps\repos\ReactorUWP.core\ReactorUWP.core\ReactorUWP.core.csproj]
D:\fluentapps\repos\ReactorUWP.core\ReactorUWP.core\Core\V1Protocol\Descriptor\Descriptors\XamlPageDescriptor.cs(20,44): error CS0535: “XamlPageDescriptor.XamlPageHandler”不实现接口成员“IDecoratorElementHandler<XamlPageElement>.Unmount(UnmountContext, XamlPageElement?, UIElement)” [D:\fluentapps\repos\ReactorUWP.core\ReactorUWP.core\ReactorUWP.core.csproj]
D:\fluentapps\repos\ReactorUWP.core\ReactorUWP.core\Core\V1Protocol\Descriptor\Descriptors\TabViewDescriptor.cs(92,53): error CS0234: 命名空间“Windows.UI.Xaml.Controls”中不存在类型或命名空间名“TabView”(是否缺少程序集引用?) [D:\fluentapps\repos\ReactorUWP.core\ReactorUWP.core\ReactorUWP.core.csproj]
D:\fluentapps\repos\ReactorUWP.core\ReactorUWP.core\Core\V1Protocol\Descriptor\Descriptors\TabViewDescriptor.cs(92,68): error CS0234: 命名空间“Windows.UI.Xaml.Controls”中不存在类型或命名空间名“TabViewTabDragCompletedEventArgs”(是否缺少程序集引用?) [D:\fluentapps\repos\ReactorUWP.core\ReactorUWP.core\ReactorUWP.core.csproj]
D:\fluentapps\repos\ReactorUWP.core\ReactorUWP.core\Core\V1Protocol\Descriptor\Descriptors\TabViewDescriptor.cs(102,68): error CS0234: 命名空间“Windows.UI.Xaml.Controls”中不存在类型或命名空间名“TabView”(是否缺少程序集引用?) [D:\fluentapps\repos\ReactorUWP.core\ReactorUWP.core\ReactorUWP.core.csproj]
D:\fluentapps\repos\ReactorUWP.core\ReactorUWP.core\Core\V1Protocol\Descriptor\Descriptors\TabViewDescriptor.cs(228,47): error CS0234: 命名空间“Windows.UI.Xaml.Controls”中不存在类型或命名空间名“TabView”(是否缺少程序集引用?) [D:\fluentapps\repos\ReactorUWP.core\ReactorUWP.core\ReactorUWP.core.csproj]
D:\fluentapps\repos\ReactorUWP.core\ReactorUWP.core\Core\V1Protocol\Descriptor\Descriptors\TeachingTipDescriptor.cs(50,66): error CS0234: 命名空间“Windows.UI.Xaml.Controls”中不存在类型或命名空间名“TeachingTip”(是否缺少程序集引用?) [D:\fluentapps\repos\ReactorUWP.core\ReactorUWP.core\ReactorUWP.core.csproj]
D:\fluentapps\repos\ReactorUWP.core\ReactorUWP.core\Core\V1Protocol\Descriptor\Descriptors\TeachingTipDescriptor.cs(69,53): error CS0234: 命名空间“Windows.UI.Xaml.Controls”中不存在类型或命名空间名“TeachingTip”(是否缺少程序集引用?) [D:\fluentapps\repos\ReactorUWP.core\ReactorUWP.core\ReactorUWP.core.csproj]
D:\fluentapps\repos\ReactorUWP.core\ReactorUWP.core\Core\V1Protocol\Descriptor\Descriptors\TeachingTipDescriptor.cs(74,53): error CS0234: 命名空间“Windows.UI.Xaml.Controls”中不存在类型或命名空间名“TeachingTip”(是否缺少程序集引用?) [D:\fluentapps\repos\ReactorUWP.core\ReactorUWP.core\ReactorUWP.core.csproj]
D:\fluentapps\repos\ReactorUWP.core\ReactorUWP.core\Core\V1Protocol\Descriptor\Descriptors\TeachingTipDescriptor.cs(74,72): error CS0234: 命名空间“Windows.UI.Xaml.Controls”中不存在类型或命名空间名“TeachingTipClosedEventArgs”(是否缺少程序集引用?) [D:\fluentapps\repos\ReactorUWP.core\ReactorUWP.core\ReactorUWP.core.csproj]
D:\fluentapps\repos\ReactorUWP.core\ReactorUWP.core\Core\V1Protocol\Descriptor\Descriptors\TeachingTipDescriptor.cs(79,72): error CS0234: 命名空间“Windows.UI.Xaml.Controls”中不存在类型或命名空间名“TeachingTip”(是否缺少程序集引用?) [D:\fluentapps\repos\ReactorUWP.core\ReactorUWP.core\ReactorUWP.core.csproj]
D:\fluentapps\repos\ReactorUWP.core\ReactorUWP.core\Core\V1Protocol\Descriptor\Descriptors\TeachingTipDescriptor.cs(146,51): error CS0234: 命名空间“Windows.UI.Xaml.Controls”中不存在类型或命名空间名“TeachingTip”(是否缺少程序集引用?) [D:\fluentapps\repos\ReactorUWP.core\ReactorUWP.core\ReactorUWP.core.csproj]
D:\fluentapps\repos\ReactorUWP.core\ReactorUWP.core\Core\V1Protocol\Descriptor\Descriptors\TitleBarDescriptor.cs(97,54): error CS0234: 命名空间“Windows.UI.Xaml.Controls”中不存在类型或命名空间名“TitleBar”(是否缺少程序集引用?) [D:\fluentapps\repos\ReactorUWP.core\ReactorUWP.core\ReactorUWP.core.csproj]
D:\fluentapps\repos\ReactorUWP.core\ReactorUWP.core\Core\V1Protocol\Descriptor\Descriptors\TitleBarDescriptor.cs(19,63): error CS0234: 命名空间“Windows.UI.Xaml.Controls”中不存在类型或命名空间名“TitleBar”(是否缺少程序集引用?) [D:\fluentapps\repos\ReactorUWP.core\ReactorUWP.core\ReactorUWP.core.csproj]
D:\fluentapps\repos\ReactorUWP.core\ReactorUWP.core\Core\V1Protocol\Descriptor\Descriptors\TitleBarDescriptor.cs(38,53): error CS0234: 命名空间“Windows.UI.Xaml.Controls”中不存在类型或命名空间名“TitleBar”(是否缺少程序集引用?) [D:\fluentapps\repos\ReactorUWP.core\ReactorUWP.core\ReactorUWP.core.csproj]
D:\fluentapps\repos\ReactorUWP.core\ReactorUWP.core\Core\V1Protocol\Descriptor\Descriptors\TitleBarDescriptor.cs(42,53): error CS0234: 命名空间“Windows.UI.Xaml.Controls”中不存在类型或命名空间名“TitleBar”(是否缺少程序集引用?) [D:\fluentapps\repos\ReactorUWP.core\ReactorUWP.core\ReactorUWP.core.csproj]
D:\fluentapps\repos\ReactorUWP.core\ReactorUWP.core\Core\V1Protocol\Descriptor\Descriptors\TitleBarDescriptor.cs(46,69): error CS0234: 命名空间“Windows.UI.Xaml.Controls”中不存在类型或命名空间名“TitleBar”(是否缺少程序集引用?) [D:\fluentapps\repos\ReactorUWP.core\ReactorUWP.core\ReactorUWP.core.csproj]
D:\fluentapps\repos\ReactorUWP.core\ReactorUWP.core\Core\V1Protocol\Descriptor\Descriptors\TitleBarDescriptor.cs(116,94): error CS0234: 命名空间“Windows.UI.Xaml.Controls”中不存在类型或命名空间名“TitleBar”(是否缺少程序集引用?) [D:\fluentapps\repos\ReactorUWP.core\ReactorUWP.core\ReactorUWP.core.csproj]
    10 个警告
    647 个错误

已用时间 00:00:06.15
